epsilon,lp_normalized_mean,stage,z,completion,exact_upper_mean,excess,mask,note,reference
0,1,three_state,0,"0,0,1",1,0,1,Prescribed bad states; fixed laws need not attain the class-wide frontier,"0,0,1"
0,1,three_state,0,"0,0,1",1,0,2,Prescribed bad states; fixed laws need not attain the class-wide frontier,"0,0,1"
0,1,three_state,0,"0,0,1",1,0,3,Prescribed bad states; fixed laws need not attain the class-wide frontier,"0,0,1"
0,-0,three_state,1,"0,0,1",0,-0,4,Prescribed bad states; fixed laws need not attain the class-wide frontier,"0,0,1"
0,-0,three_state,1,"0,0,1",0,-0,5,Prescribed bad states; fixed laws need not attain the class-wide frontier,"0,0,1"
0,-0,three_state,1,"0,0,1",0,-0,6,Prescribed bad states; fixed laws need not attain the class-wide frontier,"0,0,1"
1/4,1,three_state,0,"0,1/4,3/4",1,0,1,Prescribed bad states; fixed laws need not attain the class-wide frontier,"0,0,1"
1/4,0.74999999999999989,three_state,1/4,"0,1/4,3/4",3/4,-1.1102230246251565e-16,2,Prescribed bad states; fixed laws need not attain the class-wide frontier,"0,0,1"
1/4,0.75,three_state,1/4,"0,1/4,3/4",3/4,0,3,Prescribed bad states; fixed laws need not attain the class-wide frontier,"0,0,1"
1/4,0.125,three_state,3/4,"0,1/4,3/4",1/6,-0.041666666666666657,4,Prescribed bad states; fixed laws need not attain the class-wide frontier,"0,0,1"
1/4,0.125,three_state,3/4,"0,1/4,3/4",1/6,-0.041666666666666657,5,Prescribed bad states; fixed laws need not attain the class-wide frontier,"0,0,1"
1/4,-0,three_state,1,"0,1/4,3/4",0,-0,6,Prescribed bad states; fixed laws need not attain the class-wide frontier,"0,0,1"
1/2,1,three_state,0,"0,1/2,1/2",1,0,1,Prescribed bad states; fixed laws need not attain the class-wide frontier,"0,0,1"
1/2,0.49999999999999989,three_state,1/2,"0,1/2,1/2",1/2,-1.1102230246251565e-16,2,Prescribed bad states; fixed laws need not attain the class-wide frontier,"0,0,1"
1/2,0.5,three_state,1/2,"0,1/2,1/2",1/2,0,3,Prescribed bad states; fixed laws need not attain the class-wide frontier,"0,0,1"
1/2,0.25,three_state,1/2,"0,1/2,1/2",1/2,-0.25,4,Prescribed bad states; fixed laws need not attain the class-wide frontier,"0,0,1"
1/2,0.25,three_state,1/2,"0,1/2,1/2",1/2,-0.25,5,Prescribed bad states; fixed laws need not attain the class-wide frontier,"0,0,1"
1/2,-0,three_state,1,"0,1/2,1/2",0,-0,6,Prescribed bad states; fixed laws need not attain the class-wide frontier,"0,0,1"
3/4,1,three_state,0,"0,3/4,1/4",1,0,1,Prescribed bad states; fixed laws need not attain the class-wide frontier,"0,0,1"
3/4,0.24999999999999994,three_state,3/4,"0,3/4,1/4",1/4,-5.5511151231257827e-17,2,Prescribed bad states; fixed laws need not attain the class-wide frontier,"0,0,1"
3/4,0.25000000000000006,three_state,3/4,"0,3/4,1/4",1/4,5.5511151231257827e-17,3,Prescribed bad states; fixed laws need not attain the class-wide frontier,"0,0,1"
3/4,0.375,three_state,1/4,"0,3/4,1/4",3/4,-0.375,4,Prescribed bad states; fixed laws need not attain the class-wide frontier,"0,0,1"
3/4,0.375,three_state,1/4,"0,3/4,1/4",3/4,-0.375,5,Prescribed bad states; fixed laws need not attain the class-wide frontier,"0,0,1"
3/4,-0,three_state,1,"0,3/4,1/4",0,-0,6,Prescribed bad states; fixed laws need not attain the class-wide frontier,"0,0,1"
1,1,three_state,0,"0,1,0",1,0,1,Prescribed bad states; fixed laws need not attain the class-wide frontier,"0,0,1"
1,-0,three_state,1,"0,1,0",0,-0,2,Prescribed bad states; fixed laws need not attain the class-wide frontier,"0,0,1"
1,-0,three_state,1,"0,1,0",0,-0,3,Prescribed bad states; fixed laws need not attain the class-wide frontier,"0,0,1"
1,0.5,three_state,0,"0,1,0",1,-0.5,4,Prescribed bad states; fixed laws need not attain the class-wide frontier,"0,0,1"
1,0.5,three_state,0,"0,1,0",1,-0.5,5,Prescribed bad states; fixed laws need not attain the class-wide frontier,"0,0,1"
1,-0,three_state,1,"0,1,0",0,-0,6,Prescribed bad states; fixed laws need not attain the class-wide frontier,"0,0,1"
1/4,0.74999999999999989,three_state,1/4,"1/4,0,3/4",3/4,-1.1102230246251565e-16,1,Prescribed bad states; fixed laws need not attain the class-wide frontier,"0,0,1"
1/4,1,three_state,0,"1/4,0,3/4",1,0,2,Prescribed bad states; fixed laws need not attain the class-wide frontier,"0,0,1"
1/4,0.75,three_state,1/4,"1/4,0,3/4",3/4,0,3,Prescribed bad states; fixed laws need not attain the class-wide frontier,"0,0,1"
1/4,0.125,three_state,3/4,"1/4,0,3/4",1/6,-0.041666666666666657,4,Prescribed bad states; fixed laws need not attain the class-wide frontier,"0,0,1"
1/4,-0,three_state,1,"1/4,0,3/4",0,-0,5,Prescribed bad states; fixed laws need not attain the class-wide frontier,"0,0,1"
1/4,0.125,three_state,3/4,"1/4,0,3/4",1/6,-0.041666666666666657,6,Prescribed bad states; fixed laws need not attain the class-wide frontier,"0,0,1"
1/2,0.74999999999999989,three_state,1/4,"1/4,1/4,1/2",3/4,-1.1102230246251565e-16,1,Prescribed bad states; fixed laws need not attain the class-wide frontier,"0,0,1"
1/2,0.74999999999999989,three_state,1/4,"1/4,1/4,1/2",3/4,-1.1102230246251565e-16,2,Prescribed bad states; fixed laws need not attain the class-wide frontier,"0,0,1"
1/2,0.49999999999999989,three_state,1/2,"1/4,1/4,1/2",1/2,-1.1102230246251565e-16,3,Prescribed bad states; fixed laws need not attain the class-wide frontier,"0,0,1"
1/2,0.25,three_state,1/2,"1/4,1/4,1/2",1/2,-0.25,4,Prescribed bad states; fixed laws need not attain the class-wide frontier,"0,0,1"
1/2,0.12499999999999999,three_state,3/4,"1/4,1/4,1/2",1/5,-0.075000000000000025,5,Prescribed bad states; fixed laws need not attain the class-wide frontier,"0,0,1"
1/2,0.12499999999999999,three_state,3/4,"1/4,1/4,1/2",1/5,-0.075000000000000025,6,Prescribed bad states; fixed laws need not attain the class-wide frontier,"0,0,1"
3/4,0.74999999999999989,three_state,1/4,"1/4,1/2,1/4",3/4,-1.1102230246251565e-16,1,Prescribed bad states; fixed laws need not attain the class-wide frontier,"0,0,1"
3/4,0.49999999999999989,three_state,1/2,"1/4,1/2,1/4",1/2,-1.1102230246251565e-16,2,Prescribed bad states; fixed laws need not attain the class-wide frontier,"0,0,1"
3/4,0.24999999999999994,three_state,3/4,"1/4,1/2,1/4",1/4,-5.5511151231257827e-17,3,Prescribed bad states; fixed laws need not attain the class-wide frontier,"0,0,1"
3/4,0.375,three_state,1/4,"1/4,1/2,1/4",3/4,-0.375,4,Prescribed bad states; fixed laws need not attain the class-wide frontier,"0,0,1"
3/4,0.24999999999999997,three_state,1/2,"1/4,1/2,1/4",1/2,-0.25,5,Prescribed bad states; fixed laws need not attain the class-wide frontier,"0,0,1"
3/4,0.12499999999999999,three_state,3/4,"1/4,1/2,1/4",1/4,-0.125,6,Prescribed bad states; fixed laws need not attain the class-wide frontier,"0,0,1"
1,0.74999999999999989,three_state,1/4,"1/4,3/4,0",3/4,-1.1102230246251565e-16,1,Prescribed bad states; fixed laws need not attain the class-wide frontier,"0,0,1"
1,0.25,three_state,3/4,"1/4,3/4,0",1/4,0,2,Prescribed bad states; fixed laws need not attain the class-wide frontier,"0,0,1"
1,-5.5511151231257827e-17,three_state,1,"1/4,3/4,0",0,-5.5511151231257827e-17,3,Prescribed bad states; fixed laws need not attain the class-wide frontier,"0,0,1"
1,0.5,three_state,0,"1/4,3/4,0",1,-0.5,4,Prescribed bad states; fixed laws need not attain the class-wide frontier,"0,0,1"
1,0.37499999999999994,three_state,1/4,"1/4,3/4,0",3/4,-0.37500000000000006,5,Prescribed bad states; fixed laws need not attain the class-wide frontier,"0,0,1"
1,0.12499999999999999,three_state,3/4,"1/4,3/4,0",1/4,-0.125,6,Prescribed bad states; fixed laws need not attain the class-wide frontier,"0,0,1"
1/2,0.49999999999999989,three_state,1/2,"1/2,0,1/2",1/2,-1.1102230246251565e-16,1,Prescribed bad states; fixed laws need not attain the class-wide frontier,"0,0,1"
1/2,1,three_state,0,"1/2,0,1/2",1,0,2,Prescribed bad states; fixed laws need not attain the class-wide frontier,"0,0,1"
1/2,0.5,three_state,1/2,"1/2,0,1/2",1/2,0,3,Prescribed bad states; fixed laws need not attain the class-wide frontier,"0,0,1"
1/2,0.25,three_state,1/2,"1/2,0,1/2",1/2,-0.25,4,Prescribed bad states; fixed laws need not attain the class-wide frontier,"0,0,1"
1/2,-0,three_state,1,"1/2,0,1/2",0,-0,5,Prescribed bad states; fixed laws need not attain the class-wide frontier,"0,0,1"
1/2,0.25,three_state,1/2,"1/2,0,1/2",1/2,-0.25,6,Prescribed bad states; fixed laws need not attain the class-wide frontier,"0,0,1"
3/4,0.49999999999999989,three_state,1/2,"1/2,1/4,1/4",1/2,-1.1102230246251565e-16,1,Prescribed bad states; fixed laws need not attain the class-wide frontier,"0,0,1"
3/4,0.74999999999999989,three_state,1/4,"1/2,1/4,1/4",3/4,-1.1102230246251565e-16,2,Prescribed bad states; fixed laws need not attain the class-wide frontier,"0,0,1"
3/4,0.24999999999999994,three_state,3/4,"1/2,1/4,1/4",1/4,-5.5511151231257827e-17,3,Prescribed bad states; fixed laws need not attain the class-wide frontier,"0,0,1"
3/4,0.375,three_state,1/4,"1/2,1/4,1/4",3/4,-0.375,4,Prescribed bad states; fixed laws need not attain the class-wide frontier,"0,0,1"
3/4,0.12499999999999999,three_state,3/4,"1/2,1/4,1/4",1/4,-0.125,5,Prescribed bad states; fixed laws need not attain the class-wide frontier,"0,0,1"
3/4,0.24999999999999997,three_state,1/2,"1/2,1/4,1/4",1/2,-0.25,6,Prescribed bad states; fixed laws need not attain the class-wide frontier,"0,0,1"
1,0.49999999999999994,three_state,1/2,"1/2,1/2,0",1/2,-5.5511151231257827e-17,1,Prescribed bad states; fixed laws need not attain the class-wide frontier,"0,0,1"
1,0.49999999999999994,three_state,1/2,"1/2,1/2,0",1/2,-5.5511151231257827e-17,2,Prescribed bad states; fixed laws need not attain the class-wide frontier,"0,0,1"
1,-0,three_state,1,"1/2,1/2,0",0,-0,3,Prescribed bad states; fixed laws need not attain the class-wide frontier,"0,0,1"
1,0.5,three_state,0,"1/2,1/2,0",1,-0.5,4,Prescribed bad states; fixed laws need not attain the class-wide frontier,"0,0,1"
1,0.24999999999999997,three_state,1/2,"1/2,1/2,0",1/2,-0.25,5,Prescribed bad states; fixed laws need not attain the class-wide frontier,"0,0,1"
1,0.24999999999999997,three_state,1/2,"1/2,1/2,0",1/2,-0.25,6,Prescribed bad states; fixed laws need not attain the class-wide frontier,"0,0,1"
3/4,0.24999999999999994,three_state,3/4,"3/4,0,1/4",1/4,-5.5511151231257827e-17,1,Prescribed bad states; fixed laws need not attain the class-wide frontier,"0,0,1"
3/4,1,three_state,0,"3/4,0,1/4",1,0,2,Prescribed bad states; fixed laws need not attain the class-wide frontier,"0,0,1"
3/4,0.25000000000000006,three_state,3/4,"3/4,0,1/4",1/4,5.5511151231257827e-17,3,Prescribed bad states; fixed laws need not attain the class-wide frontier,"0,0,1"
3/4,0.375,three_state,1/4,"3/4,0,1/4",3/4,-0.375,4,Prescribed bad states; fixed laws need not attain the class-wide frontier,"0,0,1"
3/4,-0,three_state,1,"3/4,0,1/4",0,-0,5,Prescribed bad states; fixed laws need not attain the class-wide frontier,"0,0,1"
3/4,0.375,three_state,1/4,"3/4,0,1/4",3/4,-0.375,6,Prescribed bad states; fixed laws need not attain the class-wide frontier,"0,0,1"
1,0.25,three_state,3/4,"3/4,1/4,0",1/4,0,1,Prescribed bad states; fixed laws need not attain the class-wide frontier,"0,0,1"
1,0.74999999999999989,three_state,1/4,"3/4,1/4,0",3/4,-1.1102230246251565e-16,2,Prescribed bad states; fixed laws need not attain the class-wide frontier,"0,0,1"
1,-0,three_state,1,"3/4,1/4,0",0,-0,3,Prescribed bad states; fixed laws need not attain the class-wide frontier,"0,0,1"
1,0.5,three_state,0,"3/4,1/4,0",1,-0.5,4,Prescribed bad states; fixed laws need not attain the class-wide frontier,"0,0,1"
1,0.12499999999999999,three_state,3/4,"3/4,1/4,0",1/4,-0.125,5,Prescribed bad states; fixed laws need not attain the class-wide frontier,"0,0,1"
1,0.37499999999999994,three_state,1/4,"3/4,1/4,0",3/4,-0.37500000000000006,6,Prescribed bad states; fixed laws need not attain the class-wide frontier,"0,0,1"
1,-0,three_state,1,"1,0,0",0,-0,1,Prescribed bad states; fixed laws need not attain the class-wide frontier,"0,0,1"
1,1,three_state,0,"1,0,0",1,0,2,Prescribed bad states; fixed laws need not attain the class-wide frontier,"0,0,1"
1,-0,three_state,1,"1,0,0",0,-0,3,Prescribed bad states; fixed laws need not attain the class-wide frontier,"0,0,1"
1,0.5,three_state,0,"1,0,0",1,-0.5,4,Prescribed bad states; fixed laws need not attain the class-wide frontier,"0,0,1"
1,-0,three_state,1,"1,0,0",0,-0,5,Prescribed bad states; fixed laws need not attain the class-wide frontier,"0,0,1"
1,0.5,three_state,0,"1,0,0",1,-0.5,6,Prescribed bad states; fixed laws need not attain the class-wide frontier,"0,0,1"
1/4,1,three_state,0,"0,0,1",1,0,1,Prescribed bad states; fixed laws need not attain the class-wide frontier,"0,1/4,3/4"
1/4,0.80000000000000004,three_state,0,"0,0,1",1,-0.19999999999999996,2,Prescribed bad states; fixed laws need not attain the class-wide frontier,"0,1/4,3/4"
1/4,0.80000000000000004,three_state,0,"0,0,1",1,-0.19999999999999996,3,Prescribed bad states; fixed laws need not attain the class-wide frontier,"0,1/4,3/4"
1/4,-0,three_state,1,"0,0,1",0,-0,4,Prescribed bad states; fixed laws need not attain the class-wide frontier,"0,1/4,3/4"
1/4,-0,three_state,1,"0,0,1",0,-0,5,Prescribed bad states; fixed laws need not attain the class-wide frontier,"0,1/4,3/4"
1/4,-0,three_state,1,"0,0,1",0,-0,6,Prescribed bad states; fixed laws need not attain the class-wide frontier,"0,1/4,3/4"
0,1,three_state,0,"0,1/4,3/4",1,0,1,Prescribed bad states; fixed laws need not attain the class-wide frontier,"0,1/4,3/4"
0,0.59999999999999998,three_state,1/4,"0,1/4,3/4",3/5,0,2,Prescribed bad states; fixed laws need not attain the class-wide frontier,"0,1/4,3/4"
0,0.59999999999999998,three_state,1/4,"0,1/4,3/4",3/5,0,3,Prescribed bad states; fixed laws need not attain the class-wide frontier,"0,1/4,3/4"
0,0.14285714285714285,three_state,3/4,"0,1/4,3/4",1/7,0,4,Prescribed bad states; fixed laws need not attain the class-wide frontier,"0,1/4,3/4"
0,0.14285714285714285,three_state,3/4,"0,1/4,3/4",1/7,0,5,Prescribed bad states; fixed laws need not attain the class-wide frontier,"0,1/4,3/4"
0,-0,three_state,1,"0,1/4,3/4",0,-0,6,Prescribed bad states; fixed laws need not attain the class-wide frontier,"0,1/4,3/4"
1/4,1,three_state,0,"0,1/2,1/2",1,0,1,Prescribed bad states; fixed laws need not attain the class-wide frontier,"0,1/4,3/4"
1/4,0.40000000000000002,three_state,1/2,"0,1/2,1/2",2/5,0,2,Prescribed bad states; fixed laws need not attain the class-wide frontier,"0,1/4,3/4"
1/4,0.40000000000000002,three_state,1/2,"0,1/2,1/2",2/5,0,3,Prescribed bad states; fixed laws need not attain the class-wide frontier,"0,1/4,3/4"
1/4,0.2857142857142857,three_state,1/2,"0,1/2,1/2",2/5,-0.11428571428571432,4,Prescribed bad states; fixed laws need not attain the class-wide frontier,"0,1/4,3/4"
1/4,0.2857142857142857,three_state,1/2,"0,1/2,1/2",2/5,-0.11428571428571432,5,Prescribed bad states; fixed laws need not attain the class-wide frontier,"0,1/4,3/4"
1/4,-0,three_state,1,"0,1/2,1/2",0,-0,6,Prescribed bad states; fixed laws need not attain the class-wide frontier,"0,1/4,3/4"
1/2,1,three_state,0,"0,3/4,1/4",1,0,1,Prescribed bad states; fixed laws need not attain the class-wide frontier,"0,1/4,3/4"
1/2,0.20000000000000001,three_state,3/4,"0,3/4,1/4",1/5,0,2,Prescribed bad states; fixed laws need not attain the class-wide frontier,"0,1/4,3/4"
1/2,0.20000000000000001,three_state,3/4,"0,3/4,1/4",1/5,0,3,Prescribed bad states; fixed laws need not attain the class-wide frontier,"0,1/4,3/4"
1/2,0.4285714285714286,three_state,1/4,"0,3/4,1/4",3/4,-0.3214285714285714,4,Prescribed bad states; fixed laws need not attain the class-wide frontier,"0,1/4,3/4"
1/2,0.4285714285714286,three_state,1/4,"0,3/4,1/4",3/4,-0.3214285714285714,5,Prescribed bad states; fixed laws need not attain the class-wide frontier,"0,1/4,3/4"
1/2,-0,three_state,1,"0,3/4,1/4",0,-0,6,Prescribed bad states; fixed laws need not attain the class-wide frontier,"0,1/4,3/4"
3/4,1,three_state,0,"0,1,0",1,0,1,Prescribed bad states; fixed laws need not attain the class-wide frontier,"0,1/4,3/4"
3/4,-0,three_state,1,"0,1,0",0,-0,2,Prescribed bad states; fixed laws need not attain the class-wide frontier,"0,1/4,3/4"
3/4,-0,three_state,1,"0,1,0",0,-0,3,Prescribed bad states; fixed laws need not attain the class-wide frontier,"0,1/4,3/4"
3/4,0.5714285714285714,three_state,0,"0,1,0",1,-0.4285714285714286,4,Prescribed bad states; fixed laws need not attain the class-wide frontier,"0,1/4,3/4"
3/4,0.5714285714285714,three_state,0,"0,1,0",1,-0.4285714285714286,5,Prescribed bad states; fixed laws need not attain the class-wide frontier,"0,1/4,3/4"
3/4,-0,three_state,1,"0,1,0",0,-0,6,Prescribed bad states; fixed laws need not attain the class-wide frontier,"0,1/4,3/4"
1/4,0.75,three_state,1/4,"1/4,0,3/4",3/4,0,1,Prescribed bad states; fixed laws need not attain the class-wide frontier,"0,1/4,3/4"
1/4,0.80000000000000004,three_state,0,"1/4,0,3/4",1,-0.19999999999999996,2,Prescribed bad states; fixed laws need not attain the class-wide frontier,"0,1/4,3/4"
1/4,0.59999999999999998,three_state,1/4,"1/4,0,3/4",3/4,-0.15000000000000002,3,Prescribed bad states; fixed laws need not attain the class-wide frontier,"0,1/4,3/4"
1/4,0.14285714285714285,three_state,3/4,"1/4,0,3/4",1/6,-0.023809523809523808,4,Prescribed bad states; fixed laws need not attain the class-wide frontier,"0,1/4,3/4"
1/4,-1.3877787807814457e-17,three_state,1,"1/4,0,3/4",0,-1.3877787807814457e-17,5,Prescribed bad states; fixed laws need not attain the class-wide frontier,"0,1/4,3/4"
1/4,0.12499999999999999,three_state,3/4,"1/4,0,3/4",1/6,-0.041666666666666671,6,Prescribed bad states; fixed laws need not attain the class-wide frontier,"0,1/4,3/4"
1/4,0.75,three_state,1/4,"1/4,1/4,1/2",3/4,0,1,Prescribed bad states; fixed laws need not attain the class-wide frontier,"0,1/4,3/4"
1/4,0.59999999999999998,three_state,1/4,"1/4,1/4,1/2",3/4,-0.15000000000000002,2,Prescribed bad states; fixed laws need not attain the class-wide frontier,"0,1/4,3/4"
1/4,0.40000000000000002,three_state,1/2,"1/4,1/4,1/2",2/5,0,3,Prescribed bad states; fixed laws need not attain the class-wide frontier,"0,1/4,3/4"
1/4,0.2857142857142857,three_state,1/2,"1/4,1/4,1/2",2/5,-0.11428571428571432,4,Prescribed bad states; fixed laws need not attain the class-wide frontier,"0,1/4,3/4"
1/4,0.14285714285714288,three_state,3/4,"1/4,1/4,1/2",1/6,-0.02380952380952378,5,Prescribed bad states; fixed laws need not attain the class-wide frontier,"0,1/4,3/4"
1/4,0.12499999999999999,three_state,3/4,"1/4,1/4,1/2",1/6,-0.041666666666666671,6,Prescribed bad states; fixed laws need not attain the class-wide frontier,"0,1/4,3/4"
1/2,0.75,three_state,1/4,"1/4,1/2,1/4",3/4,0,1,Prescribed bad states; fixed laws need not attain the class-wide frontier,"0,1/4,3/4"
1/2,0.40000000000000002,three_state,1/2,"1/4,1/2,1/4",1/2,-0.099999999999999978,2,Prescribed bad states; fixed laws need not attain the class-wide frontier,"0,1/4,3/4"
1/2,0.20000000000000001,three_state,3/4,"1/4,1/2,1/4",1/5,0,3,Prescribed bad states; fixed laws need not attain the class-wide frontier,"0,1/4,3/4"
1/2,0.4285714285714286,three_state,1/4,"1/4,1/2,1/4",3/4,-0.3214285714285714,4,Prescribed bad states; fixed laws need not attain the class-wide frontier,"0,1/4,3/4"
1/2,0.2857142857142857,three_state,1/2,"1/4,1/2,1/4",1/2,-0.2142857142857143,5,Prescribed bad states; fixed laws need not attain the class-wide frontier,"0,1/4,3/4"
1/2,0.12499999999999999,three_state,3/4,"1/4,1/2,1/4",1/5,-0.075000000000000025,6,Prescribed bad states; fixed laws need not attain the class-wide frontier,"0,1/4,3/4"
3/4,0.75,three_state,1/4,"1/4,3/4,0",3/4,0,1,Prescribed bad states; fixed laws need not attain the class-wide frontier,"0,1/4,3/4"
3/4,0.20000000000000001,three_state,3/4,"1/4,3/4,0",1/4,-0.049999999999999989,2,Prescribed bad states; fixed laws need not attain the class-wide frontier,"0,1/4,3/4"
3/4,-0,three_state,1,"1/4,3/4,0",0,-0,3,Prescribed bad states; fixed laws need not attain the class-wide frontier,"0,1/4,3/4"
3/4,0.5714285714285714,three_state,0,"1/4,3/4,0",1,-0.4285714285714286,4,Prescribed bad states; fixed laws need not attain the class-wide frontier,"0,1/4,3/4"
3/4,0.4285714285714286,three_state,1/4,"1/4,3/4,0",3/4,-0.3214285714285714,5,Prescribed bad states; fixed laws need not attain the class-wide frontier,"0,1/4,3/4"
3/4,0.12499999999999999,three_state,3/4,"1/4,3/4,0",1/4,-0.125,6,Prescribed bad states; fixed laws need not attain the class-wide frontier,"0,1/4,3/4"
1/2,0.5,three_state,1/2,"1/2,0,1/2",1/2,0,1,Prescribed bad states; fixed laws need not attain the class-wide frontier,"0,1/4,3/4"
1/2,0.80000000000000004,three_state,0,"1/2,0,1/2",1,-0.19999999999999996,2,Prescribed bad states; fixed laws need not attain the class-wide frontier,"0,1/4,3/4"
1/2,0.40000000000000002,three_state,1/2,"1/2,0,1/2",1/2,-0.099999999999999978,3,Prescribed bad states; fixed laws need not attain the class-wide frontier,"0,1/4,3/4"
1/2,0.2857142857142857,three_state,1/2,"1/2,0,1/2",1/2,-0.2142857142857143,4,Prescribed bad states; fixed laws need not attain the class-wide frontier,"0,1/4,3/4"
1/2,-1.3877787807814457e-17,three_state,1,"1/2,0,1/2",0,-1.3877787807814457e-17,5,Prescribed bad states; fixed laws need not attain the class-wide frontier,"0,1/4,3/4"
1/2,0.24999999999999997,three_state,1/2,"1/2,0,1/2",1/2,-0.25,6,Prescribed bad states; fixed laws need not attain the class-wide frontier,"0,1/4,3/4"
1/2,0.5,three_state,1/2,"1/2,1/4,1/4",1/2,0,1,Prescribed bad states; fixed laws need not attain the class-wide frontier,"0,1/4,3/4"
1/2,0.59999999999999998,three_state,1/4,"1/2,1/4,1/4",3/4,-0.15000000000000002,2,Prescribed bad states; fixed laws need not attain the class-wide frontier,"0,1/4,3/4"
1/2,0.20000000000000001,three_state,3/4,"1/2,1/4,1/4",1/5,0,3,Prescribed bad states; fixed laws need not attain the class-wide frontier,"0,1/4,3/4"
1/2,0.4285714285714286,three_state,1/4,"1/2,1/4,1/4",3/4,-0.3214285714285714,4,Prescribed bad states; fixed laws need not attain the class-wide frontier,"0,1/4,3/4"
1/2,0.14285714285714288,three_state,3/4,"1/2,1/4,1/4",1/5,-0.057142857142857134,5,Prescribed bad states; fixed laws need not attain the class-wide frontier,"0,1/4,3/4"
1/2,0.24999999999999997,three_state,1/2,"1/2,1/4,1/4",1/2,-0.25,6,Prescribed bad states; fixed laws need not attain the class-wide frontier,"0,1/4,3/4"
3/4,0.5,three_state,1/2,"1/2,1/2,0",1/2,0,1,Prescribed bad states; fixed laws need not attain the class-wide frontier,"0,1/4,3/4"
3/4,0.40000000000000002,three_state,1/2,"1/2,1/2,0",1/2,-0.099999999999999978,2,Prescribed bad states; fixed laws need not attain the class-wide frontier,"0,1/4,3/4"
3/4,-0,three_state,1,"1/2,1/2,0",0,-0,3,Prescribed bad states; fixed laws need not attain the class-wide frontier,"0,1/4,3/4"
3/4,0.5714285714285714,three_state,0,"1/2,1/2,0",1,-0.4285714285714286,4,Prescribed bad states; fixed laws need not attain the class-wide frontier,"0,1/4,3/4"
3/4,0.28571428571428575,three_state,1/2,"1/2,1/2,0",1/2,-0.21428571428571425,5,Prescribed bad states; fixed laws need not attain the class-wide frontier,"0,1/4,3/4"
3/4,0.24999999999999997,three_state,1/2,"1/2,1/2,0",1/2,-0.25,6,Prescribed bad states; fixed laws need not attain the class-wide frontier,"0,1/4,3/4"
3/4,0.25000000000000006,three_state,3/4,"3/4,0,1/4",1/4,5.5511151231257827e-17,1,Prescribed bad states; fixed laws need not attain the class-wide frontier,"0,1/4,3/4"
3/4,0.79999999999999993,three_state,0,"3/4,0,1/4",1,-0.20000000000000007,2,Prescribed bad states; fixed laws need not attain the class-wide frontier,"0,1/4,3/4"
3/4,0.20000000000000001,three_state,3/4,"3/4,0,1/4",1/4,-0.049999999999999989,3,Prescribed bad states; fixed laws need not attain the class-wide frontier,"0,1/4,3/4"
3/4,0.42857142857142849,three_state,1/4,"3/4,0,1/4",3/4,-0.32142857142857151,4,Prescribed bad states; fixed laws need not attain the class-wide frontier,"0,1/4,3/4"
3/4,-0,three_state,1,"3/4,0,1/4",0,-0,5,Prescribed bad states; fixed laws need not attain the class-wide frontier,"0,1/4,3/4"
3/4,0.37499999999999994,three_state,1/4,"3/4,0,1/4",3/4,-0.37500000000000006,6,Prescribed bad states; fixed laws need not attain the class-wide frontier,"0,1/4,3/4"
3/4,0.25000000000000006,three_state,3/4,"3/4,1/4,0",1/4,5.5511151231257827e-17,1,Prescribed bad states; fixed laws need not attain the class-wide frontier,"0,1/4,3/4"
3/4,0.59999999999999998,three_state,1/4,"3/4,1/4,0",3/4,-0.15000000000000002,2,Prescribed bad states; fixed laws need not attain the class-wide frontier,"0,1/4,3/4"
3/4,-0,three_state,1,"3/4,1/4,0",0,-0,3,Prescribed bad states; fixed laws need not attain the class-wide frontier,"0,1/4,3/4"
3/4,0.5714285714285714,three_state,0,"3/4,1/4,0",1,-0.4285714285714286,4,Prescribed bad states; fixed laws need not attain the class-wide frontier,"0,1/4,3/4"
3/4,0.14285714285714285,three_state,3/4,"3/4,1/4,0",1/4,-0.10714285714285715,5,Prescribed bad states; fixed laws need not attain the class-wide frontier,"0,1/4,3/4"
3/4,0.37499999999999994,three_state,1/4,"3/4,1/4,0",3/4,-0.37500000000000006,6,Prescribed bad states; fixed laws need not attain the class-wide frontier,"0,1/4,3/4"
1,-0,three_state,1,"1,0,0",0,-0,1,Prescribed bad states; fixed laws need not attain the class-wide frontier,"0,1/4,3/4"
1,0.79999999999999993,three_state,0,"1,0,0",1,-0.20000000000000007,2,Prescribed bad states; fixed laws need not attain the class-wide frontier,"0,1/4,3/4"
1,-5.5511151231257827e-17,three_state,1,"1,0,0",0,-5.5511151231257827e-17,3,Prescribed bad states; fixed laws need not attain the class-wide frontier,"0,1/4,3/4"
1,0.5714285714285714,three_state,0,"1,0,0",1,-0.4285714285714286,4,Prescribed bad states; fixed laws need not attain the class-wide frontier,"0,1/4,3/4"
1,-6.9388939039072284e-18,three_state,1,"1,0,0",0,-6.9388939039072284e-18,5,Prescribed bad states; fixed laws need not attain the class-wide frontier,"0,1/4,3/4"
1,0.49999999999999994,three_state,0,"1,0,0",1,-0.5,6,Prescribed bad states; fixed laws need not attain the class-wide frontier,"0,1/4,3/4"
1/2,0.99999999999999989,three_state,0,"0,0,1",1,-1.1102230246251565e-16,1,Prescribed bad states; fixed laws need not attain the class-wide frontier,"0,1/2,1/2"
1/2,0.66666666666666652,three_state,0,"0,0,1",1,-0.33333333333333348,2,Prescribed bad states; fixed laws need not attain the class-wide frontier,"0,1/2,1/2"
1/2,0.66666666666666652,three_state,0,"0,0,1",1,-0.33333333333333348,3,Prescribed bad states; fixed laws need not attain the class-wide frontier,"0,1/2,1/2"
1/2,-0,three_state,1,"0,0,1",0,-0,4,Prescribed bad states; fixed laws need not attain the class-wide frontier,"0,1/2,1/2"
1/2,-0,three_state,1,"0,0,1",0,-0,5,Prescribed bad states; fixed laws need not attain the class-wide frontier,"0,1/2,1/2"
1/2,-0,three_state,1,"0,0,1",0,-0,6,Prescribed bad states; fixed laws need not attain the class-wide frontier,"0,1/2,1/2"
1/4,0.99999999999999989,three_state,0,"0,1/4,3/4",1,-1.1102230246251565e-16,1,Prescribed bad states; fixed laws need not attain the class-wide frontier,"0,1/2,1/2"
1/4,0.49999999999999989,three_state,1/4,"0,1/4,3/4",3/4,-0.25000000000000011,2,Prescribed bad states; fixed laws need not attain the class-wide frontier,"0,1/2,1/2"
1/4,0.49999999999999989,three_state,1/4,"0,1/4,3/4",3/4,-0.25000000000000011,3,Prescribed bad states; fixed laws need not attain the class-wide frontier,"0,1/2,1/2"
1/4,0.16666666666666669,three_state,3/4,"0,1/4,3/4",1/6,2.7755575615628914e-17,4,Prescribed bad states; fixed laws need not attain the class-wide frontier,"0,1/2,1/2"
1/4,0.16666666666666669,three_state,3/4,"0,1/4,3/4",1/6,2.7755575615628914e-17,5,Prescribed bad states; fixed laws need not attain the class-wide frontier,"0,1/2,1/2"
1/4,-0,three_state,1,"0,1/4,3/4",0,-0,6,Prescribed bad states; fixed laws need not attain the class-wide frontier,"0,1/2,1/2"
0,0.99999999999999989,three_state,0,"0,1/2,1/2",1,-1.1102230246251565e-16,1,Prescribed bad states; fixed laws need not attain the class-wide frontier,"0,1/2,1/2"
0,0.33333333333333326,three_state,1/2,"0,1/2,1/2",1/3,-5.5511151231257827e-17,2,Prescribed bad states; fixed laws need not attain the class-wide frontier,"0,1/2,1/2"
0,0.33333333333333326,three_state,1/2,"0,1/2,1/2",1/3,-5.5511151231257827e-17,3,Prescribed bad states; fixed laws need not attain the class-wide frontier,"0,1/2,1/2"
0,0.33333333333333326,three_state,1/2,"0,1/2,1/2",1/3,-5.5511151231257827e-17,4,Prescribed bad states; fixed laws need not attain the class-wide frontier,"0,1/2,1/2"
0,0.33333333333333326,three_state,1/2,"0,1/2,1/2",1/3,-5.5511151231257827e-17,5,Prescribed bad states; fixed laws need not attain the class-wide frontier,"0,1/2,1/2"
0,-0,three_state,1,"0,1/2,1/2",0,-0,6,Prescribed bad states; fixed laws need not attain the class-wide frontier,"0,1/2,1/2"
1/4,0.99999999999999989,three_state,0,"0,3/4,1/4",1,-1.1102230246251565e-16,1,Prescribed bad states; fixed laws need not attain the class-wide frontier,"0,1/2,1/2"
1/4,0.16666666666666669,three_state,3/4,"0,3/4,1/4",1/6,2.7755575615628914e-17,2,Prescribed bad states; fixed laws need not attain the class-wide frontier,"0,1/2,1/2"
1/4,0.16666666666666669,three_state,3/4,"0,3/4,1/4",1/6,2.7755575615628914e-17,3,Prescribed bad states; fixed laws need not attain the class-wide frontier,"0,1/2,1/2"
1/4,0.49999999999999989,three_state,1/4,"0,3/4,1/4",3/4,-0.25000000000000011,4,Prescribed bad states; fixed laws need not attain the class-wide frontier,"0,1/2,1/2"
1/4,0.49999999999999989,three_state,1/4,"0,3/4,1/4",3/4,-0.25000000000000011,5,Prescribed bad states; fixed laws need not attain the class-wide frontier,"0,1/2,1/2"
1/4,-0,three_state,1,"0,3/4,1/4",0,-0,6,Prescribed bad states; fixed laws need not attain the class-wide frontier,"0,1/2,1/2"
1/2,0.99999999999999989,three_state,0,"0,1,0",1,-1.1102230246251565e-16,1,Prescribed bad states; fixed laws need not attain the class-wide frontier,"0,1/2,1/2"
1/2,-0,three_state,1,"0,1,0",0,-0,2,Prescribed bad states; fixed laws need not attain the class-wide frontier,"0,1/2,1/2"
1/2,-0,three_state,1,"0,1,0",0,-0,3,Prescribed bad states; fixed laws need not attain the class-wide frontier,"0,1/2,1/2"
1/2,0.66666666666666652,three_state,0,"0,1,0",1,-0.33333333333333348,4,Prescribed bad states; fixed laws need not attain the class-wide frontier,"0,1/2,1/2"
1/2,0.66666666666666652,three_state,0,"0,1,0",1,-0.33333333333333348,5,Prescribed bad states; fixed laws need not attain the class-wide frontier,"0,1/2,1/2"
1/2,-0,three_state,1,"0,1,0",0,-0,6,Prescribed bad states; fixed laws need not attain the class-wide frontier,"0,1/2,1/2"
1/2,0.74999999999999989,three_state,1/4,"1/4,0,3/4",3/4,-1.1102230246251565e-16,1,Prescribed bad states; fixed laws need not attain the class-wide frontier,"0,1/2,1/2"
1/2,0.66666666666666652,three_state,0,"1/4,0,3/4",1,-0.33333333333333348,2,Prescribed bad states; fixed laws need not attain the class-wide frontier,"0,1/2,1/2"
1/2,0.49999999999999989,three_state,1/4,"1/4,0,3/4",3/4,-0.25000000000000011,3,Prescribed bad states; fixed laws need not attain the class-wide frontier,"0,1/2,1/2"
1/2,0.16666666666666669,three_state,3/4,"1/4,0,3/4",1/5,-0.033333333333333326,4,Prescribed bad states; fixed laws need not attain the class-wide frontier,"0,1/2,1/2"
1/2,-2.7755575615628914e-17,three_state,1,"1/4,0,3/4",0,-2.7755575615628914e-17,5,Prescribed bad states; fixed laws need not attain the class-wide frontier,"0,1/2,1/2"
1/2,0.12499999999999999,three_state,3/4,"1/4,0,3/4",1/5,-0.075000000000000025,6,Prescribed bad states; fixed laws need not attain the class-wide frontier,"0,1/2,1/2"
1/4,0.75,three_state,1/4,"1/4,1/4,1/2",3/4,0,1,Prescribed bad states; fixed laws need not attain the class-wide frontier,"0,1/2,1/2"
1/4,0.49999999999999994,three_state,1/4,"1/4,1/4,1/2",3/4,-0.25000000000000006,2,Prescribed bad states; fixed laws need not attain the class-wide frontier,"0,1/2,1/2"
1/4,0.33333333333333326,three_state,1/2,"1/4,1/4,1/2",2/5,-0.066666666666666763,3,Prescribed bad states; fixed laws need not attain the class-wide frontier,"0,1/2,1/2"
1/4,0.33333333333333337,three_state,1/2,"1/4,1/4,1/2",2/5,-0.066666666666666652,4,Prescribed bad states; fixed laws need not attain the class-wide frontier,"0,1/2,1/2"
1/4,0.16666666666666666,three_state,3/4,"1/4,1/4,1/2",1/6,0,5,Prescribed bad states; fixed laws need not attain the class-wide frontier,"0,1/2,1/2"
1/4,0.12499999999999999,three_state,3/4,"1/4,1/4,1/2",1/6,-0.041666666666666671,6,Prescribed bad states; fixed laws need not attain the class-wide frontier,"0,1/2,1/2"
1/4,0.75,three_state,1/4,"1/4,1/2,1/4",3/4,0,1,Prescribed bad states; fixed laws need not attain the class-wide frontier,"0,1/2,1/2"
1/4,0.33333333333333331,three_state,1/2,"1/4,1/2,1/4",2/5,-0.066666666666666707,2,Prescribed bad states; fixed laws need not attain the class-wide frontier,"0,1/2,1/2"
1/4,0.16666666666666669,three_state,3/4,"1/4,1/2,1/4",1/6,2.7755575615628914e-17,3,Prescribed bad states; fixed laws need not attain the class-wide frontier,"0,1/2,1/2"
1/4,0.49999999999999989,three_state,1/4,"1/4,1/2,1/4",3/4,-0.25000000000000011,4,Prescribed bad states; fixed laws need not attain the class-wide frontier,"0,1/2,1/2"
1/4,0.33333333333333326,three_state,1/2,"1/4,1/2,1/4",2/5,-0.066666666666666763,5,Prescribed bad states; fixed laws need not attain the class-wide frontier,"0,1/2,1/2"
1/4,0.12499999999999999,three_state,3/4,"1/4,1/2,1/4",1/6,-0.041666666666666671,6,Prescribed bad states; fixed laws need not attain the class-wide frontier,"0,1/2,1/2"
1/2,0.74999999999999989,three_state,1/4,"1/4,3/4,0",3/4,-1.1102230246251565e-16,1,Prescribed bad states; fixed laws need not attain the class-wide frontier,"0,1/2,1/2"
1/2,0.16666666666666669,three_state,3/4,"1/4,3/4,0",1/5,-0.033333333333333326,2,Prescribed bad states; fixed laws need not attain the class-wide frontier,"0,1/2,1/2"
1/2,-2.7755575615628914e-17,three_state,1,"1/4,3/4,0",0,-2.7755575615628914e-17,3,Prescribed bad states; fixed laws need not attain the class-wide frontier,"0,1/2,1/2"
1/2,0.66666666666666652,three_state,0,"1/4,3/4,0",1,-0.33333333333333348,4,Prescribed bad states; fixed laws need not attain the class-wide frontier,"0,1/2,1/2"
1/2,0.49999999999999989,three_state,1/4,"1/4,3/4,0",3/4,-0.25000000000000011,5,Prescribed bad states; fixed laws need not attain the class-wide frontier,"0,1/2,1/2"
1/2,0.12499999999999999,three_state,3/4,"1/4,3/4,0",1/5,-0.075000000000000025,6,Prescribed bad states; fixed laws need not attain the class-wide frontier,"0,1/2,1/2"
1/2,0.5,three_state,1/2,"1/2,0,1/2",1/2,0,1,Prescribed bad states; fixed laws need not attain the class-wide frontier,"0,1/2,1/2"
1/2,0.66666666666666652,three_state,0,"1/2,0,1/2",1,-0.33333333333333348,2,Prescribed bad states; fixed laws need not attain the class-wide frontier,"0,1/2,1/2"
1/2,0.33333333333333326,three_state,1/2,"1/2,0,1/2",1/2,-0.16666666666666674,3,Prescribed bad states; fixed laws need not attain the class-wide frontier,"0,1/2,1/2"
1/2,0.33333333333333337,three_state,1/2,"1/2,0,1/2",1/2,-0.16666666666666663,4,Prescribed bad states; fixed laws need not attain the class-wide frontier,"0,1/2,1/2"
1/2,-2.7755575615628914e-17,three_state,1,"1/2,0,1/2",0,-2.7755575615628914e-17,5,Prescribed bad states; fixed laws need not attain the class-wide frontier,"0,1/2,1/2"
1/2,0.24999999999999997,three_state,1/2,"1/2,0,1/2",1/2,-0.25,6,Prescribed bad states; fixed laws need not attain the class-wide frontier,"0,1/2,1/2"
1/2,0.49999999999999989,three_state,1/2,"1/2,1/4,1/4",1/2,-1.1102230246251565e-16,1,Prescribed bad states; fixed laws need not attain the class-wide frontier,"0,1/2,1/2"
1/2,0.5,three_state,1/4,"1/2,1/4,1/4",3/4,-0.25,2,Prescribed bad states; fixed laws need not attain the class-wide frontier,"0,1/2,1/2"
1/2,0.16666666666666669,three_state,3/4,"1/2,1/4,1/4",1/5,-0.033333333333333326,3,Prescribed bad states; fixed laws need not attain the class-wide frontier,"0,1/2,1/2"
1/2,0.5,three_state,1/4,"1/2,1/4,1/4",3/4,-0.25,4,Prescribed bad states; fixed laws need not attain the class-wide frontier,"0,1/2,1/2"
1/2,0.16666666666666669,three_state,3/4,"1/2,1/4,1/4",1/5,-0.033333333333333326,5,Prescribed bad states; fixed laws need not attain the class-wide frontier,"0,1/2,1/2"
1/2,0.24999999999999997,three_state,1/2,"1/2,1/4,1/4",1/2,-0.25,6,Prescribed bad states; fixed laws need not attain the class-wide frontier,"0,1/2,1/2"
1/2,0.5,three_state,1/2,"1/2,1/2,0",1/2,0,1,Prescribed bad states; fixed laws need not attain the class-wide frontier,"0,1/2,1/2"
1/2,0.33333333333333331,three_state,1/2,"1/2,1/2,0",1/2,-0.16666666666666669,2,Prescribed bad states; fixed laws need not attain the class-wide frontier,"0,1/2,1/2"
1/2,-0,three_state,1,"1/2,1/2,0",0,-0,3,Prescribed bad states; fixed laws need not attain the class-wide frontier,"0,1/2,1/2"
1/2,0.66666666666666652,three_state,0,"1/2,1/2,0",1,-0.33333333333333348,4,Prescribed bad states; fixed laws need not attain the class-wide frontier,"0,1/2,1/2"
1/2,0.33333333333333326,three_state,1/2,"1/2,1/2,0",1/2,-0.16666666666666674,5,Prescribed bad states; fixed laws need not attain the class-wide frontier,"0,1/2,1/2"
1/2,0.24999999999999997,three_state,1/2,"1/2,1/2,0",1/2,-0.25,6,Prescribed bad states; fixed laws need not attain the class-wide frontier,"0,1/2,1/2"
3/4,0.25000000000000006,three_state,3/4,"3/4,0,1/4",1/4,5.5511151231257827e-17,1,Prescribed bad states; fixed laws need not attain the class-wide frontier,"0,1/2,1/2"
3/4,0.66666666666666663,three_state,0,"3/4,0,1/4",1,-0.33333333333333337,2,Prescribed bad states; fixed laws need not attain the class-wide frontier,"0,1/2,1/2"
3/4,0.16666666666666666,three_state,3/4,"3/4,0,1/4",1/4,-0.083333333333333343,3,Prescribed bad states; fixed laws need not attain the class-wide frontier,"0,1/2,1/2"
3/4,0.5,three_state,1/4,"3/4,0,1/4",3/4,-0.25,4,Prescribed bad states; fixed laws need not attain the class-wide frontier,"0,1/2,1/2"
3/4,-0,three_state,1,"3/4,0,1/4",0,-0,5,Prescribed bad states; fixed laws need not attain the class-wide frontier,"0,1/2,1/2"
3/4,0.37499999999999994,three_state,1/4,"3/4,0,1/4",3/4,-0.37500000000000006,6,Prescribed bad states; fixed laws need not attain the class-wide frontier,"0,1/2,1/2"
3/4,0.25000000000000006,three_state,3/4,"3/4,1/4,0",1/4,5.5511151231257827e-17,1,Prescribed bad states; fixed laws need not attain the class-wide frontier,"0,1/2,1/2"
3/4,0.49999999999999994,three_state,1/4,"3/4,1/4,0",3/4,-0.25000000000000006,2,Prescribed bad states; fixed laws need not attain the class-wide frontier,"0,1/2,1/2"
3/4,-0,three_state,1,"3/4,1/4,0",0,-0,3,Prescribed bad states; fixed laws need not attain the class-wide frontier,"0,1/2,1/2"
3/4,0.66666666666666663,three_state,0,"3/4,1/4,0",1,-0.33333333333333337,4,Prescribed bad states; fixed laws need not attain the class-wide frontier,"0,1/2,1/2"
3/4,0.16666666666666666,three_state,3/4,"3/4,1/4,0",1/4,-0.083333333333333343,5,Prescribed bad states; fixed laws need not attain the class-wide frontier,"0,1/2,1/2"
3/4,0.37499999999999994,three_state,1/4,"3/4,1/4,0",3/4,-0.37500000000000006,6,Prescribed bad states; fixed laws need not attain the class-wide frontier,"0,1/2,1/2"
1,-0,three_state,1,"1,0,0",0,-0,1,Prescribed bad states; fixed laws need not attain the class-wide frontier,"0,1/2,1/2"
1,0.66666666666666663,three_state,0,"1,0,0",1,-0.33333333333333337,2,Prescribed bad states; fixed laws need not attain the class-wide frontier,"0,1/2,1/2"
1,-5.5511151231257827e-17,three_state,1,"1,0,0",0,-5.5511151231257827e-17,3,Prescribed bad states; fixed laws need not attain the class-wide frontier,"0,1/2,1/2"
1,0.66666666666666663,three_state,0,"1,0,0",1,-0.33333333333333337,4,Prescribed bad states; fixed laws need not attain the class-wide frontier,"0,1/2,1/2"
1,-0,three_state,1,"1,0,0",0,-0,5,Prescribed bad states; fixed laws need not attain the class-wide frontier,"0,1/2,1/2"
1,0.49999999999999994,three_state,0,"1,0,0",1,-0.5,6,Prescribed bad states; fixed laws need not attain the class-wide frontier,"0,1/2,1/2"
3/4,1,three_state,0,"0,0,1",1,0,1,Prescribed bad states; fixed laws need not attain the class-wide frontier,"0,3/4,1/4"
3/4,0.5714285714285714,three_state,0,"0,0,1",1,-0.4285714285714286,2,Prescribed bad states; fixed laws need not attain the class-wide frontier,"0,3/4,1/4"
3/4,0.5714285714285714,three_state,0,"0,0,1",1,-0.4285714285714286,3,Prescribed bad states; fixed laws need not attain the class-wide frontier,"0,3/4,1/4"
3/4,-0,three_state,1,"0,0,1",0,-0,4,Prescribed bad states; fixed laws need not attain the class-wide frontier,"0,3/4,1/4"
3/4,-0,three_state,1,"0,0,1",0,-0,5,Prescribed bad states; fixed laws need not attain the class-wide frontier,"0,3/4,1/4"
3/4,-0,three_state,1,"0,0,1",0,-0,6,Prescribed bad states; fixed laws need not attain the class-wide frontier,"0,3/4,1/4"
1/2,1,three_state,0,"0,1/4,3/4",1,0,1,Prescribed bad states; fixed laws need not attain the class-wide frontier,"0,3/4,1/4"
1/2,0.4285714285714286,three_state,1/4,"0,1/4,3/4",3/4,-0.3214285714285714,2,Prescribed bad states; fixed laws need not attain the class-wide frontier,"0,3/4,1/4"
1/2,0.4285714285714286,three_state,1/4,"0,1/4,3/4",3/4,-0.3214285714285714,3,Prescribed bad states; fixed laws need not attain the class-wide frontier,"0,3/4,1/4"
1/2,0.20000000000000001,three_state,3/4,"0,1/4,3/4",1/5,0,4,Prescribed bad states; fixed laws need not attain the class-wide frontier,"0,3/4,1/4"
1/2,0.20000000000000001,three_state,3/4,"0,1/4,3/4",1/5,0,5,Prescribed bad states; fixed laws need not attain the class-wide frontier,"0,3/4,1/4"
1/2,-0,three_state,1,"0,1/4,3/4",0,-0,6,Prescribed bad states; fixed laws need not attain the class-wide frontier,"0,3/4,1/4"
1/4,1,three_state,0,"0,1/2,1/2",1,0,1,Prescribed bad states; fixed laws need not attain the class-wide frontier,"0,3/4,1/4"
1/4,0.2857142857142857,three_state,1/2,"0,1/2,1/2",2/5,-0.11428571428571432,2,Prescribed bad states; fixed laws need not attain the class-wide frontier,"0,3/4,1/4"
1/4,0.2857142857142857,three_state,1/2,"0,1/2,1/2",2/5,-0.11428571428571432,3,Prescribed bad states; fixed laws need not attain the class-wide frontier,"0,3/4,1/4"
1/4,0.40000000000000002,three_state,1/2,"0,1/2,1/2",2/5,0,4,Prescribed bad states; fixed laws need not attain the class-wide frontier,"0,3/4,1/4"
1/4,0.40000000000000002,three_state,1/2,"0,1/2,1/2",2/5,0,5,Prescribed bad states; fixed laws need not attain the class-wide frontier,"0,3/4,1/4"
1/4,-0,three_state,1,"0,1/2,1/2",0,-0,6,Prescribed bad states; fixed laws need not attain the class-wide frontier,"0,3/4,1/4"
0,1,three_state,0,"0,3/4,1/4",1,0,1,Prescribed bad states; fixed laws need not attain the class-wide frontier,"0,3/4,1/4"
0,0.14285714285714285,three_state,3/4,"0,3/4,1/4",1/7,0,2,Prescribed bad states; fixed laws need not attain the class-wide frontier,"0,3/4,1/4"
0,0.14285714285714285,three_state,3/4,"0,3/4,1/4",1/7,0,3,Prescribed bad states; fixed laws need not attain the class-wide frontier,"0,3/4,1/4"
0,0.59999999999999998,three_state,1/4,"0,3/4,1/4",3/5,0,4,Prescribed bad states; fixed laws need not attain the class-wide frontier,"0,3/4,1/4"
0,0.59999999999999998,three_state,1/4,"0,3/4,1/4",3/5,0,5,Prescribed bad states; fixed laws need not attain the class-wide frontier,"0,3/4,1/4"
0,-0,three_state,1,"0,3/4,1/4",0,-0,6,Prescribed bad states; fixed laws need not attain the class-wide frontier,"0,3/4,1/4"
1/4,1,three_state,0,"0,1,0",1,0,1,Prescribed bad states; fixed laws need not attain the class-wide frontier,"0,3/4,1/4"
1/4,-0,three_state,1,"0,1,0",0,-0,2,Prescribed bad states; fixed laws need not attain the class-wide frontier,"0,3/4,1/4"
1/4,-0,three_state,1,"0,1,0",0,-0,3,Prescribed bad states; fixed laws need not attain the class-wide frontier,"0,3/4,1/4"
1/4,0.80000000000000004,three_state,0,"0,1,0",1,-0.19999999999999996,4,Prescribed bad states; fixed laws need not attain the class-wide frontier,"0,3/4,1/4"
1/4,0.80000000000000004,three_state,0,"0,1,0",1,-0.19999999999999996,5,Prescribed bad states; fixed laws need not attain the class-wide frontier,"0,3/4,1/4"
1/4,-0,three_state,1,"0,1,0",0,-0,6,Prescribed bad states; fixed laws need not attain the class-wide frontier,"0,3/4,1/4"
3/4,0.75,three_state,1/4,"1/4,0,3/4",3/4,0,1,Prescribed bad states; fixed laws need not attain the class-wide frontier,"0,3/4,1/4"
3/4,0.5714285714285714,three_state,0,"1/4,0,3/4",1,-0.4285714285714286,2,Prescribed bad states; fixed laws need not attain the class-wide frontier,"0,3/4,1/4"
3/4,0.4285714285714286,three_state,1/4,"1/4,0,3/4",3/4,-0.3214285714285714,3,Prescribed bad states; fixed laws need not attain the class-wide frontier,"0,3/4,1/4"
3/4,0.20000000000000001,three_state,3/4,"1/4,0,3/4",1/4,-0.049999999999999989,4,Prescribed bad states; fixed laws need not attain the class-wide frontier,"0,3/4,1/4"
3/4,-0,three_state,1,"1/4,0,3/4",0,-0,5,Prescribed bad states; fixed laws need not attain the class-wide frontier,"0,3/4,1/4"
3/4,0.12499999999999999,three_state,3/4,"1/4,0,3/4",1/4,-0.125,6,Prescribed bad states; fixed laws need not attain the class-wide frontier,"0,3/4,1/4"
1/2,0.75,three_state,1/4,"1/4,1/4,1/2",3/4,0,1,Prescribed bad states; fixed laws need not attain the class-wide frontier,"0,3/4,1/4"
1/2,0.42857142857142855,three_state,1/4,"1/4,1/4,1/2",3/4,-0.32142857142857145,2,Prescribed bad states; fixed laws need not attain the class-wide frontier,"0,3/4,1/4"
1/2,0.2857142857142857,three_state,1/2,"1/4,1/4,1/2",1/2,-0.2142857142857143,3,Prescribed bad states; fixed laws need not attain the class-wide frontier,"0,3/4,1/4"
1/2,0.40000000000000002,three_state,1/2,"1/4,1/4,1/2",1/2,-0.099999999999999978,4,Prescribed bad states; fixed laws need not attain the class-wide frontier,"0,3/4,1/4"
1/2,0.20000000000000001,three_state,3/4,"1/4,1/4,1/2",1/5,0,5,Prescribed bad states; fixed laws need not attain the class-wide frontier,"0,3/4,1/4"
1/2,0.12499999999999999,three_state,3/4,"1/4,1/4,1/2",1/5,-0.075000000000000025,6,Prescribed bad states; fixed laws need not attain the class-wide frontier,"0,3/4,1/4"
1/4,0.75,three_state,1/4,"1/4,1/2,1/4",3/4,0,1,Prescribed bad states; fixed laws need not attain the class-wide frontier,"0,3/4,1/4"
1/4,0.2857142857142857,three_state,1/2,"1/4,1/2,1/4",2/5,-0.11428571428571432,2,Prescribed bad states; fixed laws need not attain the class-wide frontier,"0,3/4,1/4"
1/4,0.14285714285714288,three_state,3/4,"1/4,1/2,1/4",1/6,-0.02380952380952378,3,Prescribed bad states; fixed laws need not attain the class-wide frontier,"0,3/4,1/4"
1/4,0.59999999999999998,three_state,1/4,"1/4,1/2,1/4",3/4,-0.15000000000000002,4,Prescribed bad states; fixed laws need not attain the class-wide frontier,"0,3/4,1/4"
1/4,0.40000000000000002,three_state,1/2,"1/4,1/2,1/4",2/5,0,5,Prescribed bad states; fixed laws need not attain the class-wide frontier,"0,3/4,1/4"
1/4,0.12499999999999999,three_state,3/4,"1/4,1/2,1/4",1/6,-0.041666666666666671,6,Prescribed bad states; fixed laws need not attain the class-wide frontier,"0,3/4,1/4"
1/4,0.75,three_state,1/4,"1/4,3/4,0",3/4,0,1,Prescribed bad states; fixed laws need not attain the class-wide frontier,"0,3/4,1/4"
1/4,0.14285714285714285,three_state,3/4,"1/4,3/4,0",1/6,-0.023809523809523808,2,Prescribed bad states; fixed laws need not attain the class-wide frontier,"0,3/4,1/4"
1/4,-0,three_state,1,"1/4,3/4,0",0,-0,3,Prescribed bad states; fixed laws need not attain the class-wide frontier,"0,3/4,1/4"
1/4,0.80000000000000004,three_state,0,"1/4,3/4,0",1,-0.19999999999999996,4,Prescribed bad states; fixed laws need not attain the class-wide frontier,"0,3/4,1/4"
1/4,0.60000000000000009,three_state,1/4,"1/4,3/4,0",3/4,-0.14999999999999991,5,Prescribed bad states; fixed laws need not attain the class-wide frontier,"0,3/4,1/4"
1/4,0.12499999999999999,three_state,3/4,"1/4,3/4,0",1/6,-0.041666666666666671,6,Prescribed bad states; fixed laws need not attain the class-wide frontier,"0,3/4,1/4"
3/4,0.5,three_state,1/2,"1/2,0,1/2",1/2,0,1,Prescribed bad states; fixed laws need not attain the class-wide frontier,"0,3/4,1/4"
3/4,0.5714285714285714,three_state,0,"1/2,0,1/2",1,-0.4285714285714286,2,Prescribed bad states; fixed laws need not attain the class-wide frontier,"0,3/4,1/4"
3/4,0.2857142857142857,three_state,1/2,"1/2,0,1/2",1/2,-0.2142857142857143,3,Prescribed bad states; fixed laws need not attain the class-wide frontier,"0,3/4,1/4"
3/4,0.40000000000000002,three_state,1/2,"1/2,0,1/2",1/2,-0.099999999999999978,4,Prescribed bad states; fixed laws need not attain the class-wide frontier,"0,3/4,1/4"
3/4,-2.7755575615628914e-17,three_state,1,"1/2,0,1/2",0,-2.7755575615628914e-17,5,Prescribed bad states; fixed laws need not attain the class-wide frontier,"0,3/4,1/4"
3/4,0.24999999999999997,three_state,1/2,"1/2,0,1/2",1/2,-0.25,6,Prescribed bad states; fixed laws need not attain the class-wide frontier,"0,3/4,1/4"
1/2,0.5,three_state,1/2,"1/2,1/4,1/4",1/2,0,1,Prescribed bad states; fixed laws need not attain the class-wide frontier,"0,3/4,1/4"
1/2,0.42857142857142855,three_state,1/4,"1/2,1/4,1/4",3/4,-0.32142857142857145,2,Prescribed bad states; fixed laws need not attain the class-wide frontier,"0,3/4,1/4"
1/2,0.14285714285714285,three_state,3/4,"1/2,1/4,1/4",1/5,-0.057142857142857162,3,Prescribed bad states; fixed laws need not attain the class-wide frontier,"0,3/4,1/4"
1/2,0.59999999999999998,three_state,1/4,"1/2,1/4,1/4",3/4,-0.15000000000000002,4,Prescribed bad states; fixed laws need not attain the class-wide frontier,"0,3/4,1/4"
1/2,0.19999999999999998,three_state,3/4,"1/2,1/4,1/4",1/5,-2.7755575615628914e-17,5,Prescribed bad states; fixed laws need not attain the class-wide frontier,"0,3/4,1/4"
1/2,0.24999999999999997,three_state,1/2,"1/2,1/4,1/4",1/2,-0.25,6,Prescribed bad states; fixed laws need not attain the class-wide frontier,"0,3/4,1/4"
1/2,0.5,three_state,1/2,"1/2,1/2,0",1/2,0,1,Prescribed bad states; fixed laws need not attain the class-wide frontier,"0,3/4,1/4"
1/2,0.2857142857142857,three_state,1/2,"1/2,1/2,0",1/2,-0.2142857142857143,2,Prescribed bad states; fixed laws need not attain the class-wide frontier,"0,3/4,1/4"
1/2,-1.3877787807814457e-17,three_state,1,"1/2,1/2,0",0,-1.3877787807814457e-17,3,Prescribed bad states; fixed laws need not attain the class-wide frontier,"0,3/4,1/4"
1/2,0.80000000000000004,three_state,0,"1/2,1/2,0",1,-0.19999999999999996,4,Prescribed bad states; fixed laws need not attain the class-wide frontier,"0,3/4,1/4"
1/2,0.39999999999999997,three_state,1/2,"1/2,1/2,0",1/2,-0.10000000000000003,5,Prescribed bad states; fixed laws need not attain the class-wide frontier,"0,3/4,1/4"
1/2,0.24999999999999997,three_state,1/2,"1/2,1/2,0",1/2,-0.25,6,Prescribed bad states; fixed laws need not attain the class-wide frontier,"0,3/4,1/4"
3/4,0.25000000000000006,three_state,3/4,"3/4,0,1/4",1/4,5.5511151231257827e-17,1,Prescribed bad states; fixed laws need not attain the class-wide frontier,"0,3/4,1/4"
3/4,0.5714285714285714,three_state,0,"3/4,0,1/4",1,-0.4285714285714286,2,Prescribed bad states; fixed laws need not attain the class-wide frontier,"0,3/4,1/4"
3/4,0.14285714285714285,three_state,3/4,"3/4,0,1/4",1/4,-0.10714285714285715,3,Prescribed bad states; fixed laws need not attain the class-wide frontier,"0,3/4,1/4"
3/4,0.59999999999999998,three_state,1/4,"3/4,0,1/4",3/4,-0.15000000000000002,4,Prescribed bad states; fixed laws need not attain the class-wide frontier,"0,3/4,1/4"
3/4,-0,three_state,1,"3/4,0,1/4",0,-0,5,Prescribed bad states; fixed laws need not attain the class-wide frontier,"0,3/4,1/4"
3/4,0.37499999999999994,three_state,1/4,"3/4,0,1/4",3/4,-0.37500000000000006,6,Prescribed bad states; fixed laws need not attain the class-wide frontier,"0,3/4,1/4"
3/4,0.25000000000000006,three_state,3/4,"3/4,1/4,0",1/4,5.5511151231257827e-17,1,Prescribed bad states; fixed laws need not attain the class-wide frontier,"0,3/4,1/4"
3/4,0.42857142857142849,three_state,1/4,"3/4,1/4,0",3/4,-0.32142857142857151,2,Prescribed bad states; fixed laws need not attain the class-wide frontier,"0,3/4,1/4"
3/4,-0,three_state,1,"3/4,1/4,0",0,-0,3,Prescribed bad states; fixed laws need not attain the class-wide frontier,"0,3/4,1/4"
3/4,0.80000000000000004,three_state,0,"3/4,1/4,0",1,-0.19999999999999996,4,Prescribed bad states; fixed laws need not attain the class-wide frontier,"0,3/4,1/4"
3/4,0.20000000000000001,three_state,3/4,"3/4,1/4,0",1/4,-0.049999999999999989,5,Prescribed bad states; fixed laws need not attain the class-wide frontier,"0,3/4,1/4"
3/4,0.37499999999999994,three_state,1/4,"3/4,1/4,0",3/4,-0.37500000000000006,6,Prescribed bad states; fixed laws need not attain the class-wide frontier,"0,3/4,1/4"
1,-0,three_state,1,"1,0,0",0,-0,1,Prescribed bad states; fixed laws need not attain the class-wide frontier,"0,3/4,1/4"
1,0.5714285714285714,three_state,0,"1,0,0",1,-0.4285714285714286,2,Prescribed bad states; fixed laws need not attain the class-wide frontier,"0,3/4,1/4"
1,-5.5511151231257827e-17,three_state,1,"1,0,0",0,-5.5511151231257827e-17,3,Prescribed bad states; fixed laws need not attain the class-wide frontier,"0,3/4,1/4"
1,0.80000000000000004,three_state,0,"1,0,0",1,-0.19999999999999996,4,Prescribed bad states; fixed laws need not attain the class-wide frontier,"0,3/4,1/4"
1,-0,three_state,1,"1,0,0",0,-0,5,Prescribed bad states; fixed laws need not attain the class-wide frontier,"0,3/4,1/4"
1,0.49999999999999994,three_state,0,"1,0,0",1,-0.5,6,Prescribed bad states; fixed laws need not attain the class-wide frontier,"0,3/4,1/4"
1,1,three_state,0,"0,0,1",1,0,1,Prescribed bad states; fixed laws need not attain the class-wide frontier,"0,1,0"
1,0.49999999999999994,three_state,0,"0,0,1",1,-0.5,2,Prescribed bad states; fixed laws need not attain the class-wide frontier,"0,1,0"
1,0.49999999999999994,three_state,0,"0,0,1",1,-0.5,3,Prescribed bad states; fixed laws need not attain the class-wide frontier,"0,1,0"
1,-0,three_state,1,"0,0,1",0,-0,4,Prescribed bad states; fixed laws need not attain the class-wide frontier,"0,1,0"
1,-0,three_state,1,"0,0,1",0,-0,5,Prescribed bad states; fixed laws need not attain the class-wide frontier,"0,1,0"
1,-0,three_state,1,"0,0,1",0,-0,6,Prescribed bad states; fixed laws need not attain the class-wide frontier,"0,1,0"
3/4,1,three_state,0,"0,1/4,3/4",1,0,1,Prescribed bad states; fixed laws need not attain the class-wide frontier,"0,1,0"
3/4,0.37499999999999994,three_state,1/4,"0,1/4,3/4",3/4,-0.37500000000000006,2,Prescribed bad states; fixed laws need not attain the class-wide frontier,"0,1,0"
3/4,0.37499999999999994,three_state,1/4,"0,1/4,3/4",3/4,-0.37500000000000006,3,Prescribed bad states; fixed laws need not attain the class-wide frontier,"0,1,0"
3/4,0.25000000000000006,three_state,3/4,"0,1/4,3/4",1/4,5.5511151231257827e-17,4,Prescribed bad states; fixed laws need not attain the class-wide frontier,"0,1,0"
3/4,0.24999999999999994,three_state,3/4,"0,1/4,3/4",1/4,-5.5511151231257827e-17,5,Prescribed bad states; fixed laws need not attain the class-wide frontier,"0,1,0"
3/4,-0,three_state,1,"0,1/4,3/4",0,-0,6,Prescribed bad states; fixed laws need not attain the class-wide frontier,"0,1,0"
1/2,1,three_state,0,"0,1/2,1/2",1,0,1,Prescribed bad states; fixed laws need not attain the class-wide frontier,"0,1,0"
1/2,0.24999999999999997,three_state,1/2,"0,1/2,1/2",1/2,-0.25,2,Prescribed bad states; fixed laws need not attain the class-wide frontier,"0,1,0"
1/2,0.24999999999999997,three_state,1/2,"0,1/2,1/2",1/2,-0.25,3,Prescribed bad states; fixed laws need not attain the class-wide frontier,"0,1,0"
1/2,0.5,three_state,1/2,"0,1/2,1/2",1/2,0,4,Prescribed bad states; fixed laws need not attain the class-wide frontier,"0,1,0"
1/2,0.49999999999999989,three_state,1/2,"0,1/2,1/2",1/2,-1.1102230246251565e-16,5,Prescribed bad states; fixed laws need not attain the class-wide frontier,"0,1,0"
1/2,-0,three_state,1,"0,1/2,1/2",0,-0,6,Prescribed bad states; fixed laws need not attain the class-wide frontier,"0,1,0"
1/4,1,three_state,0,"0,3/4,1/4",1,0,1,Prescribed bad states; fixed laws need not attain the class-wide frontier,"0,1,0"
1/4,0.12499999999999999,three_state,3/4,"0,3/4,1/4",1/6,-0.041666666666666671,2,Prescribed bad states; fixed laws need not attain the class-wide frontier,"0,1,0"
1/4,0.12499999999999999,three_state,3/4,"0,3/4,1/4",1/6,-0.041666666666666671,3,Prescribed bad states; fixed laws need not attain the class-wide frontier,"0,1,0"
1/4,0.75,three_state,1/4,"0,3/4,1/4",3/4,0,4,Prescribed bad states; fixed laws need not attain the class-wide frontier,"0,1,0"
1/4,0.74999999999999989,three_state,1/4,"0,3/4,1/4",3/4,-1.1102230246251565e-16,5,Prescribed bad states; fixed laws need not attain the class-wide frontier,"0,1,0"
1/4,-0,three_state,1,"0,3/4,1/4",0,-0,6,Prescribed bad states; fixed laws need not attain the class-wide frontier,"0,1,0"
0,1,three_state,0,"0,1,0",1,0,1,Prescribed bad states; fixed laws need not attain the class-wide frontier,"0,1,0"
0,-0,three_state,1,"0,1,0",0,-0,2,Prescribed bad states; fixed laws need not attain the class-wide frontier,"0,1,0"
0,-0,three_state,1,"0,1,0",0,-0,3,Prescribed bad states; fixed laws need not attain the class-wide frontier,"0,1,0"
0,1,three_state,0,"0,1,0",1,0,4,Prescribed bad states; fixed laws need not attain the class-wide frontier,"0,1,0"
0,1,three_state,0,"0,1,0",1,0,5,Prescribed bad states; fixed laws need not attain the class-wide frontier,"0,1,0"
0,-0,three_state,1,"0,1,0",0,-0,6,Prescribed bad states; fixed laws need not attain the class-wide frontier,"0,1,0"
1,0.74999999999999989,three_state,1/4,"1/4,0,3/4",3/4,-1.1102230246251565e-16,1,Prescribed bad states; fixed laws need not attain the class-wide frontier,"0,1,0"
1,0.49999999999999994,three_state,0,"1/4,0,3/4",1,-0.5,2,Prescribed bad states; fixed laws need not attain the class-wide frontier,"0,1,0"
1,0.37499999999999994,three_state,1/4,"1/4,0,3/4",3/4,-0.37500000000000006,3,Prescribed bad states; fixed laws need not attain the class-wide frontier,"0,1,0"
1,0.25000000000000006,three_state,3/4,"1/4,0,3/4",1/4,5.5511151231257827e-17,4,Prescribed bad states; fixed laws need not attain the class-wide frontier,"0,1,0"
1,-0,three_state,1,"1/4,0,3/4",0,-0,5,Prescribed bad states; fixed laws need not attain the class-wide frontier,"0,1,0"
1,0.12499999999999999,three_state,3/4,"1/4,0,3/4",1/4,-0.125,6,Prescribed bad states; fixed laws need not attain the class-wide frontier,"0,1,0"
3/4,0.74999999999999989,three_state,1/4,"1/4,1/4,1/2",3/4,-1.1102230246251565e-16,1,Prescribed bad states; fixed laws need not attain the class-wide frontier,"0,1,0"
3/4,0.375,three_state,1/4,"1/4,1/4,1/2",3/4,-0.375,2,Prescribed bad states; fixed laws need not attain the class-wide frontier,"0,1,0"
3/4,0.24999999999999997,three_state,1/2,"1/4,1/4,1/2",1/2,-0.25,3,Prescribed bad states; fixed laws need not attain the class-wide frontier,"0,1,0"
3/4,0.5,three_state,1/2,"1/4,1/4,1/2",1/2,0,4,Prescribed bad states; fixed laws need not attain the class-wide frontier,"0,1,0"
3/4,0.25,three_state,3/4,"1/4,1/4,1/2",1/4,0,5,Prescribed bad states; fixed laws need not attain the class-wide frontier,"0,1,0"
3/4,0.12499999999999999,three_state,3/4,"1/4,1/4,1/2",1/4,-0.125,6,Prescribed bad states; fixed laws need not attain the class-wide frontier,"0,1,0"
1/2,0.74999999999999989,three_state,1/4,"1/4,1/2,1/4",3/4,-1.1102230246251565e-16,1,Prescribed bad states; fixed laws need not attain the class-wide frontier,"0,1,0"
1/2,0.25,three_state,1/2,"1/4,1/2,1/4",1/2,-0.25,2,Prescribed bad states; fixed laws need not attain the class-wide frontier,"0,1,0"
1/2,0.12499999999999999,three_state,3/4,"1/4,1/2,1/4",1/5,-0.075000000000000025,3,Prescribed bad states; fixed laws need not attain the class-wide frontier,"0,1,0"
1/2,0.75,three_state,1/4,"1/4,1/2,1/4",3/4,0,4,Prescribed bad states; fixed laws need not attain the class-wide frontier,"0,1,0"
1/2,0.5,three_state,1/2,"1/4,1/2,1/4",1/2,0,5,Prescribed bad states; fixed laws need not attain the class-wide frontier,"0,1,0"
1/2,0.12499999999999999,three_state,3/4,"1/4,1/2,1/4",1/5,-0.075000000000000025,6,Prescribed bad states; fixed laws need not attain the class-wide frontier,"0,1,0"
1/4,0.74999999999999989,three_state,1/4,"1/4,3/4,0",3/4,-1.1102230246251565e-16,1,Prescribed bad states; fixed laws need not attain the class-wide frontier,"0,1,0"
1/4,0.125,three_state,3/4,"1/4,3/4,0",1/6,-0.041666666666666657,2,Prescribed bad states; fixed laws need not attain the class-wide frontier,"0,1,0"
1/4,-0,three_state,1,"1/4,3/4,0",0,-0,3,Prescribed bad states; fixed laws need not attain the class-wide frontier,"0,1,0"
1/4,1,three_state,0,"1/4,3/4,0",1,0,4,Prescribed bad states; fixed laws need not attain the class-wide frontier,"0,1,0"
1/4,0.75,three_state,1/4,"1/4,3/4,0",3/4,0,5,Prescribed bad states; fixed laws need not attain the class-wide frontier,"0,1,0"
1/4,0.125,three_state,3/4,"1/4,3/4,0",1/6,-0.041666666666666657,6,Prescribed bad states; fixed laws need not attain the class-wide frontier,"0,1,0"
1,0.49999999999999994,three_state,1/2,"1/2,0,1/2",1/2,-5.5511151231257827e-17,1,Prescribed bad states; fixed laws need not attain the class-wide frontier,"0,1,0"
1,0.5,three_state,0,"1/2,0,1/2",1,-0.5,2,Prescribed bad states; fixed laws need not attain the class-wide frontier,"0,1,0"
1,0.24999999999999997,three_state,1/2,"1/2,0,1/2",1/2,-0.25,3,Prescribed bad states; fixed laws need not attain the class-wide frontier,"0,1,0"
1,0.5,three_state,1/2,"1/2,0,1/2",1/2,0,4,Prescribed bad states; fixed laws need not attain the class-wide frontier,"0,1,0"
1,-0,three_state,1,"1/2,0,1/2",0,-0,5,Prescribed bad states; fixed laws need not attain the class-wide frontier,"0,1,0"
1,0.24999999999999997,three_state,1/2,"1/2,0,1/2",1/2,-0.25,6,Prescribed bad states; fixed laws need not attain the class-wide frontier,"0,1,0"
3/4,0.49999999999999989,three_state,1/2,"1/2,1/4,1/4",1/2,-1.1102230246251565e-16,1,Prescribed bad states; fixed laws need not attain the class-wide frontier,"0,1,0"
3/4,0.375,three_state,1/4,"1/2,1/4,1/4",3/4,-0.375,2,Prescribed bad states; fixed laws need not attain the class-wide frontier,"0,1,0"
3/4,0.12499999999999999,three_state,3/4,"1/2,1/4,1/4",1/4,-0.125,3,Prescribed bad states; fixed laws need not attain the class-wide frontier,"0,1,0"
3/4,0.75,three_state,1/4,"1/2,1/4,1/4",3/4,0,4,Prescribed bad states; fixed laws need not attain the class-wide frontier,"0,1,0"
3/4,0.25,three_state,3/4,"1/2,1/4,1/4",1/4,0,5,Prescribed bad states; fixed laws need not attain the class-wide frontier,"0,1,0"
3/4,0.24999999999999997,three_state,1/2,"1/2,1/4,1/4",1/2,-0.25,6,Prescribed bad states; fixed laws need not attain the class-wide frontier,"0,1,0"
1/2,0.49999999999999989,three_state,1/2,"1/2,1/2,0",1/2,-1.1102230246251565e-16,1,Prescribed bad states; fixed laws need not attain the class-wide frontier,"0,1,0"
1/2,0.25,three_state,1/2,"1/2,1/2,0",1/2,-0.25,2,Prescribed bad states; fixed laws need not attain the class-wide frontier,"0,1,0"
1/2,-0,three_state,1,"1/2,1/2,0",0,-0,3,Prescribed bad states; fixed laws need not attain the class-wide frontier,"0,1,0"
1/2,1,three_state,0,"1/2,1/2,0",1,0,4,Prescribed bad states; fixed laws need not attain the class-wide frontier,"0,1,0"
1/2,0.5,three_state,1/2,"1/2,1/2,0",1/2,0,5,Prescribed bad states; fixed laws need not attain the class-wide frontier,"0,1,0"
1/2,0.25,three_state,1/2,"1/2,1/2,0",1/2,-0.25,6,Prescribed bad states; fixed laws need not attain the class-wide frontier,"0,1,0"
1,0.25,three_state,3/4,"3/4,0,1/4",1/4,0,1,Prescribed bad states; fixed laws need not attain the class-wide frontier,"0,1,0"
1,0.5,three_state,0,"3/4,0,1/4",1,-0.5,2,Prescribed bad states; fixed laws need not attain the class-wide frontier,"0,1,0"
1,0.12499999999999999,three_state,3/4,"3/4,0,1/4",1/4,-0.125,3,Prescribed bad states; fixed laws need not attain the class-wide frontier,"0,1,0"
1,0.75,three_state,1/4,"3/4,0,1/4",3/4,0,4,Prescribed bad states; fixed laws need not attain the class-wide frontier,"0,1,0"
1,-0,three_state,1,"3/4,0,1/4",0,-0,5,Prescribed bad states; fixed laws need not attain the class-wide frontier,"0,1,0"
1,0.37499999999999994,three_state,1/4,"3/4,0,1/4",3/4,-0.37500000000000006,6,Prescribed bad states; fixed laws need not attain the class-wide frontier,"0,1,0"
3/4,0.24999999999999994,three_state,3/4,"3/4,1/4,0",1/4,-5.5511151231257827e-17,1,Prescribed bad states; fixed laws need not attain the class-wide frontier,"0,1,0"
3/4,0.375,three_state,1/4,"3/4,1/4,0",3/4,-0.375,2,Prescribed bad states; fixed laws need not attain the class-wide frontier,"0,1,0"
3/4,-0,three_state,1,"3/4,1/4,0",0,-0,3,Prescribed bad states; fixed laws need not attain the class-wide frontier,"0,1,0"
3/4,1,three_state,0,"3/4,1/4,0",1,0,4,Prescribed bad states; fixed laws need not attain the class-wide frontier,"0,1,0"
3/4,0.25000000000000006,three_state,3/4,"3/4,1/4,0",1/4,5.5511151231257827e-17,5,Prescribed bad states; fixed laws need not attain the class-wide frontier,"0,1,0"
3/4,0.375,three_state,1/4,"3/4,1/4,0",3/4,-0.375,6,Prescribed bad states; fixed laws need not attain the class-wide frontier,"0,1,0"
1,-0,three_state,1,"1,0,0",0,-0,1,Prescribed bad states; fixed laws need not attain the class-wide frontier,"0,1,0"
1,0.5,three_state,0,"1,0,0",1,-0.5,2,Prescribed bad states; fixed laws need not attain the class-wide frontier,"0,1,0"
1,-0,three_state,1,"1,0,0",0,-0,3,Prescribed bad states; fixed laws need not attain the class-wide frontier,"0,1,0"
1,1,three_state,0,"1,0,0",1,0,4,Prescribed bad states; fixed laws need not attain the class-wide frontier,"0,1,0"
1,-0,three_state,1,"1,0,0",0,-0,5,Prescribed bad states; fixed laws need not attain the class-wide frontier,"0,1,0"
1,0.5,three_state,0,"1,0,0",1,-0.5,6,Prescribed bad states; fixed laws need not attain the class-wide frontier,"0,1,0"
1/4,0.80000000000000004,three_state,0,"0,0,1",1,-0.19999999999999996,1,Prescribed bad states; fixed laws need not attain the class-wide frontier,"1/4,0,3/4"
1/4,1,three_state,0,"0,0,1",1,0,2,Prescribed bad states; fixed laws need not attain the class-wide frontier,"1/4,0,3/4"
1/4,0.80000000000000004,three_state,0,"0,0,1",1,-0.19999999999999996,3,Prescribed bad states; fixed laws need not attain the class-wide frontier,"1/4,0,3/4"
1/4,-0,three_state,1,"0,0,1",0,-0,4,Prescribed bad states; fixed laws need not attain the class-wide frontier,"1/4,0,3/4"
1/4,-0,three_state,1,"0,0,1",0,-0,5,Prescribed bad states; fixed laws need not attain the class-wide frontier,"1/4,0,3/4"
1/4,-0,three_state,1,"0,0,1",0,-0,6,Prescribed bad states; fixed laws need not attain the class-wide frontier,"1/4,0,3/4"
1/4,0.80000000000000004,three_state,0,"0,1/4,3/4",1,-0.19999999999999996,1,Prescribed bad states; fixed laws need not attain the class-wide frontier,"1/4,0,3/4"
1/4,0.75,three_state,1/4,"0,1/4,3/4",3/4,0,2,Prescribed bad states; fixed laws need not attain the class-wide frontier,"1/4,0,3/4"
1/4,0.59999999999999998,three_state,1/4,"0,1/4,3/4",3/4,-0.15000000000000002,3,Prescribed bad states; fixed laws need not attain the class-wide frontier,"1/4,0,3/4"
1/4,0.14285714285714285,three_state,3/4,"0,1/4,3/4",1/6,-0.023809523809523808,4,Prescribed bad states; fixed laws need not attain the class-wide frontier,"1/4,0,3/4"
1/4,0.12499999999999999,three_state,3/4,"0,1/4,3/4",1/6,-0.041666666666666671,5,Prescribed bad states; fixed laws need not attain the class-wide frontier,"1/4,0,3/4"
1/4,-1.3877787807814457e-17,three_state,1,"0,1/4,3/4",0,-1.3877787807814457e-17,6,Prescribed bad states; fixed laws need not attain the class-wide frontier,"1/4,0,3/4"
1/2,0.80000000000000004,three_state,0,"0,1/2,1/2",1,-0.19999999999999996,1,Prescribed bad states; fixed laws need not attain the class-wide frontier,"1/4,0,3/4"
1/2,0.5,three_state,1/2,"0,1/2,1/2",1/2,0,2,Prescribed bad states; fixed laws need not attain the class-wide frontier,"1/4,0,3/4"
1/2,0.40000000000000002,three_state,1/2,"0,1/2,1/2",1/2,-0.099999999999999978,3,Prescribed bad states; fixed laws need not attain the class-wide frontier,"1/4,0,3/4"
1/2,0.2857142857142857,three_state,1/2,"0,1/2,1/2",1/2,-0.2142857142857143,4,Prescribed bad states; fixed laws need not attain the class-wide frontier,"1/4,0,3/4"
1/2,0.24999999999999997,three_state,1/2,"0,1/2,1/2",1/2,-0.25,5,Prescribed bad states; fixed laws need not attain the class-wide frontier,"1/4,0,3/4"
1/2,-1.3877787807814457e-17,three_state,1,"0,1/2,1/2",0,-1.3877787807814457e-17,6,Prescribed bad states; fixed laws need not attain the class-wide frontier,"1/4,0,3/4"
3/4,0.79999999999999993,three_state,0,"0,3/4,1/4",1,-0.20000000000000007,1,Prescribed bad states; fixed laws need not attain the class-wide frontier,"1/4,0,3/4"
3/4,0.25000000000000006,three_state,3/4,"0,3/4,1/4",1/4,5.5511151231257827e-17,2,Prescribed bad states; fixed laws need not attain the class-wide frontier,"1/4,0,3/4"
3/4,0.20000000000000001,three_state,3/4,"0,3/4,1/4",1/4,-0.049999999999999989,3,Prescribed bad states; fixed laws need not attain the class-wide frontier,"1/4,0,3/4"
3/4,0.42857142857142849,three_state,1/4,"0,3/4,1/4",3/4,-0.32142857142857151,4,Prescribed bad states; fixed laws need not attain the class-wide frontier,"1/4,0,3/4"
3/4,0.37499999999999994,three_state,1/4,"0,3/4,1/4",3/4,-0.37500000000000006,5,Prescribed bad states; fixed laws need not attain the class-wide frontier,"1/4,0,3/4"
3/4,-0,three_state,1,"0,3/4,1/4",0,-0,6,Prescribed bad states; fixed laws need not attain the class-wide frontier,"1/4,0,3/4"
1,0.79999999999999993,three_state,0,"0,1,0",1,-0.20000000000000007,1,Prescribed bad states; fixed laws need not attain the class-wide frontier,"1/4,0,3/4"
1,-0,three_state,1,"0,1,0",0,-0,2,Prescribed bad states; fixed laws need not attain the class-wide frontier,"1/4,0,3/4"
1,-0,three_state,1,"0,1,0",0,-0,3,Prescribed bad states; fixed laws need not attain the class-wide frontier,"1/4,0,3/4"
1,0.5714285714285714,three_state,0,"0,1,0",1,-0.4285714285714286,4,Prescribed bad states; fixed laws need not attain the class-wide frontier,"1/4,0,3/4"
1,0.49999999999999994,three_state,0,"0,1,0",1,-0.5,5,Prescribed bad states; fixed laws need not attain the class-wide frontier,"1/4,0,3/4"
1,-0,three_state,1,"0,1,0",0,-0,6,Prescribed bad states; fixed laws need not attain the class-wide frontier,"1/4,0,3/4"
0,0.59999999999999998,three_state,1/4,"1/4,0,3/4",3/5,0,1,Prescribed bad states; fixed laws need not attain the class-wide frontier,"1/4,0,3/4"
0,1,three_state,0,"1/4,0,3/4",1,0,2,Prescribed bad states; fixed laws need not attain the class-wide frontier,"1/4,0,3/4"
0,0.59999999999999998,three_state,1/4,"1/4,0,3/4",3/5,0,3,Prescribed bad states; fixed laws need not attain the class-wide frontier,"1/4,0,3/4"
0,0.14285714285714285,three_state,3/4,"1/4,0,3/4",1/7,0,4,Prescribed bad states; fixed laws need not attain the class-wide frontier,"1/4,0,3/4"
0,-0,three_state,1,"1/4,0,3/4",0,-0,5,Prescribed bad states; fixed laws need not attain the class-wide frontier,"1/4,0,3/4"
0,0.14285714285714285,three_state,3/4,"1/4,0,3/4",1/7,0,6,Prescribed bad states; fixed laws need not attain the class-wide frontier,"1/4,0,3/4"
1/4,0.59999999999999998,three_state,1/4,"1/4,1/4,1/2",3/4,-0.15000000000000002,1,Prescribed bad states; fixed laws need not attain the class-wide frontier,"1/4,0,3/4"
1/4,0.75,three_state,1/4,"1/4,1/4,1/2",3/4,0,2,Prescribed bad states; fixed laws need not attain the class-wide frontier,"1/4,0,3/4"
1/4,0.40000000000000002,three_state,1/2,"1/4,1/4,1/2",2/5,0,3,Prescribed bad states; fixed laws need not attain the class-wide frontier,"1/4,0,3/4"
1/4,0.2857142857142857,three_state,1/2,"1/4,1/4,1/2",2/5,-0.11428571428571432,4,Prescribed bad states; fixed laws need not attain the class-wide frontier,"1/4,0,3/4"
1/4,0.12499999999999999,three_state,3/4,"1/4,1/4,1/2",1/6,-0.041666666666666671,5,Prescribed bad states; fixed laws need not attain the class-wide frontier,"1/4,0,3/4"
1/4,0.14285714285714288,three_state,3/4,"1/4,1/4,1/2",1/6,-0.02380952380952378,6,Prescribed bad states; fixed laws need not attain the class-wide frontier,"1/4,0,3/4"
1/2,0.59999999999999998,three_state,1/4,"1/4,1/2,1/4",3/4,-0.15000000000000002,1,Prescribed bad states; fixed laws need not attain the class-wide frontier,"1/4,0,3/4"
1/2,0.5,three_state,1/2,"1/4,1/2,1/4",1/2,0,2,Prescribed bad states; fixed laws need not attain the class-wide frontier,"1/4,0,3/4"
1/2,0.20000000000000001,three_state,3/4,"1/4,1/2,1/4",1/5,0,3,Prescribed bad states; fixed laws need not attain the class-wide frontier,"1/4,0,3/4"
1/2,0.4285714285714286,three_state,1/4,"1/4,1/2,1/4",3/4,-0.3214285714285714,4,Prescribed bad states; fixed laws need not attain the class-wide frontier,"1/4,0,3/4"
1/2,0.24999999999999997,three_state,1/2,"1/4,1/2,1/4",1/2,-0.25,5,Prescribed bad states; fixed laws need not attain the class-wide frontier,"1/4,0,3/4"
1/2,0.14285714285714288,three_state,3/4,"1/4,1/2,1/4",1/5,-0.057142857142857134,6,Prescribed bad states; fixed laws need not attain the class-wide frontier,"1/4,0,3/4"
3/4,0.59999999999999998,three_state,1/4,"1/4,3/4,0",3/4,-0.15000000000000002,1,Prescribed bad states; fixed laws need not attain the class-wide frontier,"1/4,0,3/4"
3/4,0.25000000000000006,three_state,3/4,"1/4,3/4,0",1/4,5.5511151231257827e-17,2,Prescribed bad states; fixed laws need not attain the class-wide frontier,"1/4,0,3/4"
3/4,-0,three_state,1,"1/4,3/4,0",0,-0,3,Prescribed bad states; fixed laws need not attain the class-wide frontier,"1/4,0,3/4"
3/4,0.5714285714285714,three_state,0,"1/4,3/4,0",1,-0.4285714285714286,4,Prescribed bad states; fixed laws need not attain the class-wide frontier,"1/4,0,3/4"
3/4,0.37499999999999994,three_state,1/4,"1/4,3/4,0",3/4,-0.37500000000000006,5,Prescribed bad states; fixed laws need not attain the class-wide frontier,"1/4,0,3/4"
3/4,0.14285714285714285,three_state,3/4,"1/4,3/4,0",1/4,-0.10714285714285715,6,Prescribed bad states; fixed laws need not attain the class-wide frontier,"1/4,0,3/4"
1/4,0.40000000000000002,three_state,1/2,"1/2,0,1/2",2/5,0,1,Prescribed bad states; fixed laws need not attain the class-wide frontier,"1/4,0,3/4"
1/4,1,three_state,0,"1/2,0,1/2",1,0,2,Prescribed bad states; fixed laws need not attain the class-wide frontier,"1/4,0,3/4"
1/4,0.40000000000000002,three_state,1/2,"1/2,0,1/2",2/5,0,3,Prescribed bad states; fixed laws need not attain the class-wide frontier,"1/4,0,3/4"
1/4,0.2857142857142857,three_state,1/2,"1/2,0,1/2",2/5,-0.11428571428571432,4,Prescribed bad states; fixed laws need not attain the class-wide frontier,"1/4,0,3/4"
1/4,-0,three_state,1,"1/2,0,1/2",0,-0,5,Prescribed bad states; fixed laws need not attain the class-wide frontier,"1/4,0,3/4"
1/4,0.2857142857142857,three_state,1/2,"1/2,0,1/2",2/5,-0.11428571428571432,6,Prescribed bad states; fixed laws need not attain the class-wide frontier,"1/4,0,3/4"
1/2,0.40000000000000002,three_state,1/2,"1/2,1/4,1/4",1/2,-0.099999999999999978,1,Prescribed bad states; fixed laws need not attain the class-wide frontier,"1/4,0,3/4"
1/2,0.75,three_state,1/4,"1/2,1/4,1/4",3/4,0,2,Prescribed bad states; fixed laws need not attain the class-wide frontier,"1/4,0,3/4"
1/2,0.20000000000000001,three_state,3/4,"1/2,1/4,1/4",1/5,0,3,Prescribed bad states; fixed laws need not attain the class-wide frontier,"1/4,0,3/4"
1/2,0.4285714285714286,three_state,1/4,"1/2,1/4,1/4",3/4,-0.3214285714285714,4,Prescribed bad states; fixed laws need not attain the class-wide frontier,"1/4,0,3/4"
1/2,0.12499999999999999,three_state,3/4,"1/2,1/4,1/4",1/5,-0.075000000000000025,5,Prescribed bad states; fixed laws need not attain the class-wide frontier,"1/4,0,3/4"
1/2,0.2857142857142857,three_state,1/2,"1/2,1/4,1/4",1/2,-0.2142857142857143,6,Prescribed bad states; fixed laws need not attain the class-wide frontier,"1/4,0,3/4"
3/4,0.40000000000000002,three_state,1/2,"1/2,1/2,0",1/2,-0.099999999999999978,1,Prescribed bad states; fixed laws need not attain the class-wide frontier,"1/4,0,3/4"
3/4,0.5,three_state,1/2,"1/2,1/2,0",1/2,0,2,Prescribed bad states; fixed laws need not attain the class-wide frontier,"1/4,0,3/4"
3/4,-0,three_state,1,"1/2,1/2,0",0,-0,3,Prescribed bad states; fixed laws need not attain the class-wide frontier,"1/4,0,3/4"
3/4,0.5714285714285714,three_state,0,"1/2,1/2,0",1,-0.4285714285714286,4,Prescribed bad states; fixed laws need not attain the class-wide frontier,"1/4,0,3/4"
3/4,0.24999999999999997,three_state,1/2,"1/2,1/2,0",1/2,-0.25,5,Prescribed bad states; fixed laws need not attain the class-wide frontier,"1/4,0,3/4"
3/4,0.28571428571428575,three_state,1/2,"1/2,1/2,0",1/2,-0.21428571428571425,6,Prescribed bad states; fixed laws need not attain the class-wide frontier,"1/4,0,3/4"
1/2,0.20000000000000001,three_state,3/4,"3/4,0,1/4",1/5,0,1,Prescribed bad states; fixed laws need not attain the class-wide frontier,"1/4,0,3/4"
1/2,1,three_state,0,"3/4,0,1/4",1,0,2,Prescribed bad states; fixed laws need not attain the class-wide frontier,"1/4,0,3/4"
1/2,0.20000000000000001,three_state,3/4,"3/4,0,1/4",1/5,0,3,Prescribed bad states; fixed laws need not attain the class-wide frontier,"1/4,0,3/4"
1/2,0.4285714285714286,three_state,1/4,"3/4,0,1/4",3/4,-0.3214285714285714,4,Prescribed bad states; fixed laws need not attain the class-wide frontier,"1/4,0,3/4"
1/2,-0,three_state,1,"3/4,0,1/4",0,-0,5,Prescribed bad states; fixed laws need not attain the class-wide frontier,"1/4,0,3/4"
1/2,0.4285714285714286,three_state,1/4,"3/4,0,1/4",3/4,-0.3214285714285714,6,Prescribed bad states; fixed laws need not attain the class-wide frontier,"1/4,0,3/4"
3/4,0.20000000000000001,three_state,3/4,"3/4,1/4,0",1/4,-0.049999999999999989,1,Prescribed bad states; fixed laws need not attain the class-wide frontier,"1/4,0,3/4"
3/4,0.75,three_state,1/4,"3/4,1/4,0",3/4,0,2,Prescribed bad states; fixed laws need not attain the class-wide frontier,"1/4,0,3/4"
3/4,-0,three_state,1,"3/4,1/4,0",0,-0,3,Prescribed bad states; fixed laws need not attain the class-wide frontier,"1/4,0,3/4"
3/4,0.5714285714285714,three_state,0,"3/4,1/4,0",1,-0.4285714285714286,4,Prescribed bad states; fixed laws need not attain the class-wide frontier,"1/4,0,3/4"
3/4,0.12499999999999999,three_state,3/4,"3/4,1/4,0",1/4,-0.125,5,Prescribed bad states; fixed laws need not attain the class-wide frontier,"1/4,0,3/4"
3/4,0.4285714285714286,three_state,1/4,"3/4,1/4,0",3/4,-0.3214285714285714,6,Prescribed bad states; fixed laws need not attain the class-wide frontier,"1/4,0,3/4"
3/4,-0,three_state,1,"1,0,0",0,-0,1,Prescribed bad states; fixed laws need not attain the class-wide frontier,"1/4,0,3/4"
3/4,1,three_state,0,"1,0,0",1,0,2,Prescribed bad states; fixed laws need not attain the class-wide frontier,"1/4,0,3/4"
3/4,-0,three_state,1,"1,0,0",0,-0,3,Prescribed bad states; fixed laws need not attain the class-wide frontier,"1/4,0,3/4"
3/4,0.5714285714285714,three_state,0,"1,0,0",1,-0.4285714285714286,4,Prescribed bad states; fixed laws need not attain the class-wide frontier,"1/4,0,3/4"
3/4,-0,three_state,1,"1,0,0",0,-0,5,Prescribed bad states; fixed laws need not attain the class-wide frontier,"1/4,0,3/4"
3/4,0.5714285714285714,three_state,0,"1,0,0",1,-0.4285714285714286,6,Prescribed bad states; fixed laws need not attain the class-wide frontier,"1/4,0,3/4"
1/2,0.79999999999999993,three_state,0,"0,0,1",1,-0.20000000000000007,1,Prescribed bad states; fixed laws need not attain the class-wide frontier,"1/4,1/4,1/2"
1/2,0.79999999999999993,three_state,0,"0,0,1",1,-0.20000000000000007,2,Prescribed bad states; fixed laws need not attain the class-wide frontier,"1/4,1/4,1/2"
1/2,0.66666666666666652,three_state,0,"0,0,1",1,-0.33333333333333348,3,Prescribed bad states; fixed laws need not attain the class-wide frontier,"1/4,1/4,1/2"
1/2,-0,three_state,1,"0,0,1",0,-0,4,Prescribed bad states; fixed laws need not attain the class-wide frontier,"1/4,1/4,1/2"
1/2,1.3877787807814457e-17,three_state,1,"0,0,1",0,1.3877787807814457e-17,5,Prescribed bad states; fixed laws need not attain the class-wide frontier,"1/4,1/4,1/2"
1/2,-1.3877787807814457e-17,three_state,1,"0,0,1",0,-1.3877787807814457e-17,6,Prescribed bad states; fixed laws need not attain the class-wide frontier,"1/4,1/4,1/2"
1/4,0.79999999999999982,three_state,0,"0,1/4,3/4",1,-0.20000000000000018,1,Prescribed bad states; fixed laws need not attain the class-wide frontier,"1/4,1/4,1/2"
1/4,0.59999999999999987,three_state,1/4,"0,1/4,3/4",3/4,-0.15000000000000013,2,Prescribed bad states; fixed laws need not attain the class-wide frontier,"1/4,1/4,1/2"
1/4,0.49999999999999989,three_state,1/4,"0,1/4,3/4",3/4,-0.25000000000000011,3,Prescribed bad states; fixed laws need not attain the class-wide frontier,"1/4,1/4,1/2"
1/4,0.16666666666666669,three_state,3/4,"0,1/4,3/4",1/6,2.7755575615628914e-17,4,Prescribed bad states; fixed laws need not attain the class-wide frontier,"1/4,1/4,1/2"
1/4,0.14285714285714285,three_state,3/4,"0,1/4,3/4",1/6,-0.023809523809523808,5,Prescribed bad states; fixed laws need not attain the class-wide frontier,"1/4,1/4,1/2"
1/4,-0,three_state,1,"0,1/4,3/4",0,-0,6,Prescribed bad states; fixed laws need not attain the class-wide frontier,"1/4,1/4,1/2"
1/4,0.79999999999999993,three_state,0,"0,1/2,1/2",1,-0.20000000000000007,1,Prescribed bad states; fixed laws need not attain the class-wide frontier,"1/4,1/4,1/2"
1/4,0.39999999999999997,three_state,1/2,"0,1/2,1/2",2/5,-5.5511151231257827e-17,2,Prescribed bad states; fixed laws need not attain the class-wide frontier,"1/4,1/4,1/2"
1/4,0.33333333333333326,three_state,1/2,"0,1/2,1/2",2/5,-0.066666666666666763,3,Prescribed bad states; fixed laws need not attain the class-wide frontier,"1/4,1/4,1/2"
1/4,0.33333333333333337,three_state,1/2,"0,1/2,1/2",2/5,-0.066666666666666652,4,Prescribed bad states; fixed laws need not attain the class-wide frontier,"1/4,1/4,1/2"
1/4,0.2857142857142857,three_state,1/2,"0,1/2,1/2",2/5,-0.11428571428571432,5,Prescribed bad states; fixed laws need not attain the class-wide frontier,"1/4,1/4,1/2"
1/4,-0,three_state,1,"0,1/2,1/2",0,-0,6,Prescribed bad states; fixed laws need not attain the class-wide frontier,"1/4,1/4,1/2"
1/2,0.80000000000000004,three_state,0,"0,3/4,1/4",1,-0.19999999999999996,1,Prescribed bad states; fixed laws need not attain the class-wide frontier,"1/4,1/4,1/2"
1/2,0.20000000000000001,three_state,3/4,"0,3/4,1/4",1/5,0,2,Prescribed bad states; fixed laws need not attain the class-wide frontier,"1/4,1/4,1/2"
1/2,0.16666666666666663,three_state,3/4,"0,3/4,1/4",1/5,-0.033333333333333381,3,Prescribed bad states; fixed laws need not attain the class-wide frontier,"1/4,1/4,1/2"
1/2,0.5,three_state,1/4,"0,3/4,1/4",3/4,-0.25,4,Prescribed bad states; fixed laws need not attain the class-wide frontier,"1/4,1/4,1/2"
1/2,0.4285714285714286,three_state,1/4,"0,3/4,1/4",3/4,-0.3214285714285714,5,Prescribed bad states; fixed laws need not attain the class-wide frontier,"1/4,1/4,1/2"
1/2,-0,three_state,1,"0,3/4,1/4",0,-0,6,Prescribed bad states; fixed laws need not attain the class-wide frontier,"1/4,1/4,1/2"
3/4,0.80000000000000004,three_state,0,"0,1,0",1,-0.19999999999999996,1,Prescribed bad states; fixed laws need not attain the class-wide frontier,"1/4,1/4,1/2"
3/4,-0,three_state,1,"0,1,0",0,-0,2,Prescribed bad states; fixed laws need not attain the class-wide frontier,"1/4,1/4,1/2"
3/4,-5.5511151231257827e-17,three_state,1,"0,1,0",0,-5.5511151231257827e-17,3,Prescribed bad states; fixed laws need not attain the class-wide frontier,"1/4,1/4,1/2"
3/4,0.66666666666666663,three_state,0,"0,1,0",1,-0.33333333333333337,4,Prescribed bad states; fixed laws need not attain the class-wide frontier,"1/4,1/4,1/2"
3/4,0.5714285714285714,three_state,0,"0,1,0",1,-0.4285714285714286,5,Prescribed bad states; fixed laws need not attain the class-wide frontier,"1/4,1/4,1/2"
3/4,-6.9388939039072284e-18,three_state,1,"0,1,0",0,-6.9388939039072284e-18,6,Prescribed bad states; fixed laws need not attain the class-wide frontier,"1/4,1/4,1/2"
1/4,0.59999999999999987,three_state,1/4,"1/4,0,3/4",3/4,-0.15000000000000013,1,Prescribed bad states; fixed laws need not attain the class-wide frontier,"1/4,1/4,1/2"
1/4,0.79999999999999982,three_state,0,"1/4,0,3/4",1,-0.20000000000000018,2,Prescribed bad states; fixed laws need not attain the class-wide frontier,"1/4,1/4,1/2"
1/4,0.49999999999999989,three_state,1/4,"1/4,0,3/4",3/4,-0.25000000000000011,3,Prescribed bad states; fixed laws need not attain the class-wide frontier,"1/4,1/4,1/2"
1/4,0.16666666666666669,three_state,3/4,"1/4,0,3/4",1/6,2.7755575615628914e-17,4,Prescribed bad states; fixed laws need not attain the class-wide frontier,"1/4,1/4,1/2"
1/4,-0,three_state,1,"1/4,0,3/4",0,-0,5,Prescribed bad states; fixed laws need not attain the class-wide frontier,"1/4,1/4,1/2"
1/4,0.14285714285714285,three_state,3/4,"1/4,0,3/4",1/6,-0.023809523809523808,6,Prescribed bad states; fixed laws need not attain the class-wide frontier,"1/4,1/4,1/2"
0,0.59999999999999998,three_state,1/4,"1/4,1/4,1/2",3/5,0,1,Prescribed bad states; fixed laws need not attain the class-wide frontier,"1/4,1/4,1/2"
0,0.59999999999999998,three_state,1/4,"1/4,1/4,1/2",3/5,0,2,Prescribed bad states; fixed laws need not attain the class-wide frontier,"1/4,1/4,1/2"
0,0.33333333333333326,three_state,1/2,"1/4,1/4,1/2",1/3,-5.5511151231257827e-17,3,Prescribed bad states; fixed laws need not attain the class-wide frontier,"1/4,1/4,1/2"
0,0.33333333333333337,three_state,1/2,"1/4,1/4,1/2",1/3,5.5511151231257827e-17,4,Prescribed bad states; fixed laws need not attain the class-wide frontier,"1/4,1/4,1/2"
0,0.14285714285714288,three_state,3/4,"1/4,1/4,1/2",1/7,2.7755575615628914e-17,5,Prescribed bad states; fixed laws need not attain the class-wide frontier,"1/4,1/4,1/2"
0,0.14285714285714288,three_state,3/4,"1/4,1/4,1/2",1/7,2.7755575615628914e-17,6,Prescribed bad states; fixed laws need not attain the class-wide frontier,"1/4,1/4,1/2"
1/4,0.59999999999999998,three_state,1/4,"1/4,1/2,1/4",3/4,-0.15000000000000002,1,Prescribed bad states; fixed laws need not attain the class-wide frontier,"1/4,1/4,1/2"
1/4,0.40000000000000002,three_state,1/2,"1/4,1/2,1/4",2/5,0,2,Prescribed bad states; fixed laws need not attain the class-wide frontier,"1/4,1/4,1/2"
1/4,0.16666666666666663,three_state,3/4,"1/4,1/2,1/4",1/6,-2.7755575615628914e-17,3,Prescribed bad states; fixed laws need not attain the class-wide frontier,"1/4,1/4,1/2"
1/4,0.5,three_state,1/4,"1/4,1/2,1/4",3/4,-0.25,4,Prescribed bad states; fixed laws need not attain the class-wide frontier,"1/4,1/4,1/2"
1/4,0.2857142857142857,three_state,1/2,"1/4,1/2,1/4",2/5,-0.11428571428571432,5,Prescribed bad states; fixed laws need not attain the class-wide frontier,"1/4,1/4,1/2"
1/4,0.14285714285714285,three_state,3/4,"1/4,1/2,1/4",1/6,-0.023809523809523808,6,Prescribed bad states; fixed laws need not attain the class-wide frontier,"1/4,1/4,1/2"
1/2,0.59999999999999998,three_state,1/4,"1/4,3/4,0",3/4,-0.15000000000000002,1,Prescribed bad states; fixed laws need not attain the class-wide frontier,"1/4,1/4,1/2"
1/2,0.20000000000000001,three_state,3/4,"1/4,3/4,0",1/5,0,2,Prescribed bad states; fixed laws need not attain the class-wide frontier,"1/4,1/4,1/2"
1/2,-5.5511151231257827e-17,three_state,1,"1/4,3/4,0",0,-5.5511151231257827e-17,3,Prescribed bad states; fixed laws need not attain the class-wide frontier,"1/4,1/4,1/2"
1/2,0.66666666666666663,three_state,0,"1/4,3/4,0",1,-0.33333333333333337,4,Prescribed bad states; fixed laws need not attain the class-wide frontier,"1/4,1/4,1/2"
1/2,0.4285714285714286,three_state,1/4,"1/4,3/4,0",3/4,-0.3214285714285714,5,Prescribed bad states; fixed laws need not attain the class-wide frontier,"1/4,1/4,1/2"
1/2,0.14285714285714285,three_state,3/4,"1/4,3/4,0",1/5,-0.057142857142857162,6,Prescribed bad states; fixed laws need not attain the class-wide frontier,"1/4,1/4,1/2"
1/4,0.39999999999999997,three_state,1/2,"1/2,0,1/2",2/5,-5.5511151231257827e-17,1,Prescribed bad states; fixed laws need not attain the class-wide frontier,"1/4,1/4,1/2"
1/4,0.79999999999999993,three_state,0,"1/2,0,1/2",1,-0.20000000000000007,2,Prescribed bad states; fixed laws need not attain the class-wide frontier,"1/4,1/4,1/2"
1/4,0.33333333333333326,three_state,1/2,"1/2,0,1/2",2/5,-0.066666666666666763,3,Prescribed bad states; fixed laws need not attain the class-wide frontier,"1/4,1/4,1/2"
1/4,0.33333333333333337,three_state,1/2,"1/2,0,1/2",2/5,-0.066666666666666652,4,Prescribed bad states; fixed laws need not attain the class-wide frontier,"1/4,1/4,1/2"
1/4,-0,three_state,1,"1/2,0,1/2",0,-0,5,Prescribed bad states; fixed laws need not attain the class-wide frontier,"1/4,1/4,1/2"
1/4,0.2857142857142857,three_state,1/2,"1/2,0,1/2",2/5,-0.11428571428571432,6,Prescribed bad states; fixed laws need not attain the class-wide frontier,"1/4,1/4,1/2"
1/4,0.40000000000000002,three_state,1/2,"1/2,1/4,1/4",2/5,0,1,Prescribed bad states; fixed laws need not attain the class-wide frontier,"1/4,1/4,1/2"
1/4,0.59999999999999998,three_state,1/4,"1/2,1/4,1/4",3/4,-0.15000000000000002,2,Prescribed bad states; fixed laws need not attain the class-wide frontier,"1/4,1/4,1/2"
1/4,0.16666666666666663,three_state,3/4,"1/2,1/4,1/4",1/6,-2.7755575615628914e-17,3,Prescribed bad states; fixed laws need not attain the class-wide frontier,"1/4,1/4,1/2"
1/4,0.5,three_state,1/4,"1/2,1/4,1/4",3/4,-0.25,4,Prescribed bad states; fixed laws need not attain the class-wide frontier,"1/4,1/4,1/2"
1/4,0.14285714285714285,three_state,3/4,"1/2,1/4,1/4",1/6,-0.023809523809523808,5,Prescribed bad states; fixed laws need not attain the class-wide frontier,"1/4,1/4,1/2"
1/4,0.2857142857142857,three_state,1/2,"1/2,1/4,1/4",2/5,-0.11428571428571432,6,Prescribed bad states; fixed laws need not attain the class-wide frontier,"1/4,1/4,1/2"
1/2,0.40000000000000002,three_state,1/2,"1/2,1/2,0",1/2,-0.099999999999999978,1,Prescribed bad states; fixed laws need not attain the class-wide frontier,"1/4,1/4,1/2"
1/2,0.40000000000000002,three_state,1/2,"1/2,1/2,0",1/2,-0.099999999999999978,2,Prescribed bad states; fixed laws need not attain the class-wide frontier,"1/4,1/4,1/2"
1/2,-0,three_state,1,"1/2,1/2,0",0,-0,3,Prescribed bad states; fixed laws need not attain the class-wide frontier,"1/4,1/4,1/2"
1/2,0.66666666666666663,three_state,0,"1/2,1/2,0",1,-0.33333333333333337,4,Prescribed bad states; fixed laws need not attain the class-wide frontier,"1/4,1/4,1/2"
1/2,0.28571428571428575,three_state,1/2,"1/2,1/2,0",1/2,-0.21428571428571425,5,Prescribed bad states; fixed laws need not attain the class-wide frontier,"1/4,1/4,1/2"
1/2,0.28571428571428575,three_state,1/2,"1/2,1/2,0",1/2,-0.21428571428571425,6,Prescribed bad states; fixed laws need not attain the class-wide frontier,"1/4,1/4,1/2"
1/2,0.20000000000000001,three_state,3/4,"3/4,0,1/4",1/5,0,1,Prescribed bad states; fixed laws need not attain the class-wide frontier,"1/4,1/4,1/2"
1/2,0.80000000000000004,three_state,0,"3/4,0,1/4",1,-0.19999999999999996,2,Prescribed bad states; fixed laws need not attain the class-wide frontier,"1/4,1/4,1/2"
1/2,0.16666666666666666,three_state,3/4,"3/4,0,1/4",1/5,-0.033333333333333354,3,Prescribed bad states; fixed laws need not attain the class-wide frontier,"1/4,1/4,1/2"
1/2,0.5,three_state,1/4,"3/4,0,1/4",3/4,-0.25,4,Prescribed bad states; fixed laws need not attain the class-wide frontier,"1/4,1/4,1/2"
1/2,-0,three_state,1,"3/4,0,1/4",0,-0,5,Prescribed bad states; fixed laws need not attain the class-wide frontier,"1/4,1/4,1/2"
1/2,0.4285714285714286,three_state,1/4,"3/4,0,1/4",3/4,-0.3214285714285714,6,Prescribed bad states; fixed laws need not attain the class-wide frontier,"1/4,1/4,1/2"
1/2,0.20000000000000001,three_state,3/4,"3/4,1/4,0",1/5,0,1,Prescribed bad states; fixed laws need not attain the class-wide frontier,"1/4,1/4,1/2"
1/2,0.59999999999999998,three_state,1/4,"3/4,1/4,0",3/4,-0.15000000000000002,2,Prescribed bad states; fixed laws need not attain the class-wide frontier,"1/4,1/4,1/2"
1/2,-0,three_state,1,"3/4,1/4,0",0,-0,3,Prescribed bad states; fixed laws need not attain the class-wide frontier,"1/4,1/4,1/2"
1/2,0.66666666666666663,three_state,0,"3/4,1/4,0",1,-0.33333333333333337,4,Prescribed bad states; fixed laws need not attain the class-wide frontier,"1/4,1/4,1/2"
1/2,0.14285714285714285,three_state,3/4,"3/4,1/4,0",1/5,-0.057142857142857162,5,Prescribed bad states; fixed laws need not attain the class-wide frontier,"1/4,1/4,1/2"
1/2,0.4285714285714286,three_state,1/4,"3/4,1/4,0",3/4,-0.3214285714285714,6,Prescribed bad states; fixed laws need not attain the class-wide frontier,"1/4,1/4,1/2"
3/4,-0,three_state,1,"1,0,0",0,-0,1,Prescribed bad states; fixed laws need not attain the class-wide frontier,"1/4,1/4,1/2"
3/4,0.80000000000000004,three_state,0,"1,0,0",1,-0.19999999999999996,2,Prescribed bad states; fixed laws need not attain the class-wide frontier,"1/4,1/4,1/2"
3/4,-0,three_state,1,"1,0,0",0,-0,3,Prescribed bad states; fixed laws need not attain the class-wide frontier,"1/4,1/4,1/2"
3/4,0.66666666666666663,three_state,0,"1,0,0",1,-0.33333333333333337,4,Prescribed bad states; fixed laws need not attain the class-wide frontier,"1/4,1/4,1/2"
3/4,6.9388939039072284e-18,three_state,1,"1,0,0",0,6.9388939039072284e-18,5,Prescribed bad states; fixed laws need not attain the class-wide frontier,"1/4,1/4,1/2"
3/4,0.5714285714285714,three_state,0,"1,0,0",1,-0.4285714285714286,6,Prescribed bad states; fixed laws need not attain the class-wide frontier,"1/4,1/4,1/2"
3/4,0.80000000000000004,three_state,0,"0,0,1",1,-0.19999999999999996,1,Prescribed bad states; fixed laws need not attain the class-wide frontier,"1/4,1/2,1/4"
3/4,0.66666666666666663,three_state,0,"0,0,1",1,-0.33333333333333337,2,Prescribed bad states; fixed laws need not attain the class-wide frontier,"1/4,1/2,1/4"
3/4,0.5714285714285714,three_state,0,"0,0,1",1,-0.4285714285714286,3,Prescribed bad states; fixed laws need not attain the class-wide frontier,"1/4,1/2,1/4"
3/4,-0,three_state,1,"0,0,1",0,-0,4,Prescribed bad states; fixed laws need not attain the class-wide frontier,"1/4,1/2,1/4"
3/4,-5.5511151231257827e-17,three_state,1,"0,0,1",0,-5.5511151231257827e-17,5,Prescribed bad states; fixed laws need not attain the class-wide frontier,"1/4,1/2,1/4"
3/4,2.7755575615628914e-17,three_state,1,"0,0,1",0,2.7755575615628914e-17,6,Prescribed bad states; fixed laws need not attain the class-wide frontier,"1/4,1/2,1/4"
1/2,0.80000000000000004,three_state,0,"0,1/4,3/4",1,-0.19999999999999996,1,Prescribed bad states; fixed laws need not attain the class-wide frontier,"1/4,1/2,1/4"
1/2,0.5,three_state,1/4,"0,1/4,3/4",3/4,-0.25,2,Prescribed bad states; fixed laws need not attain the class-wide frontier,"1/4,1/2,1/4"
1/2,0.4285714285714286,three_state,1/4,"0,1/4,3/4",3/4,-0.3214285714285714,3,Prescribed bad states; fixed laws need not attain the class-wide frontier,"1/4,1/2,1/4"
1/2,0.20000000000000001,three_state,3/4,"0,1/4,3/4",1/5,0,4,Prescribed bad states; fixed laws need not attain the class-wide frontier,"1/4,1/2,1/4"
1/2,0.1666666666666666,three_state,3/4,"0,1/4,3/4",1/5,-0.033333333333333409,5,Prescribed bad states; fixed laws need not attain the class-wide frontier,"1/4,1/2,1/4"
1/2,1.3877787807814457e-17,three_state,1,"0,1/4,3/4",0,1.3877787807814457e-17,6,Prescribed bad states; fixed laws need not attain the class-wide frontier,"1/4,1/2,1/4"
1/4,0.79999999999999993,three_state,0,"0,1/2,1/2",1,-0.20000000000000007,1,Prescribed bad states; fixed laws need not attain the class-wide frontier,"1/4,1/2,1/4"
1/4,0.33333333333333337,three_state,1/2,"0,1/2,1/2",2/5,-0.066666666666666652,2,Prescribed bad states; fixed laws need not attain the class-wide frontier,"1/4,1/2,1/4"
1/4,0.2857142857142857,three_state,1/2,"0,1/2,1/2",2/5,-0.11428571428571432,3,Prescribed bad states; fixed laws need not attain the class-wide frontier,"1/4,1/2,1/4"
1/4,0.40000000000000002,three_state,1/2,"0,1/2,1/2",2/5,0,4,Prescribed bad states; fixed laws need not attain the class-wide frontier,"1/4,1/2,1/4"
1/4,0.33333333333333326,three_state,1/2,"0,1/2,1/2",2/5,-0.066666666666666763,5,Prescribed bad states; fixed laws need not attain the class-wide frontier,"1/4,1/2,1/4"
1/4,-0,three_state,1,"0,1/2,1/2",0,-0,6,Prescribed bad states; fixed laws need not attain the class-wide frontier,"1/4,1/2,1/4"
1/4,0.79999999999999993,three_state,0,"0,3/4,1/4",1,-0.20000000000000007,1,Prescribed bad states; fixed laws need not attain the class-wide frontier,"1/4,1/2,1/4"
1/4,0.16666666666666669,three_state,3/4,"0,3/4,1/4",1/6,2.7755575615628914e-17,2,Prescribed bad states; fixed laws need not attain the class-wide frontier,"1/4,1/2,1/4"
1/4,0.14285714285714285,three_state,3/4,"0,3/4,1/4",1/6,-0.023809523809523808,3,Prescribed bad states; fixed laws need not attain the class-wide frontier,"1/4,1/2,1/4"
1/4,0.59999999999999987,three_state,1/4,"0,3/4,1/4",3/4,-0.15000000000000013,4,Prescribed bad states; fixed laws need not attain the class-wide frontier,"1/4,1/2,1/4"
1/4,0.49999999999999989,three_state,1/4,"0,3/4,1/4",3/4,-0.25000000000000011,5,Prescribed bad states; fixed laws need not attain the class-wide frontier,"1/4,1/2,1/4"
1/4,6.9388939039072284e-18,three_state,1,"0,3/4,1/4",0,6.9388939039072284e-18,6,Prescribed bad states; fixed laws need not attain the class-wide frontier,"1/4,1/2,1/4"
1/2,0.79999999999999993,three_state,0,"0,1,0",1,-0.20000000000000007,1,Prescribed bad states; fixed laws need not attain the class-wide frontier,"1/4,1/2,1/4"
1/2,-0,three_state,1,"0,1,0",0,-0,2,Prescribed bad states; fixed laws need not attain the class-wide frontier,"1/4,1/2,1/4"
1/2,-0,three_state,1,"0,1,0",0,-0,3,Prescribed bad states; fixed laws need not attain the class-wide frontier,"1/4,1/2,1/4"
1/2,0.79999999999999993,three_state,0,"0,1,0",1,-0.20000000000000007,4,Prescribed bad states; fixed laws need not attain the class-wide frontier,"1/4,1/2,1/4"
1/2,0.66666666666666663,three_state,0,"0,1,0",1,-0.33333333333333337,5,Prescribed bad states; fixed laws need not attain the class-wide frontier,"1/4,1/2,1/4"
1/2,-3.4694469519536142e-18,three_state,1,"0,1,0",0,-3.4694469519536142e-18,6,Prescribed bad states; fixed laws need not attain the class-wide frontier,"1/4,1/2,1/4"
1/2,0.59999999999999998,three_state,1/4,"1/4,0,3/4",3/4,-0.15000000000000002,1,Prescribed bad states; fixed laws need not attain the class-wide frontier,"1/4,1/2,1/4"
1/2,0.66666666666666663,three_state,0,"1/4,0,3/4",1,-0.33333333333333337,2,Prescribed bad states; fixed laws need not attain the class-wide frontier,"1/4,1/2,1/4"
1/2,0.4285714285714286,three_state,1/4,"1/4,0,3/4",3/4,-0.3214285714285714,3,Prescribed bad states; fixed laws need not attain the class-wide frontier,"1/4,1/2,1/4"
1/2,0.20000000000000001,three_state,3/4,"1/4,0,3/4",1/5,0,4,Prescribed bad states; fixed laws need not attain the class-wide frontier,"1/4,1/2,1/4"
1/2,-2.7755575615628914e-17,three_state,1,"1/4,0,3/4",0,-2.7755575615628914e-17,5,Prescribed bad states; fixed laws need not attain the class-wide frontier,"1/4,1/2,1/4"
1/2,0.14285714285714285,three_state,3/4,"1/4,0,3/4",1/5,-0.057142857142857162,6,Prescribed bad states; fixed laws need not attain the class-wide frontier,"1/4,1/2,1/4"
1/4,0.59999999999999998,three_state,1/4,"1/4,1/4,1/2",3/4,-0.15000000000000002,1,Prescribed bad states; fixed laws need not attain the class-wide frontier,"1/4,1/2,1/4"
1/4,0.5,three_state,1/4,"1/4,1/4,1/2",3/4,-0.25,2,Prescribed bad states; fixed laws need not attain the class-wide frontier,"1/4,1/2,1/4"
1/4,0.2857142857142857,three_state,1/2,"1/4,1/4,1/2",2/5,-0.11428571428571432,3,Prescribed bad states; fixed laws need not attain the class-wide frontier,"1/4,1/2,1/4"
1/4,0.40000000000000002,three_state,1/2,"1/4,1/4,1/2",2/5,0,4,Prescribed bad states; fixed laws need not attain the class-wide frontier,"1/4,1/2,1/4"
1/4,0.16666666666666666,three_state,3/4,"1/4,1/4,1/2",1/6,0,5,Prescribed bad states; fixed laws need not attain the class-wide frontier,"1/4,1/2,1/4"
1/4,0.14285714285714285,three_state,3/4,"1/4,1/4,1/2",1/6,-0.023809523809523808,6,Prescribed bad states; fixed laws need not attain the class-wide frontier,"1/4,1/2,1/4"
0,0.59999999999999998,three_state,1/4,"1/4,1/2,1/4",3/5,0,1,Prescribed bad states; fixed laws need not attain the class-wide frontier,"1/4,1/2,1/4"
0,0.33333333333333337,three_state,1/2,"1/4,1/2,1/4",1/3,5.5511151231257827e-17,2,Prescribed bad states; fixed laws need not attain the class-wide frontier,"1/4,1/2,1/4"
0,0.14285714285714285,three_state,3/4,"1/4,1/2,1/4",1/7,0,3,Prescribed bad states; fixed laws need not attain the class-wide frontier,"1/4,1/2,1/4"
0,0.59999999999999998,three_state,1/4,"1/4,1/2,1/4",3/5,0,4,Prescribed bad states; fixed laws need not attain the class-wide frontier,"1/4,1/2,1/4"
0,0.33333333333333326,three_state,1/2,"1/4,1/2,1/4",1/3,-5.5511151231257827e-17,5,Prescribed bad states; fixed laws need not attain the class-wide frontier,"1/4,1/2,1/4"
0,0.14285714285714285,three_state,3/4,"1/4,1/2,1/4",1/7,0,6,Prescribed bad states; fixed laws need not attain the class-wide frontier,"1/4,1/2,1/4"
1/4,0.59999999999999987,three_state,1/4,"1/4,3/4,0",3/4,-0.15000000000000013,1,Prescribed bad states; fixed laws need not attain the class-wide frontier,"1/4,1/2,1/4"
1/4,0.16666666666666669,three_state,3/4,"1/4,3/4,0",1/6,2.7755575615628914e-17,2,Prescribed bad states; fixed laws need not attain the class-wide frontier,"1/4,1/2,1/4"
1/4,-0,three_state,1,"1/4,3/4,0",0,-0,3,Prescribed bad states; fixed laws need not attain the class-wide frontier,"1/4,1/2,1/4"
1/4,0.79999999999999993,three_state,0,"1/4,3/4,0",1,-0.20000000000000007,4,Prescribed bad states; fixed laws need not attain the class-wide frontier,"1/4,1/2,1/4"
1/4,0.49999999999999983,three_state,1/4,"1/4,3/4,0",3/4,-0.25000000000000017,5,Prescribed bad states; fixed laws need not attain the class-wide frontier,"1/4,1/2,1/4"
1/4,0.14285714285714285,three_state,3/4,"1/4,3/4,0",1/6,-0.023809523809523808,6,Prescribed bad states; fixed laws need not attain the class-wide frontier,"1/4,1/2,1/4"
1/2,0.40000000000000002,three_state,1/2,"1/2,0,1/2",1/2,-0.099999999999999978,1,Prescribed bad states; fixed laws need not attain the class-wide frontier,"1/4,1/2,1/4"
1/2,0.66666666666666663,three_state,0,"1/2,0,1/2",1,-0.33333333333333337,2,Prescribed bad states; fixed laws need not attain the class-wide frontier,"1/4,1/2,1/4"
1/2,0.2857142857142857,three_state,1/2,"1/2,0,1/2",1/2,-0.2142857142857143,3,Prescribed bad states; fixed laws need not attain the class-wide frontier,"1/4,1/2,1/4"
1/2,0.40000000000000002,three_state,1/2,"1/2,0,1/2",1/2,-0.099999999999999978,4,Prescribed bad states; fixed laws need not attain the class-wide frontier,"1/4,1/2,1/4"
1/2,-2.7755575615628914e-17,three_state,1,"1/2,0,1/2",0,-2.7755575615628914e-17,5,Prescribed bad states; fixed laws need not attain the class-wide frontier,"1/4,1/2,1/4"
1/2,0.2857142857142857,three_state,1/2,"1/2,0,1/2",1/2,-0.2142857142857143,6,Prescribed bad states; fixed laws need not attain the class-wide frontier,"1/4,1/2,1/4"
1/4,0.40000000000000002,three_state,1/2,"1/2,1/4,1/4",2/5,0,1,Prescribed bad states; fixed laws need not attain the class-wide frontier,"1/4,1/2,1/4"
1/4,0.5,three_state,1/4,"1/2,1/4,1/4",3/4,-0.25,2,Prescribed bad states; fixed laws need not attain the class-wide frontier,"1/4,1/2,1/4"
1/4,0.14285714285714285,three_state,3/4,"1/2,1/4,1/4",1/6,-0.023809523809523808,3,Prescribed bad states; fixed laws need not attain the class-wide frontier,"1/4,1/2,1/4"
1/4,0.59999999999999998,three_state,1/4,"1/2,1/4,1/4",3/4,-0.15000000000000002,4,Prescribed bad states; fixed laws need not attain the class-wide frontier,"1/4,1/2,1/4"
1/4,0.16666666666666663,three_state,3/4,"1/2,1/4,1/4",1/6,-2.7755575615628914e-17,5,Prescribed bad states; fixed laws need not attain the class-wide frontier,"1/4,1/2,1/4"
1/4,0.2857142857142857,three_state,1/2,"1/2,1/4,1/4",2/5,-0.11428571428571432,6,Prescribed bad states; fixed laws need not attain the class-wide frontier,"1/4,1/2,1/4"
1/4,0.39999999999999997,three_state,1/2,"1/2,1/2,0",2/5,-5.5511151231257827e-17,1,Prescribed bad states; fixed laws need not attain the class-wide frontier,"1/4,1/2,1/4"
1/4,0.33333333333333337,three_state,1/2,"1/2,1/2,0",2/5,-0.066666666666666652,2,Prescribed bad states; fixed laws need not attain the class-wide frontier,"1/4,1/2,1/4"
1/4,-0,three_state,1,"1/2,1/2,0",0,-0,3,Prescribed bad states; fixed laws need not attain the class-wide frontier,"1/4,1/2,1/4"
1/4,0.80000000000000004,three_state,0,"1/2,1/2,0",1,-0.19999999999999996,4,Prescribed bad states; fixed laws need not attain the class-wide frontier,"1/4,1/2,1/4"
1/4,0.33333333333333326,three_state,1/2,"1/2,1/2,0",2/5,-0.066666666666666763,5,Prescribed bad states; fixed laws need not attain the class-wide frontier,"1/4,1/2,1/4"
1/4,0.28571428571428575,three_state,1/2,"1/2,1/2,0",2/5,-0.11428571428571427,6,Prescribed bad states; fixed laws need not attain the class-wide frontier,"1/4,1/2,1/4"
1/2,0.20000000000000001,three_state,3/4,"3/4,0,1/4",1/5,0,1,Prescribed bad states; fixed laws need not attain the class-wide frontier,"1/4,1/2,1/4"
1/2,0.66666666666666663,three_state,0,"3/4,0,1/4",1,-0.33333333333333337,2,Prescribed bad states; fixed laws need not attain the class-wide frontier,"1/4,1/2,1/4"
1/2,0.14285714285714285,three_state,3/4,"3/4,0,1/4",1/5,-0.057142857142857162,3,Prescribed bad states; fixed laws need not attain the class-wide frontier,"1/4,1/2,1/4"
1/2,0.59999999999999998,three_state,1/4,"3/4,0,1/4",3/4,-0.15000000000000002,4,Prescribed bad states; fixed laws need not attain the class-wide frontier,"1/4,1/2,1/4"
1/2,-1.3877787807814457e-17,three_state,1,"3/4,0,1/4",0,-1.3877787807814457e-17,5,Prescribed bad states; fixed laws need not attain the class-wide frontier,"1/4,1/2,1/4"
1/2,0.4285714285714286,three_state,1/4,"3/4,0,1/4",3/4,-0.3214285714285714,6,Prescribed bad states; fixed laws need not attain the class-wide frontier,"1/4,1/2,1/4"
1/2,0.20000000000000001,three_state,3/4,"3/4,1/4,0",1/5,0,1,Prescribed bad states; fixed laws need not attain the class-wide frontier,"1/4,1/2,1/4"
1/2,0.5,three_state,1/4,"3/4,1/4,0",3/4,-0.25,2,Prescribed bad states; fixed laws need not attain the class-wide frontier,"1/4,1/2,1/4"
1/2,-0,three_state,1,"3/4,1/4,0",0,-0,3,Prescribed bad states; fixed laws need not attain the class-wide frontier,"1/4,1/2,1/4"
1/2,0.80000000000000004,three_state,0,"3/4,1/4,0",1,-0.19999999999999996,4,Prescribed bad states; fixed laws need not attain the class-wide frontier,"1/4,1/2,1/4"
1/2,0.16666666666666666,three_state,3/4,"3/4,1/4,0",1/5,-0.033333333333333354,5,Prescribed bad states; fixed laws need not attain the class-wide frontier,"1/4,1/2,1/4"
1/2,0.42857142857142855,three_state,1/4,"3/4,1/4,0",3/4,-0.32142857142857145,6,Prescribed bad states; fixed laws need not attain the class-wide frontier,"1/4,1/2,1/4"
3/4,-0,three_state,1,"1,0,0",0,-0,1,Prescribed bad states; fixed laws need not attain the class-wide frontier,"1/4,1/2,1/4"
3/4,0.66666666666666663,three_state,0,"1,0,0",1,-0.33333333333333337,2,Prescribed bad states; fixed laws need not attain the class-wide frontier,"1/4,1/2,1/4"
3/4,-0,three_state,1,"1,0,0",0,-0,3,Prescribed bad states; fixed laws need not attain the class-wide frontier,"1/4,1/2,1/4"
3/4,0.80000000000000004,three_state,0,"1,0,0",1,-0.19999999999999996,4,Prescribed bad states; fixed laws need not attain the class-wide frontier,"1/4,1/2,1/4"
3/4,6.9388939039072284e-18,three_state,1,"1,0,0",0,6.9388939039072284e-18,5,Prescribed bad states; fixed laws need not attain the class-wide frontier,"1/4,1/2,1/4"
3/4,0.5714285714285714,three_state,0,"1,0,0",1,-0.4285714285714286,6,Prescribed bad states; fixed laws need not attain the class-wide frontier,"1/4,1/2,1/4"
1,0.79999999999999993,three_state,0,"0,0,1",1,-0.20000000000000007,1,Prescribed bad states; fixed laws need not attain the class-wide frontier,"1/4,3/4,0"
1,0.5714285714285714,three_state,0,"0,0,1",1,-0.4285714285714286,2,Prescribed bad states; fixed laws need not attain the class-wide frontier,"1/4,3/4,0"
1,0.49999999999999994,three_state,0,"0,0,1",1,-0.5,3,Prescribed bad states; fixed laws need not attain the class-wide frontier,"1/4,3/4,0"
1,-0,three_state,1,"0,0,1",0,-0,4,Prescribed bad states; fixed laws need not attain the class-wide frontier,"1/4,3/4,0"
1,-0,three_state,1,"0,0,1",0,-0,5,Prescribed bad states; fixed laws need not attain the class-wide frontier,"1/4,3/4,0"
1,-0,three_state,1,"0,0,1",0,-0,6,Prescribed bad states; fixed laws need not attain the class-wide frontier,"1/4,3/4,0"
3/4,0.79999999999999993,three_state,0,"0,1/4,3/4",1,-0.20000000000000007,1,Prescribed bad states; fixed laws need not attain the class-wide frontier,"1/4,3/4,0"
3/4,0.42857142857142849,three_state,1/4,"0,1/4,3/4",3/4,-0.32142857142857151,2,Prescribed bad states; fixed laws need not attain the class-wide frontier,"1/4,3/4,0"
3/4,0.37499999999999994,three_state,1/4,"0,1/4,3/4",3/4,-0.37500000000000006,3,Prescribed bad states; fixed laws need not attain the class-wide frontier,"1/4,3/4,0"
3/4,0.25000000000000006,three_state,3/4,"0,1/4,3/4",1/4,5.5511151231257827e-17,4,Prescribed bad states; fixed laws need not attain the class-wide frontier,"1/4,3/4,0"
3/4,0.19999999999999998,three_state,3/4,"0,1/4,3/4",1/4,-0.050000000000000017,5,Prescribed bad states; fixed laws need not attain the class-wide frontier,"1/4,3/4,0"
3/4,-6.9388939039072284e-18,three_state,1,"0,1/4,3/4",0,-6.9388939039072284e-18,6,Prescribed bad states; fixed laws need not attain the class-wide frontier,"1/4,3/4,0"
1/2,0.80000000000000004,three_state,0,"0,1/2,1/2",1,-0.19999999999999996,1,Prescribed bad states; fixed laws need not attain the class-wide frontier,"1/4,3/4,0"
1/2,0.2857142857142857,three_state,1/2,"0,1/2,1/2",1/2,-0.2142857142857143,2,Prescribed bad states; fixed laws need not attain the class-wide frontier,"1/4,3/4,0"
1/2,0.24999999999999997,three_state,1/2,"0,1/2,1/2",1/2,-0.25,3,Prescribed bad states; fixed laws need not attain the class-wide frontier,"1/4,3/4,0"
1/2,0.5,three_state,1/2,"0,1/2,1/2",1/2,0,4,Prescribed bad states; fixed laws need not attain the class-wide frontier,"1/4,3/4,0"
1/2,0.40000000000000002,three_state,1/2,"0,1/2,1/2",1/2,-0.099999999999999978,5,Prescribed bad states; fixed laws need not attain the class-wide frontier,"1/4,3/4,0"
1/2,-1.3877787807814457e-17,three_state,1,"0,1/2,1/2",0,-1.3877787807814457e-17,6,Prescribed bad states; fixed laws need not attain the class-wide frontier,"1/4,3/4,0"
1/4,0.80000000000000004,three_state,0,"0,3/4,1/4",1,-0.19999999999999996,1,Prescribed bad states; fixed laws need not attain the class-wide frontier,"1/4,3/4,0"
1/4,0.14285714285714285,three_state,3/4,"0,3/4,1/4",1/6,-0.023809523809523808,2,Prescribed bad states; fixed laws need not attain the class-wide frontier,"1/4,3/4,0"
1/4,0.12499999999999999,three_state,3/4,"0,3/4,1/4",1/6,-0.041666666666666671,3,Prescribed bad states; fixed laws need not attain the class-wide frontier,"1/4,3/4,0"
1/4,0.75,three_state,1/4,"0,3/4,1/4",3/4,0,4,Prescribed bad states; fixed laws need not attain the class-wide frontier,"1/4,3/4,0"
1/4,0.60000000000000009,three_state,1/4,"0,3/4,1/4",3/4,-0.14999999999999991,5,Prescribed bad states; fixed laws need not attain the class-wide frontier,"1/4,3/4,0"
1/4,-6.9388939039072284e-18,three_state,1,"0,3/4,1/4",0,-6.9388939039072284e-18,6,Prescribed bad states; fixed laws need not attain the class-wide frontier,"1/4,3/4,0"
1/4,0.80000000000000004,three_state,0,"0,1,0",1,-0.19999999999999996,1,Prescribed bad states; fixed laws need not attain the class-wide frontier,"1/4,3/4,0"
1/4,-0,three_state,1,"0,1,0",0,-0,2,Prescribed bad states; fixed laws need not attain the class-wide frontier,"1/4,3/4,0"
1/4,-0,three_state,1,"0,1,0",0,-0,3,Prescribed bad states; fixed laws need not attain the class-wide frontier,"1/4,3/4,0"
1/4,1,three_state,0,"0,1,0",1,0,4,Prescribed bad states; fixed laws need not attain the class-wide frontier,"1/4,3/4,0"
1/4,0.80000000000000004,three_state,0,"0,1,0",1,-0.19999999999999996,5,Prescribed bad states; fixed laws need not attain the class-wide frontier,"1/4,3/4,0"
1/4,-0,three_state,1,"0,1,0",0,-0,6,Prescribed bad states; fixed laws need not attain the class-wide frontier,"1/4,3/4,0"
3/4,0.59999999999999998,three_state,1/4,"1/4,0,3/4",3/4,-0.15000000000000002,1,Prescribed bad states; fixed laws need not attain the class-wide frontier,"1/4,3/4,0"
3/4,0.5714285714285714,three_state,0,"1/4,0,3/4",1,-0.4285714285714286,2,Prescribed bad states; fixed laws need not attain the class-wide frontier,"1/4,3/4,0"
3/4,0.37499999999999994,three_state,1/4,"1/4,0,3/4",3/4,-0.37500000000000006,3,Prescribed bad states; fixed laws need not attain the class-wide frontier,"1/4,3/4,0"
3/4,0.25000000000000006,three_state,3/4,"1/4,0,3/4",1/4,5.5511151231257827e-17,4,Prescribed bad states; fixed laws need not attain the class-wide frontier,"1/4,3/4,0"
3/4,-0,three_state,1,"1/4,0,3/4",0,-0,5,Prescribed bad states; fixed laws need not attain the class-wide frontier,"1/4,3/4,0"
3/4,0.14285714285714285,three_state,3/4,"1/4,0,3/4",1/4,-0.10714285714285715,6,Prescribed bad states; fixed laws need not attain the class-wide frontier,"1/4,3/4,0"
1/2,0.59999999999999998,three_state,1/4,"1/4,1/4,1/2",3/4,-0.15000000000000002,1,Prescribed bad states; fixed laws need not attain the class-wide frontier,"1/4,3/4,0"
1/2,0.42857142857142855,three_state,1/4,"1/4,1/4,1/2",3/4,-0.32142857142857145,2,Prescribed bad states; fixed laws need not attain the class-wide frontier,"1/4,3/4,0"
1/2,0.24999999999999997,three_state,1/2,"1/4,1/4,1/2",1/2,-0.25,3,Prescribed bad states; fixed laws need not attain the class-wide frontier,"1/4,3/4,0"
1/2,0.5,three_state,1/2,"1/4,1/4,1/2",1/2,0,4,Prescribed bad states; fixed laws need not attain the class-wide frontier,"1/4,3/4,0"
1/2,0.19999999999999998,three_state,3/4,"1/4,1/4,1/2",1/5,-2.7755575615628914e-17,5,Prescribed bad states; fixed laws need not attain the class-wide frontier,"1/4,3/4,0"
1/2,0.14285714285714285,three_state,3/4,"1/4,1/4,1/2",1/5,-0.057142857142857162,6,Prescribed bad states; fixed laws need not attain the class-wide frontier,"1/4,3/4,0"
1/4,0.59999999999999998,three_state,1/4,"1/4,1/2,1/4",3/4,-0.15000000000000002,1,Prescribed bad states; fixed laws need not attain the class-wide frontier,"1/4,3/4,0"
1/4,0.2857142857142857,three_state,1/2,"1/4,1/2,1/4",2/5,-0.11428571428571432,2,Prescribed bad states; fixed laws need not attain the class-wide frontier,"1/4,3/4,0"
1/4,0.12499999999999999,three_state,3/4,"1/4,1/2,1/4",1/6,-0.041666666666666671,3,Prescribed bad states; fixed laws need not attain the class-wide frontier,"1/4,3/4,0"
1/4,0.75,three_state,1/4,"1/4,1/2,1/4",3/4,0,4,Prescribed bad states; fixed laws need not attain the class-wide frontier,"1/4,3/4,0"
1/4,0.39999999999999997,three_state,1/2,"1/4,1/2,1/4",2/5,-5.5511151231257827e-17,5,Prescribed bad states; fixed laws need not attain the class-wide frontier,"1/4,3/4,0"
1/4,0.14285714285714288,three_state,3/4,"1/4,1/2,1/4",1/6,-0.02380952380952378,6,Prescribed bad states; fixed laws need not attain the class-wide frontier,"1/4,3/4,0"
0,0.59999999999999998,three_state,1/4,"1/4,3/4,0",3/5,0,1,Prescribed bad states; fixed laws need not attain the class-wide frontier,"1/4,3/4,0"
0,0.14285714285714285,three_state,3/4,"1/4,3/4,0",1/7,0,2,Prescribed bad states; fixed laws need not attain the class-wide frontier,"1/4,3/4,0"
0,-0,three_state,1,"1/4,3/4,0",0,-0,3,Prescribed bad states; fixed laws need not attain the class-wide frontier,"1/4,3/4,0"
0,1,three_state,0,"1/4,3/4,0",1,0,4,Prescribed bad states; fixed laws need not attain the class-wide frontier,"1/4,3/4,0"
0,0.59999999999999998,three_state,1/4,"1/4,3/4,0",3/5,0,5,Prescribed bad states; fixed laws need not attain the class-wide frontier,"1/4,3/4,0"
0,0.14285714285714285,three_state,3/4,"1/4,3/4,0",1/7,0,6,Prescribed bad states; fixed laws need not attain the class-wide frontier,"1/4,3/4,0"
3/4,0.40000000000000002,three_state,1/2,"1/2,0,1/2",1/2,-0.099999999999999978,1,Prescribed bad states; fixed laws need not attain the class-wide frontier,"1/4,3/4,0"
3/4,0.5714285714285714,three_state,0,"1/2,0,1/2",1,-0.4285714285714286,2,Prescribed bad states; fixed laws need not attain the class-wide frontier,"1/4,3/4,0"
3/4,0.24999999999999997,three_state,1/2,"1/2,0,1/2",1/2,-0.25,3,Prescribed bad states; fixed laws need not attain the class-wide frontier,"1/4,3/4,0"
3/4,0.5,three_state,1/2,"1/2,0,1/2",1/2,0,4,Prescribed bad states; fixed laws need not attain the class-wide frontier,"1/4,3/4,0"
3/4,-2.7755575615628914e-17,three_state,1,"1/2,0,1/2",0,-2.7755575615628914e-17,5,Prescribed bad states; fixed laws need not attain the class-wide frontier,"1/4,3/4,0"
3/4,0.28571428571428575,three_state,1/2,"1/2,0,1/2",1/2,-0.21428571428571425,6,Prescribed bad states; fixed laws need not attain the class-wide frontier,"1/4,3/4,0"
1/2,0.40000000000000002,three_state,1/2,"1/2,1/4,1/4",1/2,-0.099999999999999978,1,Prescribed bad states; fixed laws need not attain the class-wide frontier,"1/4,3/4,0"
1/2,0.4285714285714286,three_state,1/4,"1/2,1/4,1/4",3/4,-0.3214285714285714,2,Prescribed bad states; fixed laws need not attain the class-wide frontier,"1/4,3/4,0"
1/2,0.12499999999999999,three_state,3/4,"1/2,1/4,1/4",1/5,-0.075000000000000025,3,Prescribed bad states; fixed laws need not attain the class-wide frontier,"1/4,3/4,0"
1/2,0.75,three_state,1/4,"1/2,1/4,1/4",3/4,0,4,Prescribed bad states; fixed laws need not attain the class-wide frontier,"1/4,3/4,0"
1/2,0.20000000000000001,three_state,3/4,"1/2,1/4,1/4",1/5,0,5,Prescribed bad states; fixed laws need not attain the class-wide frontier,"1/4,3/4,0"
1/2,0.28571428571428575,three_state,1/2,"1/2,1/4,1/4",1/2,-0.21428571428571425,6,Prescribed bad states; fixed laws need not attain the class-wide frontier,"1/4,3/4,0"
1/4,0.40000000000000002,three_state,1/2,"1/2,1/2,0",2/5,0,1,Prescribed bad states; fixed laws need not attain the class-wide frontier,"1/4,3/4,0"
1/4,0.2857142857142857,three_state,1/2,"1/2,1/2,0",2/5,-0.11428571428571432,2,Prescribed bad states; fixed laws need not attain the class-wide frontier,"1/4,3/4,0"
1/4,-0,three_state,1,"1/2,1/2,0",0,-0,3,Prescribed bad states; fixed laws need not attain the class-wide frontier,"1/4,3/4,0"
1/4,1,three_state,0,"1/2,1/2,0",1,0,4,Prescribed bad states; fixed laws need not attain the class-wide frontier,"1/4,3/4,0"
1/4,0.40000000000000002,three_state,1/2,"1/2,1/2,0",2/5,0,5,Prescribed bad states; fixed laws need not attain the class-wide frontier,"1/4,3/4,0"
1/4,0.2857142857142857,three_state,1/2,"1/2,1/2,0",2/5,-0.11428571428571432,6,Prescribed bad states; fixed laws need not attain the class-wide frontier,"1/4,3/4,0"
3/4,0.20000000000000001,three_state,3/4,"3/4,0,1/4",1/4,-0.049999999999999989,1,Prescribed bad states; fixed laws need not attain the class-wide frontier,"1/4,3/4,0"
3/4,0.5714285714285714,three_state,0,"3/4,0,1/4",1,-0.4285714285714286,2,Prescribed bad states; fixed laws need not attain the class-wide frontier,"1/4,3/4,0"
3/4,0.12499999999999999,three_state,3/4,"3/4,0,1/4",1/4,-0.125,3,Prescribed bad states; fixed laws need not attain the class-wide frontier,"1/4,3/4,0"
3/4,0.75,three_state,1/4,"3/4,0,1/4",3/4,0,4,Prescribed bad states; fixed laws need not attain the class-wide frontier,"1/4,3/4,0"
3/4,-1.3877787807814457e-17,three_state,1,"3/4,0,1/4",0,-1.3877787807814457e-17,5,Prescribed bad states; fixed laws need not attain the class-wide frontier,"1/4,3/4,0"
3/4,0.4285714285714286,three_state,1/4,"3/4,0,1/4",3/4,-0.3214285714285714,6,Prescribed bad states; fixed laws need not attain the class-wide frontier,"1/4,3/4,0"
1/2,0.20000000000000001,three_state,3/4,"3/4,1/4,0",1/5,0,1,Prescribed bad states; fixed laws need not attain the class-wide frontier,"1/4,3/4,0"
1/2,0.4285714285714286,three_state,1/4,"3/4,1/4,0",3/4,-0.3214285714285714,2,Prescribed bad states; fixed laws need not attain the class-wide frontier,"1/4,3/4,0"
1/2,-0,three_state,1,"3/4,1/4,0",0,-0,3,Prescribed bad states; fixed laws need not attain the class-wide frontier,"1/4,3/4,0"
1/2,1,three_state,0,"3/4,1/4,0",1,0,4,Prescribed bad states; fixed laws need not attain the class-wide frontier,"1/4,3/4,0"
1/2,0.20000000000000001,three_state,3/4,"3/4,1/4,0",1/5,0,5,Prescribed bad states; fixed laws need not attain the class-wide frontier,"1/4,3/4,0"
1/2,0.4285714285714286,three_state,1/4,"3/4,1/4,0",3/4,-0.3214285714285714,6,Prescribed bad states; fixed laws need not attain the class-wide frontier,"1/4,3/4,0"
3/4,-0,three_state,1,"1,0,0",0,-0,1,Prescribed bad states; fixed laws need not attain the class-wide frontier,"1/4,3/4,0"
3/4,0.5714285714285714,three_state,0,"1,0,0",1,-0.4285714285714286,2,Prescribed bad states; fixed laws need not attain the class-wide frontier,"1/4,3/4,0"
3/4,-0,three_state,1,"1,0,0",0,-0,3,Prescribed bad states; fixed laws need not attain the class-wide frontier,"1/4,3/4,0"
3/4,1,three_state,0,"1,0,0",1,0,4,Prescribed bad states; fixed laws need not attain the class-wide frontier,"1/4,3/4,0"
3/4,-0,three_state,1,"1,0,0",0,-0,5,Prescribed bad states; fixed laws need not attain the class-wide frontier,"1/4,3/4,0"
3/4,0.5714285714285714,three_state,0,"1,0,0",1,-0.4285714285714286,6,Prescribed bad states; fixed laws need not attain the class-wide frontier,"1/4,3/4,0"
1/2,0.66666666666666652,three_state,0,"0,0,1",1,-0.33333333333333348,1,Prescribed bad states; fixed laws need not attain the class-wide frontier,"1/2,0,1/2"
1/2,0.99999999999999989,three_state,0,"0,0,1",1,-1.1102230246251565e-16,2,Prescribed bad states; fixed laws need not attain the class-wide frontier,"1/2,0,1/2"
1/2,0.66666666666666652,three_state,0,"0,0,1",1,-0.33333333333333348,3,Prescribed bad states; fixed laws need not attain the class-wide frontier,"1/2,0,1/2"
1/2,-0,three_state,1,"0,0,1",0,-0,4,Prescribed bad states; fixed laws need not attain the class-wide frontier,"1/2,0,1/2"
1/2,-0,three_state,1,"0,0,1",0,-0,5,Prescribed bad states; fixed laws need not attain the class-wide frontier,"1/2,0,1/2"
1/2,-0,three_state,1,"0,0,1",0,-0,6,Prescribed bad states; fixed laws need not attain the class-wide frontier,"1/2,0,1/2"
1/2,0.66666666666666652,three_state,0,"0,1/4,3/4",1,-0.33333333333333348,1,Prescribed bad states; fixed laws need not attain the class-wide frontier,"1/2,0,1/2"
1/2,0.74999999999999989,three_state,1/4,"0,1/4,3/4",3/4,-1.1102230246251565e-16,2,Prescribed bad states; fixed laws need not attain the class-wide frontier,"1/2,0,1/2"
1/2,0.49999999999999989,three_state,1/4,"0,1/4,3/4",3/4,-0.25000000000000011,3,Prescribed bad states; fixed laws need not attain the class-wide frontier,"1/2,0,1/2"
1/2,0.16666666666666669,three_state,3/4,"0,1/4,3/4",1/5,-0.033333333333333326,4,Prescribed bad states; fixed laws need not attain the class-wide frontier,"1/2,0,1/2"
1/2,0.12499999999999999,three_state,3/4,"0,1/4,3/4",1/5,-0.075000000000000025,5,Prescribed bad states; fixed laws need not attain the class-wide frontier,"1/2,0,1/2"
1/2,-2.7755575615628914e-17,three_state,1,"0,1/4,3/4",0,-2.7755575615628914e-17,6,Prescribed bad states; fixed laws need not attain the class-wide frontier,"1/2,0,1/2"
1/2,0.66666666666666652,three_state,0,"0,1/2,1/2",1,-0.33333333333333348,1,Prescribed bad states; fixed laws need not attain the class-wide frontier,"1/2,0,1/2"
1/2,0.5,three_state,1/2,"0,1/2,1/2",1/2,0,2,Prescribed bad states; fixed laws need not attain the class-wide frontier,"1/2,0,1/2"
1/2,0.33333333333333326,three_state,1/2,"0,1/2,1/2",1/2,-0.16666666666666674,3,Prescribed bad states; fixed laws need not attain the class-wide frontier,"1/2,0,1/2"
1/2,0.33333333333333337,three_state,1/2,"0,1/2,1/2",1/2,-0.16666666666666663,4,Prescribed bad states; fixed laws need not attain the class-wide frontier,"1/2,0,1/2"
1/2,0.24999999999999997,three_state,1/2,"0,1/2,1/2",1/2,-0.25,5,Prescribed bad states; fixed laws need not attain the class-wide frontier,"1/2,0,1/2"
1/2,-2.7755575615628914e-17,three_state,1,"0,1/2,1/2",0,-2.7755575615628914e-17,6,Prescribed bad states; fixed laws need not attain the class-wide frontier,"1/2,0,1/2"
3/4,0.66666666666666663,three_state,0,"0,3/4,1/4",1,-0.33333333333333337,1,Prescribed bad states; fixed laws need not attain the class-wide frontier,"1/2,0,1/2"
3/4,0.25000000000000006,three_state,3/4,"0,3/4,1/4",1/4,5.5511151231257827e-17,2,Prescribed bad states; fixed laws need not attain the class-wide frontier,"1/2,0,1/2"
3/4,0.16666666666666666,three_state,3/4,"0,3/4,1/4",1/4,-0.083333333333333343,3,Prescribed bad states; fixed laws need not attain the class-wide frontier,"1/2,0,1/2"
3/4,0.5,three_state,1/4,"0,3/4,1/4",3/4,-0.25,4,Prescribed bad states; fixed laws need not attain the class-wide frontier,"1/2,0,1/2"
3/4,0.37499999999999994,three_state,1/4,"0,3/4,1/4",3/4,-0.37500000000000006,5,Prescribed bad states; fixed laws need not attain the class-wide frontier,"1/2,0,1/2"
3/4,-0,three_state,1,"0,3/4,1/4",0,-0,6,Prescribed bad states; fixed laws need not attain the class-wide frontier,"1/2,0,1/2"
1,0.66666666666666663,three_state,0,"0,1,0",1,-0.33333333333333337,1,Prescribed bad states; fixed laws need not attain the class-wide frontier,"1/2,0,1/2"
1,-0,three_state,1,"0,1,0",0,-0,2,Prescribed bad states; fixed laws need not attain the class-wide frontier,"1/2,0,1/2"
1,-0,three_state,1,"0,1,0",0,-0,3,Prescribed bad states; fixed laws need not attain the class-wide frontier,"1/2,0,1/2"
1,0.66666666666666663,three_state,0,"0,1,0",1,-0.33333333333333337,4,Prescribed bad states; fixed laws need not attain the class-wide frontier,"1/2,0,1/2"
1,0.49999999999999994,three_state,0,"0,1,0",1,-0.5,5,Prescribed bad states; fixed laws need not attain the class-wide frontier,"1/2,0,1/2"
1,-0,three_state,1,"0,1,0",0,-0,6,Prescribed bad states; fixed laws need not attain the class-wide frontier,"1/2,0,1/2"
1/4,0.49999999999999989,three_state,1/4,"1/4,0,3/4",3/4,-0.25000000000000011,1,Prescribed bad states; fixed laws need not attain the class-wide frontier,"1/2,0,1/2"
1/4,0.99999999999999989,three_state,0,"1/4,0,3/4",1,-1.1102230246251565e-16,2,Prescribed bad states; fixed laws need not attain the class-wide frontier,"1/2,0,1/2"
1/4,0.49999999999999989,three_state,1/4,"1/4,0,3/4",3/4,-0.25000000000000011,3,Prescribed bad states; fixed laws need not attain the class-wide frontier,"1/2,0,1/2"
1/4,0.16666666666666669,three_state,3/4,"1/4,0,3/4",1/6,2.7755575615628914e-17,4,Prescribed bad states; fixed laws need not attain the class-wide frontier,"1/2,0,1/2"
1/4,-0,three_state,1,"1/4,0,3/4",0,-0,5,Prescribed bad states; fixed laws need not attain the class-wide frontier,"1/2,0,1/2"
1/4,0.16666666666666669,three_state,3/4,"1/4,0,3/4",1/6,2.7755575615628914e-17,6,Prescribed bad states; fixed laws need not attain the class-wide frontier,"1/2,0,1/2"
1/4,0.49999999999999994,three_state,1/4,"1/4,1/4,1/2",3/4,-0.25000000000000006,1,Prescribed bad states; fixed laws need not attain the class-wide frontier,"1/2,0,1/2"
1/4,0.75,three_state,1/4,"1/4,1/4,1/2",3/4,0,2,Prescribed bad states; fixed laws need not attain the class-wide frontier,"1/2,0,1/2"
1/4,0.33333333333333326,three_state,1/2,"1/4,1/4,1/2",2/5,-0.066666666666666763,3,Prescribed bad states; fixed laws need not attain the class-wide frontier,"1/2,0,1/2"
1/4,0.33333333333333337,three_state,1/2,"1/4,1/4,1/2",2/5,-0.066666666666666652,4,Prescribed bad states; fixed laws need not attain the class-wide frontier,"1/2,0,1/2"
1/4,0.12499999999999999,three_state,3/4,"1/4,1/4,1/2",1/6,-0.041666666666666671,5,Prescribed bad states; fixed laws need not attain the class-wide frontier,"1/2,0,1/2"
1/4,0.16666666666666666,three_state,3/4,"1/4,1/4,1/2",1/6,0,6,Prescribed bad states; fixed laws need not attain the class-wide frontier,"1/2,0,1/2"
1/2,0.5,three_state,1/4,"1/4,1/2,1/4",3/4,-0.25,1,Prescribed bad states; fixed laws need not attain the class-wide frontier,"1/2,0,1/2"
1/2,0.5,three_state,1/2,"1/4,1/2,1/4",1/2,0,2,Prescribed bad states; fixed laws need not attain the class-wide frontier,"1/2,0,1/2"
1/2,0.16666666666666669,three_state,3/4,"1/4,1/2,1/4",1/5,-0.033333333333333326,3,Prescribed bad states; fixed laws need not attain the class-wide frontier,"1/2,0,1/2"
1/2,0.5,three_state,1/4,"1/4,1/2,1/4",3/4,-0.25,4,Prescribed bad states; fixed laws need not attain the class-wide frontier,"1/2,0,1/2"
1/2,0.24999999999999997,three_state,1/2,"1/4,1/2,1/4",1/2,-0.25,5,Prescribed bad states; fixed laws need not attain the class-wide frontier,"1/2,0,1/2"
1/2,0.16666666666666669,three_state,3/4,"1/4,1/2,1/4",1/5,-0.033333333333333326,6,Prescribed bad states; fixed laws need not attain the class-wide frontier,"1/2,0,1/2"
3/4,0.49999999999999994,three_state,1/4,"1/4,3/4,0",3/4,-0.25000000000000006,1,Prescribed bad states; fixed laws need not attain the class-wide frontier,"1/2,0,1/2"
3/4,0.25000000000000006,three_state,3/4,"1/4,3/4,0",1/4,5.5511151231257827e-17,2,Prescribed bad states; fixed laws need not attain the class-wide frontier,"1/2,0,1/2"
3/4,-0,three_state,1,"1/4,3/4,0",0,-0,3,Prescribed bad states; fixed laws need not attain the class-wide frontier,"1/2,0,1/2"
3/4,0.66666666666666663,three_state,0,"1/4,3/4,0",1,-0.33333333333333337,4,Prescribed bad states; fixed laws need not attain the class-wide frontier,"1/2,0,1/2"
3/4,0.37499999999999994,three_state,1/4,"1/4,3/4,0",3/4,-0.37500000000000006,5,Prescribed bad states; fixed laws need not attain the class-wide frontier,"1/2,0,1/2"
3/4,0.16666666666666666,three_state,3/4,"1/4,3/4,0",1/4,-0.083333333333333343,6,Prescribed bad states; fixed laws need not attain the class-wide frontier,"1/2,0,1/2"
0,0.33333333333333326,three_state,1/2,"1/2,0,1/2",1/3,-5.5511151231257827e-17,1,Prescribed bad states; fixed laws need not attain the class-wide frontier,"1/2,0,1/2"
0,0.99999999999999989,three_state,0,"1/2,0,1/2",1,-1.1102230246251565e-16,2,Prescribed bad states; fixed laws need not attain the class-wide frontier,"1/2,0,1/2"
0,0.33333333333333326,three_state,1/2,"1/2,0,1/2",1/3,-5.5511151231257827e-17,3,Prescribed bad states; fixed laws need not attain the class-wide frontier,"1/2,0,1/2"
0,0.33333333333333326,three_state,1/2,"1/2,0,1/2",1/3,-5.5511151231257827e-17,4,Prescribed bad states; fixed laws need not attain the class-wide frontier,"1/2,0,1/2"
0,-0,three_state,1,"1/2,0,1/2",0,-0,5,Prescribed bad states; fixed laws need not attain the class-wide frontier,"1/2,0,1/2"
0,0.33333333333333326,three_state,1/2,"1/2,0,1/2",1/3,-5.5511151231257827e-17,6,Prescribed bad states; fixed laws need not attain the class-wide frontier,"1/2,0,1/2"
1/4,0.33333333333333331,three_state,1/2,"1/2,1/4,1/4",2/5,-0.066666666666666707,1,Prescribed bad states; fixed laws need not attain the class-wide frontier,"1/2,0,1/2"
1/4,0.75,three_state,1/4,"1/2,1/4,1/4",3/4,0,2,Prescribed bad states; fixed laws need not attain the class-wide frontier,"1/2,0,1/2"
1/4,0.16666666666666669,three_state,3/4,"1/2,1/4,1/4",1/6,2.7755575615628914e-17,3,Prescribed bad states; fixed laws need not attain the class-wide frontier,"1/2,0,1/2"
1/4,0.49999999999999989,three_state,1/4,"1/2,1/4,1/4",3/4,-0.25000000000000011,4,Prescribed bad states; fixed laws need not attain the class-wide frontier,"1/2,0,1/2"
1/4,0.12499999999999999,three_state,3/4,"1/2,1/4,1/4",1/6,-0.041666666666666671,5,Prescribed bad states; fixed laws need not attain the class-wide frontier,"1/2,0,1/2"
1/4,0.33333333333333326,three_state,1/2,"1/2,1/4,1/4",2/5,-0.066666666666666763,6,Prescribed bad states; fixed laws need not attain the class-wide frontier,"1/2,0,1/2"
1/2,0.33333333333333331,three_state,1/2,"1/2,1/2,0",1/2,-0.16666666666666669,1,Prescribed bad states; fixed laws need not attain the class-wide frontier,"1/2,0,1/2"
1/2,0.5,three_state,1/2,"1/2,1/2,0",1/2,0,2,Prescribed bad states; fixed laws need not attain the class-wide frontier,"1/2,0,1/2"
1/2,-0,three_state,1,"1/2,1/2,0",0,-0,3,Prescribed bad states; fixed laws need not attain the class-wide frontier,"1/2,0,1/2"
1/2,0.66666666666666652,three_state,0,"1/2,1/2,0",1,-0.33333333333333348,4,Prescribed bad states; fixed laws need not attain the class-wide frontier,"1/2,0,1/2"
1/2,0.24999999999999997,three_state,1/2,"1/2,1/2,0",1/2,-0.25,5,Prescribed bad states; fixed laws need not attain the class-wide frontier,"1/2,0,1/2"
1/2,0.33333333333333326,three_state,1/2,"1/2,1/2,0",1/2,-0.16666666666666674,6,Prescribed bad states; fixed laws need not attain the class-wide frontier,"1/2,0,1/2"
1/4,0.16666666666666669,three_state,3/4,"3/4,0,1/4",1/6,2.7755575615628914e-17,1,Prescribed bad states; fixed laws need not attain the class-wide frontier,"1/2,0,1/2"
1/4,0.99999999999999989,three_state,0,"3/4,0,1/4",1,-1.1102230246251565e-16,2,Prescribed bad states; fixed laws need not attain the class-wide frontier,"1/2,0,1/2"
1/4,0.16666666666666669,three_state,3/4,"3/4,0,1/4",1/6,2.7755575615628914e-17,3,Prescribed bad states; fixed laws need not attain the class-wide frontier,"1/2,0,1/2"
1/4,0.49999999999999989,three_state,1/4,"3/4,0,1/4",3/4,-0.25000000000000011,4,Prescribed bad states; fixed laws need not attain the class-wide frontier,"1/2,0,1/2"
1/4,-0,three_state,1,"3/4,0,1/4",0,-0,5,Prescribed bad states; fixed laws need not attain the class-wide frontier,"1/2,0,1/2"
1/4,0.49999999999999989,three_state,1/4,"3/4,0,1/4",3/4,-0.25000000000000011,6,Prescribed bad states; fixed laws need not attain the class-wide frontier,"1/2,0,1/2"
1/2,0.16666666666666669,three_state,3/4,"3/4,1/4,0",1/5,-0.033333333333333326,1,Prescribed bad states; fixed laws need not attain the class-wide frontier,"1/2,0,1/2"
1/2,0.74999999999999989,three_state,1/4,"3/4,1/4,0",3/4,-1.1102230246251565e-16,2,Prescribed bad states; fixed laws need not attain the class-wide frontier,"1/2,0,1/2"
1/2,-2.7755575615628914e-17,three_state,1,"3/4,1/4,0",0,-2.7755575615628914e-17,3,Prescribed bad states; fixed laws need not attain the class-wide frontier,"1/2,0,1/2"
1/2,0.66666666666666652,three_state,0,"3/4,1/4,0",1,-0.33333333333333348,4,Prescribed bad states; fixed laws need not attain the class-wide frontier,"1/2,0,1/2"
1/2,0.12499999999999999,three_state,3/4,"3/4,1/4,0",1/5,-0.075000000000000025,5,Prescribed bad states; fixed laws need not attain the class-wide frontier,"1/2,0,1/2"
1/2,0.49999999999999989,three_state,1/4,"3/4,1/4,0",3/4,-0.25000000000000011,6,Prescribed bad states; fixed laws need not attain the class-wide frontier,"1/2,0,1/2"
1/2,-0,three_state,1,"1,0,0",0,-0,1,Prescribed bad states; fixed laws need not attain the class-wide frontier,"1/2,0,1/2"
1/2,0.99999999999999989,three_state,0,"1,0,0",1,-1.1102230246251565e-16,2,Prescribed bad states; fixed laws need not attain the class-wide frontier,"1/2,0,1/2"
1/2,-0,three_state,1,"1,0,0",0,-0,3,Prescribed bad states; fixed laws need not attain the class-wide frontier,"1/2,0,1/2"
1/2,0.66666666666666652,three_state,0,"1,0,0",1,-0.33333333333333348,4,Prescribed bad states; fixed laws need not attain the class-wide frontier,"1/2,0,1/2"
1/2,-0,three_state,1,"1,0,0",0,-0,5,Prescribed bad states; fixed laws need not attain the class-wide frontier,"1/2,0,1/2"
1/2,0.66666666666666652,three_state,0,"1,0,0",1,-0.33333333333333348,6,Prescribed bad states; fixed laws need not attain the class-wide frontier,"1/2,0,1/2"
3/4,0.66666666666666663,three_state,0,"0,0,1",1,-0.33333333333333337,1,Prescribed bad states; fixed laws need not attain the class-wide frontier,"1/2,1/4,1/4"
3/4,0.80000000000000004,three_state,0,"0,0,1",1,-0.19999999999999996,2,Prescribed bad states; fixed laws need not attain the class-wide frontier,"1/2,1/4,1/4"
3/4,0.5714285714285714,three_state,0,"0,0,1",1,-0.4285714285714286,3,Prescribed bad states; fixed laws need not attain the class-wide frontier,"1/2,1/4,1/4"
3/4,-0,three_state,1,"0,0,1",0,-0,4,Prescribed bad states; fixed laws need not attain the class-wide frontier,"1/2,1/4,1/4"
3/4,-2.7755575615628914e-17,three_state,1,"0,0,1",0,-2.7755575615628914e-17,5,Prescribed bad states; fixed laws need not attain the class-wide frontier,"1/2,1/4,1/4"
3/4,5.5511151231257827e-17,three_state,1,"0,0,1",0,5.5511151231257827e-17,6,Prescribed bad states; fixed laws need not attain the class-wide frontier,"1/2,1/4,1/4"
1/2,0.66666666666666663,three_state,0,"0,1/4,3/4",1,-0.33333333333333337,1,Prescribed bad states; fixed laws need not attain the class-wide frontier,"1/2,1/4,1/4"
1/2,0.59999999999999998,three_state,1/4,"0,1/4,3/4",3/4,-0.15000000000000002,2,Prescribed bad states; fixed laws need not attain the class-wide frontier,"1/2,1/4,1/4"
1/2,0.42857142857142855,three_state,1/4,"0,1/4,3/4",3/4,-0.32142857142857145,3,Prescribed bad states; fixed laws need not attain the class-wide frontier,"1/2,1/4,1/4"
1/2,0.20000000000000001,three_state,3/4,"0,1/4,3/4",1/5,0,4,Prescribed bad states; fixed laws need not attain the class-wide frontier,"1/2,1/4,1/4"
1/2,0.14285714285714285,three_state,3/4,"0,1/4,3/4",1/5,-0.057142857142857162,5,Prescribed bad states; fixed laws need not attain the class-wide frontier,"1/2,1/4,1/4"
1/2,2.7755575615628914e-17,three_state,1,"0,1/4,3/4",0,2.7755575615628914e-17,6,Prescribed bad states; fixed laws need not attain the class-wide frontier,"1/2,1/4,1/4"
1/2,0.66666666666666663,three_state,0,"0,1/2,1/2",1,-0.33333333333333337,1,Prescribed bad states; fixed laws need not attain the class-wide frontier,"1/2,1/4,1/4"
1/2,0.40000000000000002,three_state,1/2,"0,1/2,1/2",1/2,-0.099999999999999978,2,Prescribed bad states; fixed laws need not attain the class-wide frontier,"1/2,1/4,1/4"
1/2,0.2857142857142857,three_state,1/2,"0,1/2,1/2",1/2,-0.2142857142857143,3,Prescribed bad states; fixed laws need not attain the class-wide frontier,"1/2,1/4,1/4"
1/2,0.40000000000000002,three_state,1/2,"0,1/2,1/2",1/2,-0.099999999999999978,4,Prescribed bad states; fixed laws need not attain the class-wide frontier,"1/2,1/4,1/4"
1/2,0.2857142857142857,three_state,1/2,"0,1/2,1/2",1/2,-0.2142857142857143,5,Prescribed bad states; fixed laws need not attain the class-wide frontier,"1/2,1/4,1/4"
1/2,2.7755575615628914e-17,three_state,1,"0,1/2,1/2",0,2.7755575615628914e-17,6,Prescribed bad states; fixed laws need not attain the class-wide frontier,"1/2,1/4,1/4"
1/2,0.66666666666666663,three_state,0,"0,3/4,1/4",1,-0.33333333333333337,1,Prescribed bad states; fixed laws need not attain the class-wide frontier,"1/2,1/4,1/4"
1/2,0.20000000000000001,three_state,3/4,"0,3/4,1/4",1/5,0,2,Prescribed bad states; fixed laws need not attain the class-wide frontier,"1/2,1/4,1/4"
1/2,0.14285714285714285,three_state,3/4,"0,3/4,1/4",1/5,-0.057142857142857162,3,Prescribed bad states; fixed laws need not attain the class-wide frontier,"1/2,1/4,1/4"
1/2,0.59999999999999998,three_state,1/4,"0,3/4,1/4",3/4,-0.15000000000000002,4,Prescribed bad states; fixed laws need not attain the class-wide frontier,"1/2,1/4,1/4"
1/2,0.4285714285714286,three_state,1/4,"0,3/4,1/4",3/4,-0.3214285714285714,5,Prescribed bad states; fixed laws need not attain the class-wide frontier,"1/2,1/4,1/4"
1/2,1.3877787807814457e-17,three_state,1,"0,3/4,1/4",0,1.3877787807814457e-17,6,Prescribed bad states; fixed laws need not attain the class-wide frontier,"1/2,1/4,1/4"
3/4,0.66666666666666663,three_state,0,"0,1,0",1,-0.33333333333333337,1,Prescribed bad states; fixed laws need not attain the class-wide frontier,"1/2,1/4,1/4"
3/4,-0,three_state,1,"0,1,0",0,-0,2,Prescribed bad states; fixed laws need not attain the class-wide frontier,"1/2,1/4,1/4"
3/4,-2.7755575615628914e-17,three_state,1,"0,1,0",0,-2.7755575615628914e-17,3,Prescribed bad states; fixed laws need not attain the class-wide frontier,"1/2,1/4,1/4"
3/4,0.80000000000000004,three_state,0,"0,1,0",1,-0.19999999999999996,4,Prescribed bad states; fixed laws need not attain the class-wide frontier,"1/2,1/4,1/4"
3/4,0.5714285714285714,three_state,0,"0,1,0",1,-0.4285714285714286,5,Prescribed bad states; fixed laws need not attain the class-wide frontier,"1/2,1/4,1/4"
3/4,-6.9388939039072284e-18,three_state,1,"0,1,0",0,-6.9388939039072284e-18,6,Prescribed bad states; fixed laws need not attain the class-wide frontier,"1/2,1/4,1/4"
1/2,0.5,three_state,1/4,"1/4,0,3/4",3/4,-0.25,1,Prescribed bad states; fixed laws need not attain the class-wide frontier,"1/2,1/4,1/4"
1/2,0.80000000000000004,three_state,0,"1/4,0,3/4",1,-0.19999999999999996,2,Prescribed bad states; fixed laws need not attain the class-wide frontier,"1/2,1/4,1/4"
1/2,0.42857142857142855,three_state,1/4,"1/4,0,3/4",3/4,-0.32142857142857145,3,Prescribed bad states; fixed laws need not attain the class-wide frontier,"1/2,1/4,1/4"
1/2,0.20000000000000001,three_state,3/4,"1/4,0,3/4",1/5,0,4,Prescribed bad states; fixed laws need not attain the class-wide frontier,"1/2,1/4,1/4"
1/2,-1.3877787807814457e-17,three_state,1,"1/4,0,3/4",0,-1.3877787807814457e-17,5,Prescribed bad states; fixed laws need not attain the class-wide frontier,"1/2,1/4,1/4"
1/2,0.1666666666666666,three_state,3/4,"1/4,0,3/4",1/5,-0.033333333333333409,6,Prescribed bad states; fixed laws need not attain the class-wide frontier,"1/2,1/4,1/4"
1/4,0.5,three_state,1/4,"1/4,1/4,1/2",3/4,-0.25,1,Prescribed bad states; fixed laws need not attain the class-wide frontier,"1/2,1/4,1/4"
1/4,0.59999999999999998,three_state,1/4,"1/4,1/4,1/2",3/4,-0.15000000000000002,2,Prescribed bad states; fixed laws need not attain the class-wide frontier,"1/2,1/4,1/4"
1/4,0.2857142857142857,three_state,1/2,"1/4,1/4,1/2",2/5,-0.11428571428571432,3,Prescribed bad states; fixed laws need not attain the class-wide frontier,"1/2,1/4,1/4"
1/4,0.40000000000000002,three_state,1/2,"1/4,1/4,1/2",2/5,0,4,Prescribed bad states; fixed laws need not attain the class-wide frontier,"1/2,1/4,1/4"
1/4,0.14285714285714285,three_state,3/4,"1/4,1/4,1/2",1/6,-0.023809523809523808,5,Prescribed bad states; fixed laws need not attain the class-wide frontier,"1/2,1/4,1/4"
1/4,0.16666666666666666,three_state,3/4,"1/4,1/4,1/2",1/6,0,6,Prescribed bad states; fixed laws need not attain the class-wide frontier,"1/2,1/4,1/4"
1/4,0.5,three_state,1/4,"1/4,1/2,1/4",3/4,-0.25,1,Prescribed bad states; fixed laws need not attain the class-wide frontier,"1/2,1/4,1/4"
1/4,0.40000000000000002,three_state,1/2,"1/4,1/2,1/4",2/5,0,2,Prescribed bad states; fixed laws need not attain the class-wide frontier,"1/2,1/4,1/4"
1/4,0.14285714285714285,three_state,3/4,"1/4,1/2,1/4",1/6,-0.023809523809523808,3,Prescribed bad states; fixed laws need not attain the class-wide frontier,"1/2,1/4,1/4"
1/4,0.59999999999999998,three_state,1/4,"1/4,1/2,1/4",3/4,-0.15000000000000002,4,Prescribed bad states; fixed laws need not attain the class-wide frontier,"1/2,1/4,1/4"
1/4,0.2857142857142857,three_state,1/2,"1/4,1/2,1/4",2/5,-0.11428571428571432,5,Prescribed bad states; fixed laws need not attain the class-wide frontier,"1/2,1/4,1/4"
1/4,0.16666666666666663,three_state,3/4,"1/4,1/2,1/4",1/6,-2.7755575615628914e-17,6,Prescribed bad states; fixed laws need not attain the class-wide frontier,"1/2,1/4,1/4"
1/2,0.5,three_state,1/4,"1/4,3/4,0",3/4,-0.25,1,Prescribed bad states; fixed laws need not attain the class-wide frontier,"1/2,1/4,1/4"
1/2,0.20000000000000001,three_state,3/4,"1/4,3/4,0",1/5,0,2,Prescribed bad states; fixed laws need not attain the class-wide frontier,"1/2,1/4,1/4"
1/2,-0,three_state,1,"1/4,3/4,0",0,-0,3,Prescribed bad states; fixed laws need not attain the class-wide frontier,"1/2,1/4,1/4"
1/2,0.80000000000000004,three_state,0,"1/4,3/4,0",1,-0.19999999999999996,4,Prescribed bad states; fixed laws need not attain the class-wide frontier,"1/2,1/4,1/4"
1/2,0.42857142857142855,three_state,1/4,"1/4,3/4,0",3/4,-0.32142857142857145,5,Prescribed bad states; fixed laws need not attain the class-wide frontier,"1/2,1/4,1/4"
1/2,0.16666666666666666,three_state,3/4,"1/4,3/4,0",1/5,-0.033333333333333354,6,Prescribed bad states; fixed laws need not attain the class-wide frontier,"1/2,1/4,1/4"
1/4,0.33333333333333337,three_state,1/2,"1/2,0,1/2",2/5,-0.066666666666666652,1,Prescribed bad states; fixed laws need not attain the class-wide frontier,"1/2,1/4,1/4"
1/4,0.79999999999999993,three_state,0,"1/2,0,1/2",1,-0.20000000000000007,2,Prescribed bad states; fixed laws need not attain the class-wide frontier,"1/2,1/4,1/4"
1/4,0.2857142857142857,three_state,1/2,"1/2,0,1/2",2/5,-0.11428571428571432,3,Prescribed bad states; fixed laws need not attain the class-wide frontier,"1/2,1/4,1/4"
1/4,0.40000000000000002,three_state,1/2,"1/2,0,1/2",2/5,0,4,Prescribed bad states; fixed laws need not attain the class-wide frontier,"1/2,1/4,1/4"
1/4,-0,three_state,1,"1/2,0,1/2",0,-0,5,Prescribed bad states; fixed laws need not attain the class-wide frontier,"1/2,1/4,1/4"
1/4,0.33333333333333326,three_state,1/2,"1/2,0,1/2",2/5,-0.066666666666666763,6,Prescribed bad states; fixed laws need not attain the class-wide frontier,"1/2,1/4,1/4"
0,0.33333333333333337,three_state,1/2,"1/2,1/4,1/4",1/3,5.5511151231257827e-17,1,Prescribed bad states; fixed laws need not attain the class-wide frontier,"1/2,1/4,1/4"
0,0.59999999999999998,three_state,1/4,"1/2,1/4,1/4",3/5,0,2,Prescribed bad states; fixed laws need not attain the class-wide frontier,"1/2,1/4,1/4"
0,0.14285714285714285,three_state,3/4,"1/2,1/4,1/4",1/7,0,3,Prescribed bad states; fixed laws need not attain the class-wide frontier,"1/2,1/4,1/4"
0,0.59999999999999998,three_state,1/4,"1/2,1/4,1/4",3/5,0,4,Prescribed bad states; fixed laws need not attain the class-wide frontier,"1/2,1/4,1/4"
0,0.14285714285714285,three_state,3/4,"1/2,1/4,1/4",1/7,0,5,Prescribed bad states; fixed laws need not attain the class-wide frontier,"1/2,1/4,1/4"
0,0.33333333333333326,three_state,1/2,"1/2,1/4,1/4",1/3,-5.5511151231257827e-17,6,Prescribed bad states; fixed laws need not attain the class-wide frontier,"1/2,1/4,1/4"
1/4,0.33333333333333337,three_state,1/2,"1/2,1/2,0",2/5,-0.066666666666666652,1,Prescribed bad states; fixed laws need not attain the class-wide frontier,"1/2,1/4,1/4"
1/4,0.39999999999999997,three_state,1/2,"1/2,1/2,0",2/5,-5.5511151231257827e-17,2,Prescribed bad states; fixed laws need not attain the class-wide frontier,"1/2,1/4,1/4"
1/4,-0,three_state,1,"1/2,1/2,0",0,-0,3,Prescribed bad states; fixed laws need not attain the class-wide frontier,"1/2,1/4,1/4"
1/4,0.80000000000000004,three_state,0,"1/2,1/2,0",1,-0.19999999999999996,4,Prescribed bad states; fixed laws need not attain the class-wide frontier,"1/2,1/4,1/4"
1/4,0.28571428571428575,three_state,1/2,"1/2,1/2,0",2/5,-0.11428571428571427,5,Prescribed bad states; fixed laws need not attain the class-wide frontier,"1/2,1/4,1/4"
1/4,0.33333333333333326,three_state,1/2,"1/2,1/2,0",2/5,-0.066666666666666763,6,Prescribed bad states; fixed laws need not attain the class-wide frontier,"1/2,1/4,1/4"
1/4,0.16666666666666669,three_state,3/4,"3/4,0,1/4",1/6,2.7755575615628914e-17,1,Prescribed bad states; fixed laws need not attain the class-wide frontier,"1/2,1/4,1/4"
1/4,0.79999999999999993,three_state,0,"3/4,0,1/4",1,-0.20000000000000007,2,Prescribed bad states; fixed laws need not attain the class-wide frontier,"1/2,1/4,1/4"
1/4,0.14285714285714285,three_state,3/4,"3/4,0,1/4",1/6,-0.023809523809523808,3,Prescribed bad states; fixed laws need not attain the class-wide frontier,"1/2,1/4,1/4"
1/4,0.59999999999999987,three_state,1/4,"3/4,0,1/4",3/4,-0.15000000000000013,4,Prescribed bad states; fixed laws need not attain the class-wide frontier,"1/2,1/4,1/4"
1/4,-6.9388939039072284e-18,three_state,1,"3/4,0,1/4",0,-6.9388939039072284e-18,5,Prescribed bad states; fixed laws need not attain the class-wide frontier,"1/2,1/4,1/4"
1/4,0.49999999999999989,three_state,1/4,"3/4,0,1/4",3/4,-0.25000000000000011,6,Prescribed bad states; fixed laws need not attain the class-wide frontier,"1/2,1/4,1/4"
1/4,0.16666666666666669,three_state,3/4,"3/4,1/4,0",1/6,2.7755575615628914e-17,1,Prescribed bad states; fixed laws need not attain the class-wide frontier,"1/2,1/4,1/4"
1/4,0.59999999999999987,three_state,1/4,"3/4,1/4,0",3/4,-0.15000000000000013,2,Prescribed bad states; fixed laws need not attain the class-wide frontier,"1/2,1/4,1/4"
1/4,-0,three_state,1,"3/4,1/4,0",0,-0,3,Prescribed bad states; fixed laws need not attain the class-wide frontier,"1/2,1/4,1/4"
1/4,0.79999999999999993,three_state,0,"3/4,1/4,0",1,-0.20000000000000007,4,Prescribed bad states; fixed laws need not attain the class-wide frontier,"1/2,1/4,1/4"
1/4,0.14285714285714285,three_state,3/4,"3/4,1/4,0",1/6,-0.023809523809523808,5,Prescribed bad states; fixed laws need not attain the class-wide frontier,"1/2,1/4,1/4"
1/4,0.49999999999999983,three_state,1/4,"3/4,1/4,0",3/4,-0.25000000000000017,6,Prescribed bad states; fixed laws need not attain the class-wide frontier,"1/2,1/4,1/4"
1/2,-0,three_state,1,"1,0,0",0,-0,1,Prescribed bad states; fixed laws need not attain the class-wide frontier,"1/2,1/4,1/4"
1/2,0.79999999999999993,three_state,0,"1,0,0",1,-0.20000000000000007,2,Prescribed bad states; fixed laws need not attain the class-wide frontier,"1/2,1/4,1/4"
1/2,-0,three_state,1,"1,0,0",0,-0,3,Prescribed bad states; fixed laws need not attain the class-wide frontier,"1/2,1/4,1/4"
1/2,0.79999999999999993,three_state,0,"1,0,0",1,-0.20000000000000007,4,Prescribed bad states; fixed laws need not attain the class-wide frontier,"1/2,1/4,1/4"
1/2,3.4694469519536142e-18,three_state,1,"1,0,0",0,3.4694469519536142e-18,5,Prescribed bad states; fixed laws need not attain the class-wide frontier,"1/2,1/4,1/4"
1/2,0.66666666666666663,three_state,0,"1,0,0",1,-0.33333333333333337,6,Prescribed bad states; fixed laws need not attain the class-wide frontier,"1/2,1/4,1/4"
1,0.66666666666666663,three_state,0,"0,0,1",1,-0.33333333333333337,1,Prescribed bad states; fixed laws need not attain the class-wide frontier,"1/2,1/2,0"
1,0.66666666666666663,three_state,0,"0,0,1",1,-0.33333333333333337,2,Prescribed bad states; fixed laws need not attain the class-wide frontier,"1/2,1/2,0"
1,0.49999999999999994,three_state,0,"0,0,1",1,-0.5,3,Prescribed bad states; fixed laws need not attain the class-wide frontier,"1/2,1/2,0"
1,-0,three_state,1,"0,0,1",0,-0,4,Prescribed bad states; fixed laws need not attain the class-wide frontier,"1/2,1/2,0"
1,-0,three_state,1,"0,0,1",0,-0,5,Prescribed bad states; fixed laws need not attain the class-wide frontier,"1/2,1/2,0"
1,-0,three_state,1,"0,0,1",0,-0,6,Prescribed bad states; fixed laws need not attain the class-wide frontier,"1/2,1/2,0"
3/4,0.66666666666666652,three_state,0,"0,1/4,3/4",1,-0.33333333333333348,1,Prescribed bad states; fixed laws need not attain the class-wide frontier,"1/2,1/2,0"
3/4,0.49999999999999994,three_state,1/4,"0,1/4,3/4",3/4,-0.25000000000000006,2,Prescribed bad states; fixed laws need not attain the class-wide frontier,"1/2,1/2,0"
3/4,0.37499999999999994,three_state,1/4,"0,1/4,3/4",3/4,-0.37500000000000006,3,Prescribed bad states; fixed laws need not attain the class-wide frontier,"1/2,1/2,0"
3/4,0.25000000000000006,three_state,3/4,"0,1/4,3/4",1/4,5.5511151231257827e-17,4,Prescribed bad states; fixed laws need not attain the class-wide frontier,"1/2,1/2,0"
3/4,0.16666666666666663,three_state,3/4,"0,1/4,3/4",1/4,-0.08333333333333337,5,Prescribed bad states; fixed laws need not attain the class-wide frontier,"1/2,1/2,0"
3/4,-0,three_state,1,"0,1/4,3/4",0,-0,6,Prescribed bad states; fixed laws need not attain the class-wide frontier,"1/2,1/2,0"
1/2,0.66666666666666663,three_state,0,"0,1/2,1/2",1,-0.33333333333333337,1,Prescribed bad states; fixed laws need not attain the class-wide frontier,"1/2,1/2,0"
1/2,0.33333333333333331,three_state,1/2,"0,1/2,1/2",1/2,-0.16666666666666669,2,Prescribed bad states; fixed laws need not attain the class-wide frontier,"1/2,1/2,0"
1/2,0.24999999999999997,three_state,1/2,"0,1/2,1/2",1/2,-0.25,3,Prescribed bad states; fixed laws need not attain the class-wide frontier,"1/2,1/2,0"
1/2,0.5,three_state,1/2,"0,1/2,1/2",1/2,0,4,Prescribed bad states; fixed laws need not attain the class-wide frontier,"1/2,1/2,0"
1/2,0.33333333333333331,three_state,1/2,"0,1/2,1/2",1/2,-0.16666666666666669,5,Prescribed bad states; fixed laws need not attain the class-wide frontier,"1/2,1/2,0"
1/2,-1.3877787807814457e-17,three_state,1,"0,1/2,1/2",0,-1.3877787807814457e-17,6,Prescribed bad states; fixed laws need not attain the class-wide frontier,"1/2,1/2,0"
1/2,0.66666666666666652,three_state,0,"0,3/4,1/4",1,-0.33333333333333348,1,Prescribed bad states; fixed laws need not attain the class-wide frontier,"1/2,1/2,0"
1/2,0.16666666666666669,three_state,3/4,"0,3/4,1/4",1/5,-0.033333333333333326,2,Prescribed bad states; fixed laws need not attain the class-wide frontier,"1/2,1/2,0"
1/2,0.12499999999999999,three_state,3/4,"0,3/4,1/4",1/5,-0.075000000000000025,3,Prescribed bad states; fixed laws need not attain the class-wide frontier,"1/2,1/2,0"
1/2,0.74999999999999989,three_state,1/4,"0,3/4,1/4",3/4,-1.1102230246251565e-16,4,Prescribed bad states; fixed laws need not attain the class-wide frontier,"1/2,1/2,0"
1/2,0.49999999999999983,three_state,1/4,"0,3/4,1/4",3/4,-0.25000000000000017,5,Prescribed bad states; fixed laws need not attain the class-wide frontier,"1/2,1/2,0"
1/2,-2.0816681711721685e-17,three_state,1,"0,3/4,1/4",0,-2.0816681711721685e-17,6,Prescribed bad states; fixed laws need not attain the class-wide frontier,"1/2,1/2,0"
1/2,0.66666666666666652,three_state,0,"0,1,0",1,-0.33333333333333348,1,Prescribed bad states; fixed laws need not attain the class-wide frontier,"1/2,1/2,0"
1/2,-0,three_state,1,"0,1,0",0,-0,2,Prescribed bad states; fixed laws need not attain the class-wide frontier,"1/2,1/2,0"
1/2,-0,three_state,1,"0,1,0",0,-0,3,Prescribed bad states; fixed laws need not attain the class-wide frontier,"1/2,1/2,0"
1/2,0.99999999999999989,three_state,0,"0,1,0",1,-1.1102230246251565e-16,4,Prescribed bad states; fixed laws need not attain the class-wide frontier,"1/2,1/2,0"
1/2,0.66666666666666652,three_state,0,"0,1,0",1,-0.33333333333333348,5,Prescribed bad states; fixed laws need not attain the class-wide frontier,"1/2,1/2,0"
1/2,-0,three_state,1,"0,1,0",0,-0,6,Prescribed bad states; fixed laws need not attain the class-wide frontier,"1/2,1/2,0"
3/4,0.49999999999999994,three_state,1/4,"1/4,0,3/4",3/4,-0.25000000000000006,1,Prescribed bad states; fixed laws need not attain the class-wide frontier,"1/2,1/2,0"
3/4,0.66666666666666652,three_state,0,"1/4,0,3/4",1,-0.33333333333333348,2,Prescribed bad states; fixed laws need not attain the class-wide frontier,"1/2,1/2,0"
3/4,0.37499999999999994,three_state,1/4,"1/4,0,3/4",3/4,-0.37500000000000006,3,Prescribed bad states; fixed laws need not attain the class-wide frontier,"1/2,1/2,0"
3/4,0.25000000000000006,three_state,3/4,"1/4,0,3/4",1/4,5.5511151231257827e-17,4,Prescribed bad states; fixed laws need not attain the class-wide frontier,"1/2,1/2,0"
3/4,-0,three_state,1,"1/4,0,3/4",0,-0,5,Prescribed bad states; fixed laws need not attain the class-wide frontier,"1/2,1/2,0"
3/4,0.16666666666666663,three_state,3/4,"1/4,0,3/4",1/4,-0.08333333333333337,6,Prescribed bad states; fixed laws need not attain the class-wide frontier,"1/2,1/2,0"
1/2,0.5,three_state,1/4,"1/4,1/4,1/2",3/4,-0.25,1,Prescribed bad states; fixed laws need not attain the class-wide frontier,"1/2,1/2,0"
1/2,0.5,three_state,1/4,"1/4,1/4,1/2",3/4,-0.25,2,Prescribed bad states; fixed laws need not attain the class-wide frontier,"1/2,1/2,0"
1/2,0.24999999999999997,three_state,1/2,"1/4,1/4,1/2",1/2,-0.25,3,Prescribed bad states; fixed laws need not attain the class-wide frontier,"1/2,1/2,0"
1/2,0.5,three_state,1/2,"1/4,1/4,1/2",1/2,0,4,Prescribed bad states; fixed laws need not attain the class-wide frontier,"1/2,1/2,0"
1/2,0.16666666666666669,three_state,3/4,"1/4,1/4,1/2",1/5,-0.033333333333333326,5,Prescribed bad states; fixed laws need not attain the class-wide frontier,"1/2,1/2,0"
1/2,0.16666666666666669,three_state,3/4,"1/4,1/4,1/2",1/5,-0.033333333333333326,6,Prescribed bad states; fixed laws need not attain the class-wide frontier,"1/2,1/2,0"
1/4,0.49999999999999994,three_state,1/4,"1/4,1/2,1/4",3/4,-0.25000000000000006,1,Prescribed bad states; fixed laws need not attain the class-wide frontier,"1/2,1/2,0"
1/4,0.33333333333333331,three_state,1/2,"1/4,1/2,1/4",2/5,-0.066666666666666707,2,Prescribed bad states; fixed laws need not attain the class-wide frontier,"1/2,1/2,0"
1/4,0.12499999999999999,three_state,3/4,"1/4,1/2,1/4",1/6,-0.041666666666666671,3,Prescribed bad states; fixed laws need not attain the class-wide frontier,"1/2,1/2,0"
1/4,0.75,three_state,1/4,"1/4,1/2,1/4",3/4,0,4,Prescribed bad states; fixed laws need not attain the class-wide frontier,"1/2,1/2,0"
1/4,0.33333333333333326,three_state,1/2,"1/4,1/2,1/4",2/5,-0.066666666666666763,5,Prescribed bad states; fixed laws need not attain the class-wide frontier,"1/2,1/2,0"
1/4,0.16666666666666669,three_state,3/4,"1/4,1/2,1/4",1/6,2.7755575615628914e-17,6,Prescribed bad states; fixed laws need not attain the class-wide frontier,"1/2,1/2,0"
1/4,0.49999999999999989,three_state,1/4,"1/4,3/4,0",3/4,-0.25000000000000011,1,Prescribed bad states; fixed laws need not attain the class-wide frontier,"1/2,1/2,0"
1/4,0.16666666666666669,three_state,3/4,"1/4,3/4,0",1/6,2.7755575615628914e-17,2,Prescribed bad states; fixed laws need not attain the class-wide frontier,"1/2,1/2,0"
1/4,-0,three_state,1,"1/4,3/4,0",0,-0,3,Prescribed bad states; fixed laws need not attain the class-wide frontier,"1/2,1/2,0"
1/4,0.99999999999999989,three_state,0,"1/4,3/4,0",1,-1.1102230246251565e-16,4,Prescribed bad states; fixed laws need not attain the class-wide frontier,"1/2,1/2,0"
1/4,0.49999999999999989,three_state,1/4,"1/4,3/4,0",3/4,-0.25000000000000011,5,Prescribed bad states; fixed laws need not attain the class-wide frontier,"1/2,1/2,0"
1/4,0.16666666666666669,three_state,3/4,"1/4,3/4,0",1/6,2.7755575615628914e-17,6,Prescribed bad states; fixed laws need not attain the class-wide frontier,"1/2,1/2,0"
1/2,0.33333333333333331,three_state,1/2,"1/2,0,1/2",1/2,-0.16666666666666669,1,Prescribed bad states; fixed laws need not attain the class-wide frontier,"1/2,1/2,0"
1/2,0.66666666666666663,three_state,0,"1/2,0,1/2",1,-0.33333333333333337,2,Prescribed bad states; fixed laws need not attain the class-wide frontier,"1/2,1/2,0"
1/2,0.24999999999999997,three_state,1/2,"1/2,0,1/2",1/2,-0.25,3,Prescribed bad states; fixed laws need not attain the class-wide frontier,"1/2,1/2,0"
1/2,0.5,three_state,1/2,"1/2,0,1/2",1/2,0,4,Prescribed bad states; fixed laws need not attain the class-wide frontier,"1/2,1/2,0"
1/2,-1.3877787807814457e-17,three_state,1,"1/2,0,1/2",0,-1.3877787807814457e-17,5,Prescribed bad states; fixed laws need not attain the class-wide frontier,"1/2,1/2,0"
1/2,0.33333333333333331,three_state,1/2,"1/2,0,1/2",1/2,-0.16666666666666669,6,Prescribed bad states; fixed laws need not attain the class-wide frontier,"1/2,1/2,0"
1/4,0.33333333333333331,three_state,1/2,"1/2,1/4,1/4",2/5,-0.066666666666666707,1,Prescribed bad states; fixed laws need not attain the class-wide frontier,"1/2,1/2,0"
1/4,0.49999999999999994,three_state,1/4,"1/2,1/4,1/4",3/4,-0.25000000000000006,2,Prescribed bad states; fixed laws need not attain the class-wide frontier,"1/2,1/2,0"
1/4,0.12499999999999999,three_state,3/4,"1/2,1/4,1/4",1/6,-0.041666666666666671,3,Prescribed bad states; fixed laws need not attain the class-wide frontier,"1/2,1/2,0"
1/4,0.75,three_state,1/4,"1/2,1/4,1/4",3/4,0,4,Prescribed bad states; fixed laws need not attain the class-wide frontier,"1/2,1/2,0"
1/4,0.16666666666666669,three_state,3/4,"1/2,1/4,1/4",1/6,2.7755575615628914e-17,5,Prescribed bad states; fixed laws need not attain the class-wide frontier,"1/2,1/2,0"
1/4,0.33333333333333326,three_state,1/2,"1/2,1/4,1/4",2/5,-0.066666666666666763,6,Prescribed bad states; fixed laws need not attain the class-wide frontier,"1/2,1/2,0"
0,0.33333333333333326,three_state,1/2,"1/2,1/2,0",1/3,-5.5511151231257827e-17,1,Prescribed bad states; fixed laws need not attain the class-wide frontier,"1/2,1/2,0"
0,0.33333333333333326,three_state,1/2,"1/2,1/2,0",1/3,-5.5511151231257827e-17,2,Prescribed bad states; fixed laws need not attain the class-wide frontier,"1/2,1/2,0"
0,-0,three_state,1,"1/2,1/2,0",0,-0,3,Prescribed bad states; fixed laws need not attain the class-wide frontier,"1/2,1/2,0"
0,0.99999999999999989,three_state,0,"1/2,1/2,0",1,-1.1102230246251565e-16,4,Prescribed bad states; fixed laws need not attain the class-wide frontier,"1/2,1/2,0"
0,0.33333333333333326,three_state,1/2,"1/2,1/2,0",1/3,-5.5511151231257827e-17,5,Prescribed bad states; fixed laws need not attain the class-wide frontier,"1/2,1/2,0"
0,0.33333333333333326,three_state,1/2,"1/2,1/2,0",1/3,-5.5511151231257827e-17,6,Prescribed bad states; fixed laws need not attain the class-wide frontier,"1/2,1/2,0"
1/2,0.16666666666666669,three_state,3/4,"3/4,0,1/4",1/5,-0.033333333333333326,1,Prescribed bad states; fixed laws need not attain the class-wide frontier,"1/2,1/2,0"
1/2,0.66666666666666652,three_state,0,"3/4,0,1/4",1,-0.33333333333333348,2,Prescribed bad states; fixed laws need not attain the class-wide frontier,"1/2,1/2,0"
1/2,0.12499999999999999,three_state,3/4,"3/4,0,1/4",1/5,-0.075000000000000025,3,Prescribed bad states; fixed laws need not attain the class-wide frontier,"1/2,1/2,0"
1/2,0.74999999999999989,three_state,1/4,"3/4,0,1/4",3/4,-1.1102230246251565e-16,4,Prescribed bad states; fixed laws need not attain the class-wide frontier,"1/2,1/2,0"
1/2,-2.0816681711721685e-17,three_state,1,"3/4,0,1/4",0,-2.0816681711721685e-17,5,Prescribed bad states; fixed laws need not attain the class-wide frontier,"1/2,1/2,0"
1/2,0.49999999999999983,three_state,1/4,"3/4,0,1/4",3/4,-0.25000000000000017,6,Prescribed bad states; fixed laws need not attain the class-wide frontier,"1/2,1/2,0"
1/4,0.16666666666666669,three_state,3/4,"3/4,1/4,0",1/6,2.7755575615628914e-17,1,Prescribed bad states; fixed laws need not attain the class-wide frontier,"1/2,1/2,0"
1/4,0.49999999999999989,three_state,1/4,"3/4,1/4,0",3/4,-0.25000000000000011,2,Prescribed bad states; fixed laws need not attain the class-wide frontier,"1/2,1/2,0"
1/4,-0,three_state,1,"3/4,1/4,0",0,-0,3,Prescribed bad states; fixed laws need not attain the class-wide frontier,"1/2,1/2,0"
1/4,0.99999999999999989,three_state,0,"3/4,1/4,0",1,-1.1102230246251565e-16,4,Prescribed bad states; fixed laws need not attain the class-wide frontier,"1/2,1/2,0"
1/4,0.16666666666666669,three_state,3/4,"3/4,1/4,0",1/6,2.7755575615628914e-17,5,Prescribed bad states; fixed laws need not attain the class-wide frontier,"1/2,1/2,0"
1/4,0.49999999999999989,three_state,1/4,"3/4,1/4,0",3/4,-0.25000000000000011,6,Prescribed bad states; fixed laws need not attain the class-wide frontier,"1/2,1/2,0"
1/2,-0,three_state,1,"1,0,0",0,-0,1,Prescribed bad states; fixed laws need not attain the class-wide frontier,"1/2,1/2,0"
1/2,0.66666666666666652,three_state,0,"1,0,0",1,-0.33333333333333348,2,Prescribed bad states; fixed laws need not attain the class-wide frontier,"1/2,1/2,0"
1/2,-0,three_state,1,"1,0,0",0,-0,3,Prescribed bad states; fixed laws need not attain the class-wide frontier,"1/2,1/2,0"
1/2,0.99999999999999989,three_state,0,"1,0,0",1,-1.1102230246251565e-16,4,Prescribed bad states; fixed laws need not attain the class-wide frontier,"1/2,1/2,0"
1/2,-0,three_state,1,"1,0,0",0,-0,5,Prescribed bad states; fixed laws need not attain the class-wide frontier,"1/2,1/2,0"
1/2,0.66666666666666652,three_state,0,"1,0,0",1,-0.33333333333333348,6,Prescribed bad states; fixed laws need not attain the class-wide frontier,"1/2,1/2,0"
3/4,0.5714285714285714,three_state,0,"0,0,1",1,-0.4285714285714286,1,Prescribed bad states; fixed laws need not attain the class-wide frontier,"3/4,0,1/4"
3/4,1,three_state,0,"0,0,1",1,0,2,Prescribed bad states; fixed laws need not attain the class-wide frontier,"3/4,0,1/4"
3/4,0.5714285714285714,three_state,0,"0,0,1",1,-0.4285714285714286,3,Prescribed bad states; fixed laws need not attain the class-wide frontier,"3/4,0,1/4"
3/4,-0,three_state,1,"0,0,1",0,-0,4,Prescribed bad states; fixed laws need not attain the class-wide frontier,"3/4,0,1/4"
3/4,-0,three_state,1,"0,0,1",0,-0,5,Prescribed bad states; fixed laws need not attain the class-wide frontier,"3/4,0,1/4"
3/4,-0,three_state,1,"0,0,1",0,-0,6,Prescribed bad states; fixed laws need not attain the class-wide frontier,"3/4,0,1/4"
3/4,0.5714285714285714,three_state,0,"0,1/4,3/4",1,-0.4285714285714286,1,Prescribed bad states; fixed laws need not attain the class-wide frontier,"3/4,0,1/4"
3/4,0.75,three_state,1/4,"0,1/4,3/4",3/4,0,2,Prescribed bad states; fixed laws need not attain the class-wide frontier,"3/4,0,1/4"
3/4,0.4285714285714286,three_state,1/4,"0,1/4,3/4",3/4,-0.3214285714285714,3,Prescribed bad states; fixed laws need not attain the class-wide frontier,"3/4,0,1/4"
3/4,0.20000000000000001,three_state,3/4,"0,1/4,3/4",1/4,-0.049999999999999989,4,Prescribed bad states; fixed laws need not attain the class-wide frontier,"3/4,0,1/4"
3/4,0.12499999999999999,three_state,3/4,"0,1/4,3/4",1/4,-0.125,5,Prescribed bad states; fixed laws need not attain the class-wide frontier,"3/4,0,1/4"
3/4,-0,three_state,1,"0,1/4,3/4",0,-0,6,Prescribed bad states; fixed laws need not attain the class-wide frontier,"3/4,0,1/4"
3/4,0.5714285714285714,three_state,0,"0,1/2,1/2",1,-0.4285714285714286,1,Prescribed bad states; fixed laws need not attain the class-wide frontier,"3/4,0,1/4"
3/4,0.5,three_state,1/2,"0,1/2,1/2",1/2,0,2,Prescribed bad states; fixed laws need not attain the class-wide frontier,"3/4,0,1/4"
3/4,0.2857142857142857,three_state,1/2,"0,1/2,1/2",1/2,-0.2142857142857143,3,Prescribed bad states; fixed laws need not attain the class-wide frontier,"3/4,0,1/4"
3/4,0.40000000000000002,three_state,1/2,"0,1/2,1/2",1/2,-0.099999999999999978,4,Prescribed bad states; fixed laws need not attain the class-wide frontier,"3/4,0,1/4"
3/4,0.24999999999999997,three_state,1/2,"0,1/2,1/2",1/2,-0.25,5,Prescribed bad states; fixed laws need not attain the class-wide frontier,"3/4,0,1/4"
3/4,-2.7755575615628914e-17,three_state,1,"0,1/2,1/2",0,-2.7755575615628914e-17,6,Prescribed bad states; fixed laws need not attain the class-wide frontier,"3/4,0,1/4"
3/4,0.5714285714285714,three_state,0,"0,3/4,1/4",1,-0.4285714285714286,1,Prescribed bad states; fixed laws need not attain the class-wide frontier,"3/4,0,1/4"
3/4,0.25000000000000006,three_state,3/4,"0,3/4,1/4",1/4,5.5511151231257827e-17,2,Prescribed bad states; fixed laws need not attain the class-wide frontier,"3/4,0,1/4"
3/4,0.14285714285714285,three_state,3/4,"0,3/4,1/4",1/4,-0.10714285714285715,3,Prescribed bad states; fixed laws need not attain the class-wide frontier,"3/4,0,1/4"
3/4,0.59999999999999998,three_state,1/4,"0,3/4,1/4",3/4,-0.15000000000000002,4,Prescribed bad states; fixed laws need not attain the class-wide frontier,"3/4,0,1/4"
3/4,0.37499999999999994,three_state,1/4,"0,3/4,1/4",3/4,-0.37500000000000006,5,Prescribed bad states; fixed laws need not attain the class-wide frontier,"3/4,0,1/4"
3/4,-0,three_state,1,"0,3/4,1/4",0,-0,6,Prescribed bad states; fixed laws need not attain the class-wide frontier,"3/4,0,1/4"
1,0.5714285714285714,three_state,0,"0,1,0",1,-0.4285714285714286,1,Prescribed bad states; fixed laws need not attain the class-wide frontier,"3/4,0,1/4"
1,-0,three_state,1,"0,1,0",0,-0,2,Prescribed bad states; fixed laws need not attain the class-wide frontier,"3/4,0,1/4"
1,-0,three_state,1,"0,1,0",0,-0,3,Prescribed bad states; fixed laws need not attain the class-wide frontier,"3/4,0,1/4"
1,0.80000000000000004,three_state,0,"0,1,0",1,-0.19999999999999996,4,Prescribed bad states; fixed laws need not attain the class-wide frontier,"3/4,0,1/4"
1,0.49999999999999994,three_state,0,"0,1,0",1,-0.5,5,Prescribed bad states; fixed laws need not attain the class-wide frontier,"3/4,0,1/4"
1,-0,three_state,1,"0,1,0",0,-0,6,Prescribed bad states; fixed laws need not attain the class-wide frontier,"3/4,0,1/4"
1/2,0.4285714285714286,three_state,1/4,"1/4,0,3/4",3/4,-0.3214285714285714,1,Prescribed bad states; fixed laws need not attain the class-wide frontier,"3/4,0,1/4"
1/2,1,three_state,0,"1/4,0,3/4",1,0,2,Prescribed bad states; fixed laws need not attain the class-wide frontier,"3/4,0,1/4"
1/2,0.4285714285714286,three_state,1/4,"1/4,0,3/4",3/4,-0.3214285714285714,3,Prescribed bad states; fixed laws need not attain the class-wide frontier,"3/4,0,1/4"
1/2,0.20000000000000001,three_state,3/4,"1/4,0,3/4",1/5,0,4,Prescribed bad states; fixed laws need not attain the class-wide frontier,"3/4,0,1/4"
1/2,-0,three_state,1,"1/4,0,3/4",0,-0,5,Prescribed bad states; fixed laws need not attain the class-wide frontier,"3/4,0,1/4"
1/2,0.20000000000000001,three_state,3/4,"1/4,0,3/4",1/5,0,6,Prescribed bad states; fixed laws need not attain the class-wide frontier,"3/4,0,1/4"
1/2,0.42857142857142855,three_state,1/4,"1/4,1/4,1/2",3/4,-0.32142857142857145,1,Prescribed bad states; fixed laws need not attain the class-wide frontier,"3/4,0,1/4"
1/2,0.75,three_state,1/4,"1/4,1/4,1/2",3/4,0,2,Prescribed bad states; fixed laws need not attain the class-wide frontier,"3/4,0,1/4"
1/2,0.2857142857142857,three_state,1/2,"1/4,1/4,1/2",1/2,-0.2142857142857143,3,Prescribed bad states; fixed laws need not attain the class-wide frontier,"3/4,0,1/4"
1/2,0.40000000000000002,three_state,1/2,"1/4,1/4,1/2",1/2,-0.099999999999999978,4,Prescribed bad states; fixed laws need not attain the class-wide frontier,"3/4,0,1/4"
1/2,0.12499999999999999,three_state,3/4,"1/4,1/4,1/2",1/5,-0.075000000000000025,5,Prescribed bad states; fixed laws need not attain the class-wide frontier,"3/4,0,1/4"
1/2,0.20000000000000001,three_state,3/4,"1/4,1/4,1/2",1/5,0,6,Prescribed bad states; fixed laws need not attain the class-wide frontier,"3/4,0,1/4"
1/2,0.42857142857142855,three_state,1/4,"1/4,1/2,1/4",3/4,-0.32142857142857145,1,Prescribed bad states; fixed laws need not attain the class-wide frontier,"3/4,0,1/4"
1/2,0.5,three_state,1/2,"1/4,1/2,1/4",1/2,0,2,Prescribed bad states; fixed laws need not attain the class-wide frontier,"3/4,0,1/4"
1/2,0.14285714285714285,three_state,3/4,"1/4,1/2,1/4",1/5,-0.057142857142857162,3,Prescribed bad states; fixed laws need not attain the class-wide frontier,"3/4,0,1/4"
1/2,0.59999999999999998,three_state,1/4,"1/4,1/2,1/4",3/4,-0.15000000000000002,4,Prescribed bad states; fixed laws need not attain the class-wide frontier,"3/4,0,1/4"
1/2,0.24999999999999997,three_state,1/2,"1/4,1/2,1/4",1/2,-0.25,5,Prescribed bad states; fixed laws need not attain the class-wide frontier,"3/4,0,1/4"
1/2,0.19999999999999998,three_state,3/4,"1/4,1/2,1/4",1/5,-2.7755575615628914e-17,6,Prescribed bad states; fixed laws need not attain the class-wide frontier,"3/4,0,1/4"
3/4,0.42857142857142849,three_state,1/4,"1/4,3/4,0",3/4,-0.32142857142857151,1,Prescribed bad states; fixed laws need not attain the class-wide frontier,"3/4,0,1/4"
3/4,0.25000000000000006,three_state,3/4,"1/4,3/4,0",1/4,5.5511151231257827e-17,2,Prescribed bad states; fixed laws need not attain the class-wide frontier,"3/4,0,1/4"
3/4,-0,three_state,1,"1/4,3/4,0",0,-0,3,Prescribed bad states; fixed laws need not attain the class-wide frontier,"3/4,0,1/4"
3/4,0.80000000000000004,three_state,0,"1/4,3/4,0",1,-0.19999999999999996,4,Prescribed bad states; fixed laws need not attain the class-wide frontier,"3/4,0,1/4"
3/4,0.37499999999999994,three_state,1/4,"1/4,3/4,0",3/4,-0.37500000000000006,5,Prescribed bad states; fixed laws need not attain the class-wide frontier,"3/4,0,1/4"
3/4,0.20000000000000001,three_state,3/4,"1/4,3/4,0",1/4,-0.049999999999999989,6,Prescribed bad states; fixed laws need not attain the class-wide frontier,"3/4,0,1/4"
1/4,0.2857142857142857,three_state,1/2,"1/2,0,1/2",2/5,-0.11428571428571432,1,Prescribed bad states; fixed laws need not attain the class-wide frontier,"3/4,0,1/4"
1/4,1,three_state,0,"1/2,0,1/2",1,0,2,Prescribed bad states; fixed laws need not attain the class-wide frontier,"3/4,0,1/4"
1/4,0.2857142857142857,three_state,1/2,"1/2,0,1/2",2/5,-0.11428571428571432,3,Prescribed bad states; fixed laws need not attain the class-wide frontier,"3/4,0,1/4"
1/4,0.40000000000000002,three_state,1/2,"1/2,0,1/2",2/5,0,4,Prescribed bad states; fixed laws need not attain the class-wide frontier,"3/4,0,1/4"
1/4,-0,three_state,1,"1/2,0,1/2",0,-0,5,Prescribed bad states; fixed laws need not attain the class-wide frontier,"3/4,0,1/4"
1/4,0.40000000000000002,three_state,1/2,"1/2,0,1/2",2/5,0,6,Prescribed bad states; fixed laws need not attain the class-wide frontier,"3/4,0,1/4"
1/4,0.2857142857142857,three_state,1/2,"1/2,1/4,1/4",2/5,-0.11428571428571432,1,Prescribed bad states; fixed laws need not attain the class-wide frontier,"3/4,0,1/4"
1/4,0.75,three_state,1/4,"1/2,1/4,1/4",3/4,0,2,Prescribed bad states; fixed laws need not attain the class-wide frontier,"3/4,0,1/4"
1/4,0.14285714285714288,three_state,3/4,"1/2,1/4,1/4",1/6,-0.02380952380952378,3,Prescribed bad states; fixed laws need not attain the class-wide frontier,"3/4,0,1/4"
1/4,0.59999999999999998,three_state,1/4,"1/2,1/4,1/4",3/4,-0.15000000000000002,4,Prescribed bad states; fixed laws need not attain the class-wide frontier,"3/4,0,1/4"
1/4,0.12499999999999999,three_state,3/4,"1/2,1/4,1/4",1/6,-0.041666666666666671,5,Prescribed bad states; fixed laws need not attain the class-wide frontier,"3/4,0,1/4"
1/4,0.40000000000000002,three_state,1/2,"1/2,1/4,1/4",2/5,0,6,Prescribed bad states; fixed laws need not attain the class-wide frontier,"3/4,0,1/4"
1/2,0.2857142857142857,three_state,1/2,"1/2,1/2,0",1/2,-0.2142857142857143,1,Prescribed bad states; fixed laws need not attain the class-wide frontier,"3/4,0,1/4"
1/2,0.5,three_state,1/2,"1/2,1/2,0",1/2,0,2,Prescribed bad states; fixed laws need not attain the class-wide frontier,"3/4,0,1/4"
1/2,-1.3877787807814457e-17,three_state,1,"1/2,1/2,0",0,-1.3877787807814457e-17,3,Prescribed bad states; fixed laws need not attain the class-wide frontier,"3/4,0,1/4"
1/2,0.80000000000000004,three_state,0,"1/2,1/2,0",1,-0.19999999999999996,4,Prescribed bad states; fixed laws need not attain the class-wide frontier,"3/4,0,1/4"
1/2,0.24999999999999997,three_state,1/2,"1/2,1/2,0",1/2,-0.25,5,Prescribed bad states; fixed laws need not attain the class-wide frontier,"3/4,0,1/4"
1/2,0.39999999999999997,three_state,1/2,"1/2,1/2,0",1/2,-0.10000000000000003,6,Prescribed bad states; fixed laws need not attain the class-wide frontier,"3/4,0,1/4"
0,0.14285714285714285,three_state,3/4,"3/4,0,1/4",1/7,0,1,Prescribed bad states; fixed laws need not attain the class-wide frontier,"3/4,0,1/4"
0,1,three_state,0,"3/4,0,1/4",1,0,2,Prescribed bad states; fixed laws need not attain the class-wide frontier,"3/4,0,1/4"
0,0.14285714285714285,three_state,3/4,"3/4,0,1/4",1/7,0,3,Prescribed bad states; fixed laws need not attain the class-wide frontier,"3/4,0,1/4"
0,0.59999999999999998,three_state,1/4,"3/4,0,1/4",3/5,0,4,Prescribed bad states; fixed laws need not attain the class-wide frontier,"3/4,0,1/4"
0,-0,three_state,1,"3/4,0,1/4",0,-0,5,Prescribed bad states; fixed laws need not attain the class-wide frontier,"3/4,0,1/4"
0,0.59999999999999998,three_state,1/4,"3/4,0,1/4",3/5,0,6,Prescribed bad states; fixed laws need not attain the class-wide frontier,"3/4,0,1/4"
1/4,0.14285714285714285,three_state,3/4,"3/4,1/4,0",1/6,-0.023809523809523808,1,Prescribed bad states; fixed laws need not attain the class-wide frontier,"3/4,0,1/4"
1/4,0.75,three_state,1/4,"3/4,1/4,0",3/4,0,2,Prescribed bad states; fixed laws need not attain the class-wide frontier,"3/4,0,1/4"
1/4,-0,three_state,1,"3/4,1/4,0",0,-0,3,Prescribed bad states; fixed laws need not attain the class-wide frontier,"3/4,0,1/4"
1/4,0.80000000000000004,three_state,0,"3/4,1/4,0",1,-0.19999999999999996,4,Prescribed bad states; fixed laws need not attain the class-wide frontier,"3/4,0,1/4"
1/4,0.12499999999999999,three_state,3/4,"3/4,1/4,0",1/6,-0.041666666666666671,5,Prescribed bad states; fixed laws need not attain the class-wide frontier,"3/4,0,1/4"
1/4,0.60000000000000009,three_state,1/4,"3/4,1/4,0",3/4,-0.14999999999999991,6,Prescribed bad states; fixed laws need not attain the class-wide frontier,"3/4,0,1/4"
1/4,-0,three_state,1,"1,0,0",0,-0,1,Prescribed bad states; fixed laws need not attain the class-wide frontier,"3/4,0,1/4"
1/4,1,three_state,0,"1,0,0",1,0,2,Prescribed bad states; fixed laws need not attain the class-wide frontier,"3/4,0,1/4"
1/4,-0,three_state,1,"1,0,0",0,-0,3,Prescribed bad states; fixed laws need not attain the class-wide frontier,"3/4,0,1/4"
1/4,0.80000000000000004,three_state,0,"1,0,0",1,-0.19999999999999996,4,Prescribed bad states; fixed laws need not attain the class-wide frontier,"3/4,0,1/4"
1/4,-0,three_state,1,"1,0,0",0,-0,5,Prescribed bad states; fixed laws need not attain the class-wide frontier,"3/4,0,1/4"
1/4,0.80000000000000004,three_state,0,"1,0,0",1,-0.19999999999999996,6,Prescribed bad states; fixed laws need not attain the class-wide frontier,"3/4,0,1/4"
1,0.5714285714285714,three_state,0,"0,0,1",1,-0.4285714285714286,1,Prescribed bad states; fixed laws need not attain the class-wide frontier,"3/4,1/4,0"
1,0.79999999999999993,three_state,0,"0,0,1",1,-0.20000000000000007,2,Prescribed bad states; fixed laws need not attain the class-wide frontier,"3/4,1/4,0"
1,0.49999999999999994,three_state,0,"0,0,1",1,-0.5,3,Prescribed bad states; fixed laws need not attain the class-wide frontier,"3/4,1/4,0"
1,-0,three_state,1,"0,0,1",0,-0,4,Prescribed bad states; fixed laws need not attain the class-wide frontier,"3/4,1/4,0"
1,-0,three_state,1,"0,0,1",0,-0,5,Prescribed bad states; fixed laws need not attain the class-wide frontier,"3/4,1/4,0"
1,-0,three_state,1,"0,0,1",0,-0,6,Prescribed bad states; fixed laws need not attain the class-wide frontier,"3/4,1/4,0"
3/4,0.5714285714285714,three_state,0,"0,1/4,3/4",1,-0.4285714285714286,1,Prescribed bad states; fixed laws need not attain the class-wide frontier,"3/4,1/4,0"
3/4,0.59999999999999998,three_state,1/4,"0,1/4,3/4",3/4,-0.15000000000000002,2,Prescribed bad states; fixed laws need not attain the class-wide frontier,"3/4,1/4,0"
3/4,0.37499999999999994,three_state,1/4,"0,1/4,3/4",3/4,-0.37500000000000006,3,Prescribed bad states; fixed laws need not attain the class-wide frontier,"3/4,1/4,0"
3/4,0.25000000000000006,three_state,3/4,"0,1/4,3/4",1/4,5.5511151231257827e-17,4,Prescribed bad states; fixed laws need not attain the class-wide frontier,"3/4,1/4,0"
3/4,0.14285714285714285,three_state,3/4,"0,1/4,3/4",1/4,-0.10714285714285715,5,Prescribed bad states; fixed laws need not attain the class-wide frontier,"3/4,1/4,0"
3/4,-0,three_state,1,"0,1/4,3/4",0,-0,6,Prescribed bad states; fixed laws need not attain the class-wide frontier,"3/4,1/4,0"
3/4,0.5714285714285714,three_state,0,"0,1/2,1/2",1,-0.4285714285714286,1,Prescribed bad states; fixed laws need not attain the class-wide frontier,"3/4,1/4,0"
3/4,0.40000000000000002,three_state,1/2,"0,1/2,1/2",1/2,-0.099999999999999978,2,Prescribed bad states; fixed laws need not attain the class-wide frontier,"3/4,1/4,0"
3/4,0.24999999999999997,three_state,1/2,"0,1/2,1/2",1/2,-0.25,3,Prescribed bad states; fixed laws need not attain the class-wide frontier,"3/4,1/4,0"
3/4,0.5,three_state,1/2,"0,1/2,1/2",1/2,0,4,Prescribed bad states; fixed laws need not attain the class-wide frontier,"3/4,1/4,0"
3/4,0.28571428571428575,three_state,1/2,"0,1/2,1/2",1/2,-0.21428571428571425,5,Prescribed bad states; fixed laws need not attain the class-wide frontier,"3/4,1/4,0"
3/4,-2.7755575615628914e-17,three_state,1,"0,1/2,1/2",0,-2.7755575615628914e-17,6,Prescribed bad states; fixed laws need not attain the class-wide frontier,"3/4,1/4,0"
3/4,0.5714285714285714,three_state,0,"0,3/4,1/4",1,-0.4285714285714286,1,Prescribed bad states; fixed laws need not attain the class-wide frontier,"3/4,1/4,0"
3/4,0.20000000000000001,three_state,3/4,"0,3/4,1/4",1/4,-0.049999999999999989,2,Prescribed bad states; fixed laws need not attain the class-wide frontier,"3/4,1/4,0"
3/4,0.12499999999999999,three_state,3/4,"0,3/4,1/4",1/4,-0.125,3,Prescribed bad states; fixed laws need not attain the class-wide frontier,"3/4,1/4,0"
3/4,0.75,three_state,1/4,"0,3/4,1/4",3/4,0,4,Prescribed bad states; fixed laws need not attain the class-wide frontier,"3/4,1/4,0"
3/4,0.4285714285714286,three_state,1/4,"0,3/4,1/4",3/4,-0.3214285714285714,5,Prescribed bad states; fixed laws need not attain the class-wide frontier,"3/4,1/4,0"
3/4,-1.3877787807814457e-17,three_state,1,"0,3/4,1/4",0,-1.3877787807814457e-17,6,Prescribed bad states; fixed laws need not attain the class-wide frontier,"3/4,1/4,0"
3/4,0.5714285714285714,three_state,0,"0,1,0",1,-0.4285714285714286,1,Prescribed bad states; fixed laws need not attain the class-wide frontier,"3/4,1/4,0"
3/4,-0,three_state,1,"0,1,0",0,-0,2,Prescribed bad states; fixed laws need not attain the class-wide frontier,"3/4,1/4,0"
3/4,-0,three_state,1,"0,1,0",0,-0,3,Prescribed bad states; fixed laws need not attain the class-wide frontier,"3/4,1/4,0"
3/4,1,three_state,0,"0,1,0",1,0,4,Prescribed bad states; fixed laws need not attain the class-wide frontier,"3/4,1/4,0"
3/4,0.5714285714285714,three_state,0,"0,1,0",1,-0.4285714285714286,5,Prescribed bad states; fixed laws need not attain the class-wide frontier,"3/4,1/4,0"
3/4,-0,three_state,1,"0,1,0",0,-0,6,Prescribed bad states; fixed laws need not attain the class-wide frontier,"3/4,1/4,0"
3/4,0.42857142857142849,three_state,1/4,"1/4,0,3/4",3/4,-0.32142857142857151,1,Prescribed bad states; fixed laws need not attain the class-wide frontier,"3/4,1/4,0"
3/4,0.79999999999999993,three_state,0,"1/4,0,3/4",1,-0.20000000000000007,2,Prescribed bad states; fixed laws need not attain the class-wide frontier,"3/4,1/4,0"
3/4,0.37499999999999994,three_state,1/4,"1/4,0,3/4",3/4,-0.37500000000000006,3,Prescribed bad states; fixed laws need not attain the class-wide frontier,"3/4,1/4,0"
3/4,0.25000000000000006,three_state,3/4,"1/4,0,3/4",1/4,5.5511151231257827e-17,4,Prescribed bad states; fixed laws need not attain the class-wide frontier,"3/4,1/4,0"
3/4,-6.9388939039072284e-18,three_state,1,"1/4,0,3/4",0,-6.9388939039072284e-18,5,Prescribed bad states; fixed laws need not attain the class-wide frontier,"3/4,1/4,0"
3/4,0.19999999999999998,three_state,3/4,"1/4,0,3/4",1/4,-0.050000000000000017,6,Prescribed bad states; fixed laws need not attain the class-wide frontier,"3/4,1/4,0"
1/2,0.42857142857142855,three_state,1/4,"1/4,1/4,1/2",3/4,-0.32142857142857145,1,Prescribed bad states; fixed laws need not attain the class-wide frontier,"3/4,1/4,0"
1/2,0.59999999999999998,three_state,1/4,"1/4,1/4,1/2",3/4,-0.15000000000000002,2,Prescribed bad states; fixed laws need not attain the class-wide frontier,"3/4,1/4,0"
1/2,0.24999999999999997,three_state,1/2,"1/4,1/4,1/2",1/2,-0.25,3,Prescribed bad states; fixed laws need not attain the class-wide frontier,"3/4,1/4,0"
1/2,0.5,three_state,1/2,"1/4,1/4,1/2",1/2,0,4,Prescribed bad states; fixed laws need not attain the class-wide frontier,"3/4,1/4,0"
1/2,0.14285714285714285,three_state,3/4,"1/4,1/4,1/2",1/5,-0.057142857142857162,5,Prescribed bad states; fixed laws need not attain the class-wide frontier,"3/4,1/4,0"
1/2,0.19999999999999998,three_state,3/4,"1/4,1/4,1/2",1/5,-2.7755575615628914e-17,6,Prescribed bad states; fixed laws need not attain the class-wide frontier,"3/4,1/4,0"
1/2,0.4285714285714286,three_state,1/4,"1/4,1/2,1/4",3/4,-0.3214285714285714,1,Prescribed bad states; fixed laws need not attain the class-wide frontier,"3/4,1/4,0"
1/2,0.40000000000000002,three_state,1/2,"1/4,1/2,1/4",1/2,-0.099999999999999978,2,Prescribed bad states; fixed laws need not attain the class-wide frontier,"3/4,1/4,0"
1/2,0.12499999999999999,three_state,3/4,"1/4,1/2,1/4",1/5,-0.075000000000000025,3,Prescribed bad states; fixed laws need not attain the class-wide frontier,"3/4,1/4,0"
1/2,0.75,three_state,1/4,"1/4,1/2,1/4",3/4,0,4,Prescribed bad states; fixed laws need not attain the class-wide frontier,"3/4,1/4,0"
1/2,0.28571428571428575,three_state,1/2,"1/4,1/2,1/4",1/2,-0.21428571428571425,5,Prescribed bad states; fixed laws need not attain the class-wide frontier,"3/4,1/4,0"
1/2,0.20000000000000001,three_state,3/4,"1/4,1/2,1/4",1/5,0,6,Prescribed bad states; fixed laws need not attain the class-wide frontier,"3/4,1/4,0"
1/2,0.4285714285714286,three_state,1/4,"1/4,3/4,0",3/4,-0.3214285714285714,1,Prescribed bad states; fixed laws need not attain the class-wide frontier,"3/4,1/4,0"
1/2,0.20000000000000001,three_state,3/4,"1/4,3/4,0",1/5,0,2,Prescribed bad states; fixed laws need not attain the class-wide frontier,"3/4,1/4,0"
1/2,-0,three_state,1,"1/4,3/4,0",0,-0,3,Prescribed bad states; fixed laws need not attain the class-wide frontier,"3/4,1/4,0"
1/2,1,three_state,0,"1/4,3/4,0",1,0,4,Prescribed bad states; fixed laws need not attain the class-wide frontier,"3/4,1/4,0"
1/2,0.4285714285714286,three_state,1/4,"1/4,3/4,0",3/4,-0.3214285714285714,5,Prescribed bad states; fixed laws need not attain the class-wide frontier,"3/4,1/4,0"
1/2,0.20000000000000001,three_state,3/4,"1/4,3/4,0",1/5,0,6,Prescribed bad states; fixed laws need not attain the class-wide frontier,"3/4,1/4,0"
1/2,0.2857142857142857,three_state,1/2,"1/2,0,1/2",1/2,-0.2142857142857143,1,Prescribed bad states; fixed laws need not attain the class-wide frontier,"3/4,1/4,0"
1/2,0.80000000000000004,three_state,0,"1/2,0,1/2",1,-0.19999999999999996,2,Prescribed bad states; fixed laws need not attain the class-wide frontier,"3/4,1/4,0"
1/2,0.24999999999999997,three_state,1/2,"1/2,0,1/2",1/2,-0.25,3,Prescribed bad states; fixed laws need not attain the class-wide frontier,"3/4,1/4,0"
1/2,0.5,three_state,1/2,"1/2,0,1/2",1/2,0,4,Prescribed bad states; fixed laws need not attain the class-wide frontier,"3/4,1/4,0"
1/2,-1.3877787807814457e-17,three_state,1,"1/2,0,1/2",0,-1.3877787807814457e-17,5,Prescribed bad states; fixed laws need not attain the class-wide frontier,"3/4,1/4,0"
1/2,0.40000000000000002,three_state,1/2,"1/2,0,1/2",1/2,-0.099999999999999978,6,Prescribed bad states; fixed laws need not attain the class-wide frontier,"3/4,1/4,0"
1/4,0.2857142857142857,three_state,1/2,"1/2,1/4,1/4",2/5,-0.11428571428571432,1,Prescribed bad states; fixed laws need not attain the class-wide frontier,"3/4,1/4,0"
1/4,0.59999999999999998,three_state,1/4,"1/2,1/4,1/4",3/4,-0.15000000000000002,2,Prescribed bad states; fixed laws need not attain the class-wide frontier,"3/4,1/4,0"
1/4,0.12499999999999999,three_state,3/4,"1/2,1/4,1/4",1/6,-0.041666666666666671,3,Prescribed bad states; fixed laws need not attain the class-wide frontier,"3/4,1/4,0"
1/4,0.75,three_state,1/4,"1/2,1/4,1/4",3/4,0,4,Prescribed bad states; fixed laws need not attain the class-wide frontier,"3/4,1/4,0"
1/4,0.14285714285714288,three_state,3/4,"1/2,1/4,1/4",1/6,-0.02380952380952378,5,Prescribed bad states; fixed laws need not attain the class-wide frontier,"3/4,1/4,0"
1/4,0.39999999999999997,three_state,1/2,"1/2,1/4,1/4",2/5,-5.5511151231257827e-17,6,Prescribed bad states; fixed laws need not attain the class-wide frontier,"3/4,1/4,0"
1/4,0.2857142857142857,three_state,1/2,"1/2,1/2,0",2/5,-0.11428571428571432,1,Prescribed bad states; fixed laws need not attain the class-wide frontier,"3/4,1/4,0"
1/4,0.40000000000000002,three_state,1/2,"1/2,1/2,0",2/5,0,2,Prescribed bad states; fixed laws need not attain the class-wide frontier,"3/4,1/4,0"
1/4,-0,three_state,1,"1/2,1/2,0",0,-0,3,Prescribed bad states; fixed laws need not attain the class-wide frontier,"3/4,1/4,0"
1/4,1,three_state,0,"1/2,1/2,0",1,0,4,Prescribed bad states; fixed laws need not attain the class-wide frontier,"3/4,1/4,0"
1/4,0.2857142857142857,three_state,1/2,"1/2,1/2,0",2/5,-0.11428571428571432,5,Prescribed bad states; fixed laws need not attain the class-wide frontier,"3/4,1/4,0"
1/4,0.40000000000000002,three_state,1/2,"1/2,1/2,0",2/5,0,6,Prescribed bad states; fixed laws need not attain the class-wide frontier,"3/4,1/4,0"
1/4,0.14285714285714285,three_state,3/4,"3/4,0,1/4",1/6,-0.023809523809523808,1,Prescribed bad states; fixed laws need not attain the class-wide frontier,"3/4,1/4,0"
1/4,0.80000000000000004,three_state,0,"3/4,0,1/4",1,-0.19999999999999996,2,Prescribed bad states; fixed laws need not attain the class-wide frontier,"3/4,1/4,0"
1/4,0.12499999999999999,three_state,3/4,"3/4,0,1/4",1/6,-0.041666666666666671,3,Prescribed bad states; fixed laws need not attain the class-wide frontier,"3/4,1/4,0"
1/4,0.75,three_state,1/4,"3/4,0,1/4",3/4,0,4,Prescribed bad states; fixed laws need not attain the class-wide frontier,"3/4,1/4,0"
1/4,-6.9388939039072284e-18,three_state,1,"3/4,0,1/4",0,-6.9388939039072284e-18,5,Prescribed bad states; fixed laws need not attain the class-wide frontier,"3/4,1/4,0"
1/4,0.60000000000000009,three_state,1/4,"3/4,0,1/4",3/4,-0.14999999999999991,6,Prescribed bad states; fixed laws need not attain the class-wide frontier,"3/4,1/4,0"
0,0.14285714285714285,three_state,3/4,"3/4,1/4,0",1/7,0,1,Prescribed bad states; fixed laws need not attain the class-wide frontier,"3/4,1/4,0"
0,0.59999999999999998,three_state,1/4,"3/4,1/4,0",3/5,0,2,Prescribed bad states; fixed laws need not attain the class-wide frontier,"3/4,1/4,0"
0,-0,three_state,1,"3/4,1/4,0",0,-0,3,Prescribed bad states; fixed laws need not attain the class-wide frontier,"3/4,1/4,0"
0,1,three_state,0,"3/4,1/4,0",1,0,4,Prescribed bad states; fixed laws need not attain the class-wide frontier,"3/4,1/4,0"
0,0.14285714285714285,three_state,3/4,"3/4,1/4,0",1/7,0,5,Prescribed bad states; fixed laws need not attain the class-wide frontier,"3/4,1/4,0"
0,0.59999999999999998,three_state,1/4,"3/4,1/4,0",3/5,0,6,Prescribed bad states; fixed laws need not attain the class-wide frontier,"3/4,1/4,0"
1/4,-0,three_state,1,"1,0,0",0,-0,1,Prescribed bad states; fixed laws need not attain the class-wide frontier,"3/4,1/4,0"
1/4,0.80000000000000004,three_state,0,"1,0,0",1,-0.19999999999999996,2,Prescribed bad states; fixed laws need not attain the class-wide frontier,"3/4,1/4,0"
1/4,-0,three_state,1,"1,0,0",0,-0,3,Prescribed bad states; fixed laws need not attain the class-wide frontier,"3/4,1/4,0"
1/4,1,three_state,0,"1,0,0",1,0,4,Prescribed bad states; fixed laws need not attain the class-wide frontier,"3/4,1/4,0"
1/4,-0,three_state,1,"1,0,0",0,-0,5,Prescribed bad states; fixed laws need not attain the class-wide frontier,"3/4,1/4,0"
1/4,0.80000000000000004,three_state,0,"1,0,0",1,-0.19999999999999996,6,Prescribed bad states; fixed laws need not attain the class-wide frontier,"3/4,1/4,0"
1,0.49999999999999994,three_state,0,"0,0,1",1,-0.5,1,Prescribed bad states; fixed laws need not attain the class-wide frontier,"1,0,0"
1,1,three_state,0,"0,0,1",1,0,2,Prescribed bad states; fixed laws need not attain the class-wide frontier,"1,0,0"
1,0.49999999999999994,three_state,0,"0,0,1",1,-0.5,3,Prescribed bad states; fixed laws need not attain the class-wide frontier,"1,0,0"
1,-0,three_state,1,"0,0,1",0,-0,4,Prescribed bad states; fixed laws need not attain the class-wide frontier,"1,0,0"
1,-0,three_state,1,"0,0,1",0,-0,5,Prescribed bad states; fixed laws need not attain the class-wide frontier,"1,0,0"
1,-0,three_state,1,"0,0,1",0,-0,6,Prescribed bad states; fixed laws need not attain the class-wide frontier,"1,0,0"
1,0.49999999999999994,three_state,0,"0,1/4,3/4",1,-0.5,1,Prescribed bad states; fixed laws need not attain the class-wide frontier,"1,0,0"
1,0.75,three_state,1/4,"0,1/4,3/4",3/4,0,2,Prescribed bad states; fixed laws need not attain the class-wide frontier,"1,0,0"
1,0.37499999999999994,three_state,1/4,"0,1/4,3/4",3/4,-0.37500000000000006,3,Prescribed bad states; fixed laws need not attain the class-wide frontier,"1,0,0"
1,0.25000000000000006,three_state,3/4,"0,1/4,3/4",1/4,5.5511151231257827e-17,4,Prescribed bad states; fixed laws need not attain the class-wide frontier,"1,0,0"
1,0.12499999999999999,three_state,3/4,"0,1/4,3/4",1/4,-0.125,5,Prescribed bad states; fixed laws need not attain the class-wide frontier,"1,0,0"
1,-0,three_state,1,"0,1/4,3/4",0,-0,6,Prescribed bad states; fixed laws need not attain the class-wide frontier,"1,0,0"
1,0.49999999999999994,three_state,0,"0,1/2,1/2",1,-0.5,1,Prescribed bad states; fixed laws need not attain the class-wide frontier,"1,0,0"
1,0.5,three_state,1/2,"0,1/2,1/2",1/2,0,2,Prescribed bad states; fixed laws need not attain the class-wide frontier,"1,0,0"
1,0.24999999999999997,three_state,1/2,"0,1/2,1/2",1/2,-0.25,3,Prescribed bad states; fixed laws need not attain the class-wide frontier,"1,0,0"
1,0.5,three_state,1/2,"0,1/2,1/2",1/2,0,4,Prescribed bad states; fixed laws need not attain the class-wide frontier,"1,0,0"
1,0.24999999999999997,three_state,1/2,"0,1/2,1/2",1/2,-0.25,5,Prescribed bad states; fixed laws need not attain the class-wide frontier,"1,0,0"
1,-0,three_state,1,"0,1/2,1/2",0,-0,6,Prescribed bad states; fixed laws need not attain the class-wide frontier,"1,0,0"
1,0.49999999999999994,three_state,0,"0,3/4,1/4",1,-0.5,1,Prescribed bad states; fixed laws need not attain the class-wide frontier,"1,0,0"
1,0.25000000000000006,three_state,3/4,"0,3/4,1/4",1/4,5.5511151231257827e-17,2,Prescribed bad states; fixed laws need not attain the class-wide frontier,"1,0,0"
1,0.12499999999999999,three_state,3/4,"0,3/4,1/4",1/4,-0.125,3,Prescribed bad states; fixed laws need not attain the class-wide frontier,"1,0,0"
1,0.75,three_state,1/4,"0,3/4,1/4",3/4,0,4,Prescribed bad states; fixed laws need not attain the class-wide frontier,"1,0,0"
1,0.37499999999999994,three_state,1/4,"0,3/4,1/4",3/4,-0.37500000000000006,5,Prescribed bad states; fixed laws need not attain the class-wide frontier,"1,0,0"
1,-0,three_state,1,"0,3/4,1/4",0,-0,6,Prescribed bad states; fixed laws need not attain the class-wide frontier,"1,0,0"
1,0.49999999999999994,three_state,0,"0,1,0",1,-0.5,1,Prescribed bad states; fixed laws need not attain the class-wide frontier,"1,0,0"
1,-0,three_state,1,"0,1,0",0,-0,2,Prescribed bad states; fixed laws need not attain the class-wide frontier,"1,0,0"
1,-0,three_state,1,"0,1,0",0,-0,3,Prescribed bad states; fixed laws need not attain the class-wide frontier,"1,0,0"
1,1,three_state,0,"0,1,0",1,0,4,Prescribed bad states; fixed laws need not attain the class-wide frontier,"1,0,0"
1,0.49999999999999994,three_state,0,"0,1,0",1,-0.5,5,Prescribed bad states; fixed laws need not attain the class-wide frontier,"1,0,0"
1,-0,three_state,1,"0,1,0",0,-0,6,Prescribed bad states; fixed laws need not attain the class-wide frontier,"1,0,0"
3/4,0.37499999999999994,three_state,1/4,"1/4,0,3/4",3/4,-0.37500000000000006,1,Prescribed bad states; fixed laws need not attain the class-wide frontier,"1,0,0"
3/4,1,three_state,0,"1/4,0,3/4",1,0,2,Prescribed bad states; fixed laws need not attain the class-wide frontier,"1,0,0"
3/4,0.37499999999999994,three_state,1/4,"1/4,0,3/4",3/4,-0.37500000000000006,3,Prescribed bad states; fixed laws need not attain the class-wide frontier,"1,0,0"
3/4,0.25000000000000006,three_state,3/4,"1/4,0,3/4",1/4,5.5511151231257827e-17,4,Prescribed bad states; fixed laws need not attain the class-wide frontier,"1,0,0"
3/4,-0,three_state,1,"1/4,0,3/4",0,-0,5,Prescribed bad states; fixed laws need not attain the class-wide frontier,"1,0,0"
3/4,0.24999999999999994,three_state,3/4,"1/4,0,3/4",1/4,-5.5511151231257827e-17,6,Prescribed bad states; fixed laws need not attain the class-wide frontier,"1,0,0"
3/4,0.37499999999999994,three_state,1/4,"1/4,1/4,1/2",3/4,-0.37500000000000006,1,Prescribed bad states; fixed laws need not attain the class-wide frontier,"1,0,0"
3/4,0.75,three_state,1/4,"1/4,1/4,1/2",3/4,0,2,Prescribed bad states; fixed laws need not attain the class-wide frontier,"1,0,0"
3/4,0.24999999999999997,three_state,1/2,"1/4,1/4,1/2",1/2,-0.25,3,Prescribed bad states; fixed laws need not attain the class-wide frontier,"1,0,0"
3/4,0.5,three_state,1/2,"1/4,1/4,1/2",1/2,0,4,Prescribed bad states; fixed laws need not attain the class-wide frontier,"1,0,0"
3/4,0.12499999999999999,three_state,3/4,"1/4,1/4,1/2",1/4,-0.125,5,Prescribed bad states; fixed laws need not attain the class-wide frontier,"1,0,0"
3/4,0.25,three_state,3/4,"1/4,1/4,1/2",1/4,0,6,Prescribed bad states; fixed laws need not attain the class-wide frontier,"1,0,0"
3/4,0.37499999999999994,three_state,1/4,"1/4,1/2,1/4",3/4,-0.37500000000000006,1,Prescribed bad states; fixed laws need not attain the class-wide frontier,"1,0,0"
3/4,0.5,three_state,1/2,"1/4,1/2,1/4",1/2,0,2,Prescribed bad states; fixed laws need not attain the class-wide frontier,"1,0,0"
3/4,0.12499999999999999,three_state,3/4,"1/4,1/2,1/4",1/4,-0.125,3,Prescribed bad states; fixed laws need not attain the class-wide frontier,"1,0,0"
3/4,0.75,three_state,1/4,"1/4,1/2,1/4",3/4,0,4,Prescribed bad states; fixed laws need not attain the class-wide frontier,"1,0,0"
3/4,0.24999999999999997,three_state,1/2,"1/4,1/2,1/4",1/2,-0.25,5,Prescribed bad states; fixed laws need not attain the class-wide frontier,"1,0,0"
3/4,0.25,three_state,3/4,"1/4,1/2,1/4",1/4,0,6,Prescribed bad states; fixed laws need not attain the class-wide frontier,"1,0,0"
3/4,0.37499999999999994,three_state,1/4,"1/4,3/4,0",3/4,-0.37500000000000006,1,Prescribed bad states; fixed laws need not attain the class-wide frontier,"1,0,0"
3/4,0.25000000000000006,three_state,3/4,"1/4,3/4,0",1/4,5.5511151231257827e-17,2,Prescribed bad states; fixed laws need not attain the class-wide frontier,"1,0,0"
3/4,-0,three_state,1,"1/4,3/4,0",0,-0,3,Prescribed bad states; fixed laws need not attain the class-wide frontier,"1,0,0"
3/4,1,three_state,0,"1/4,3/4,0",1,0,4,Prescribed bad states; fixed laws need not attain the class-wide frontier,"1,0,0"
3/4,0.37499999999999994,three_state,1/4,"1/4,3/4,0",3/4,-0.37500000000000006,5,Prescribed bad states; fixed laws need not attain the class-wide frontier,"1,0,0"
3/4,0.24999999999999994,three_state,3/4,"1/4,3/4,0",1/4,-5.5511151231257827e-17,6,Prescribed bad states; fixed laws need not attain the class-wide frontier,"1,0,0"
1/2,0.24999999999999997,three_state,1/2,"1/2,0,1/2",1/2,-0.25,1,Prescribed bad states; fixed laws need not attain the class-wide frontier,"1,0,0"
1/2,1,three_state,0,"1/2,0,1/2",1,0,2,Prescribed bad states; fixed laws need not attain the class-wide frontier,"1,0,0"
1/2,0.24999999999999997,three_state,1/2,"1/2,0,1/2",1/2,-0.25,3,Prescribed bad states; fixed laws need not attain the class-wide frontier,"1,0,0"
1/2,0.5,three_state,1/2,"1/2,0,1/2",1/2,0,4,Prescribed bad states; fixed laws need not attain the class-wide frontier,"1,0,0"
1/2,-0,three_state,1,"1/2,0,1/2",0,-0,5,Prescribed bad states; fixed laws need not attain the class-wide frontier,"1,0,0"
1/2,0.49999999999999989,three_state,1/2,"1/2,0,1/2",1/2,-1.1102230246251565e-16,6,Prescribed bad states; fixed laws need not attain the class-wide frontier,"1,0,0"
1/2,0.24999999999999997,three_state,1/2,"1/2,1/4,1/4",1/2,-0.25,1,Prescribed bad states; fixed laws need not attain the class-wide frontier,"1,0,0"
1/2,0.75,three_state,1/4,"1/2,1/4,1/4",3/4,0,2,Prescribed bad states; fixed laws need not attain the class-wide frontier,"1,0,0"
1/2,0.12499999999999999,three_state,3/4,"1/2,1/4,1/4",1/5,-0.075000000000000025,3,Prescribed bad states; fixed laws need not attain the class-wide frontier,"1,0,0"
1/2,0.75,three_state,1/4,"1/2,1/4,1/4",3/4,0,4,Prescribed bad states; fixed laws need not attain the class-wide frontier,"1,0,0"
1/2,0.12499999999999999,three_state,3/4,"1/2,1/4,1/4",1/5,-0.075000000000000025,5,Prescribed bad states; fixed laws need not attain the class-wide frontier,"1,0,0"
1/2,0.5,three_state,1/2,"1/2,1/4,1/4",1/2,0,6,Prescribed bad states; fixed laws need not attain the class-wide frontier,"1,0,0"
1/2,0.24999999999999997,three_state,1/2,"1/2,1/2,0",1/2,-0.25,1,Prescribed bad states; fixed laws need not attain the class-wide frontier,"1,0,0"
1/2,0.5,three_state,1/2,"1/2,1/2,0",1/2,0,2,Prescribed bad states; fixed laws need not attain the class-wide frontier,"1,0,0"
1/2,-0,three_state,1,"1/2,1/2,0",0,-0,3,Prescribed bad states; fixed laws need not attain the class-wide frontier,"1,0,0"
1/2,1,three_state,0,"1/2,1/2,0",1,0,4,Prescribed bad states; fixed laws need not attain the class-wide frontier,"1,0,0"
1/2,0.24999999999999997,three_state,1/2,"1/2,1/2,0",1/2,-0.25,5,Prescribed bad states; fixed laws need not attain the class-wide frontier,"1,0,0"
1/2,0.49999999999999989,three_state,1/2,"1/2,1/2,0",1/2,-1.1102230246251565e-16,6,Prescribed bad states; fixed laws need not attain the class-wide frontier,"1,0,0"
1/4,0.12499999999999999,three_state,3/4,"3/4,0,1/4",1/6,-0.041666666666666671,1,Prescribed bad states; fixed laws need not attain the class-wide frontier,"1,0,0"
1/4,1,three_state,0,"3/4,0,1/4",1,0,2,Prescribed bad states; fixed laws need not attain the class-wide frontier,"1,0,0"
1/4,0.12499999999999999,three_state,3/4,"3/4,0,1/4",1/6,-0.041666666666666671,3,Prescribed bad states; fixed laws need not attain the class-wide frontier,"1,0,0"
1/4,0.75,three_state,1/4,"3/4,0,1/4",3/4,0,4,Prescribed bad states; fixed laws need not attain the class-wide frontier,"1,0,0"
1/4,-0,three_state,1,"3/4,0,1/4",0,-0,5,Prescribed bad states; fixed laws need not attain the class-wide frontier,"1,0,0"
1/4,0.74999999999999989,three_state,1/4,"3/4,0,1/4",3/4,-1.1102230246251565e-16,6,Prescribed bad states; fixed laws need not attain the class-wide frontier,"1,0,0"
1/4,0.12499999999999999,three_state,3/4,"3/4,1/4,0",1/6,-0.041666666666666671,1,Prescribed bad states; fixed laws need not attain the class-wide frontier,"1,0,0"
1/4,0.75,three_state,1/4,"3/4,1/4,0",3/4,0,2,Prescribed bad states; fixed laws need not attain the class-wide frontier,"1,0,0"
1/4,-0,three_state,1,"3/4,1/4,0",0,-0,3,Prescribed bad states; fixed laws need not attain the class-wide frontier,"1,0,0"
1/4,1,three_state,0,"3/4,1/4,0",1,0,4,Prescribed bad states; fixed laws need not attain the class-wide frontier,"1,0,0"
1/4,0.12499999999999999,three_state,3/4,"3/4,1/4,0",1/6,-0.041666666666666671,5,Prescribed bad states; fixed laws need not attain the class-wide frontier,"1,0,0"
1/4,0.74999999999999989,three_state,1/4,"3/4,1/4,0",3/4,-1.1102230246251565e-16,6,Prescribed bad states; fixed laws need not attain the class-wide frontier,"1,0,0"
0,-0,three_state,1,"1,0,0",0,-0,1,Prescribed bad states; fixed laws need not attain the class-wide frontier,"1,0,0"
0,1,three_state,0,"1,0,0",1,0,2,Prescribed bad states; fixed laws need not attain the class-wide frontier,"1,0,0"
0,-0,three_state,1,"1,0,0",0,-0,3,Prescribed bad states; fixed laws need not attain the class-wide frontier,"1,0,0"
0,1,three_state,0,"1,0,0",1,0,4,Prescribed bad states; fixed laws need not attain the class-wide frontier,"1,0,0"
0,-0,three_state,1,"1,0,0",0,-0,5,Prescribed bad states; fixed laws need not attain the class-wide frontier,"1,0,0"
0,1,three_state,0,"1,0,0",1,0,6,Prescribed bad states; fixed laws need not attain the class-wide frontier,"1,0,0"
