b_exact,branch_complete,branch_lower,branch_nodes,branch_unresolved,branch_upper,c6,cantelli,e_index,enumeration_status,epsilon,family,generic,hybrid,k,mc_2048,mc_2048_failures,mc_2048_miss,mc_256,mc_256_failures,mc_256_miss,mc_delta_per_bound,mean,model_seed,moment_error,oracle,q,q_index,reference_aware,reference_mean,t_exact,task_index,terms,transfer,variance
1218/1825,True,0,553,0,0,0.19947420308905686,0.033506176572515957,0,RUN,0,sparse_polynomial,0.33260273972602739,0.033506176572515957,16,0.004810214036859487,0,False,0.037840039280150145,0,False,5.1440329218107002e-05,0.66739726027397261,1619,1.1102230246251565e-16,0,9/10,0,0.19947420308905686,0.66739726027397261,1218/1825,0,32,0.19947420308905686,0.015441682867329705
1218/1825,True,0,553,0,0,0.21225160187671982,0.038582800180343171,1,RUN,1/50,sparse_polynomial,0.3392767123287671,0.038582800180343171,16,0.004810214036859487,0,False,0.037840039280150145,0,False,5.1440329218107002e-05,0.6607232876712329,1619,1.1102230246251565e-16,0,9/10,0,0.20747946105816628,0.66739726027397261,60291/91250,0,32,0.23897459189398595,0.017519474873334585
1218/1825,True,0,553,0,0,0.26277120150229705,0.058416538646820629,2,RUN,1/10,sparse_polynomial,0.36597260273972604,0.058416538646820629,16,0.004810214036859487,0,False,0.037840039280150145,0,False,5.1440329218107002e-05,0.63402739726027402,1619,1.1102230246251565e-16,0,9/10,0,0.23950049293460401,0.66739726027397261,11571/18250,0,32,0.36597260273972604,0.024939804691311691
81263/91250,True,0,47,0,0,0.057891289352106801,0.0087322661414335149,0,RUN,0,sparse_polynomial,0.10944657534246575,0.0087322661414335149,16,0.004810214036859487,0,False,0.037840039280150145,0,False,5.1440329218107002e-05,0.89055342465753429,1619,1.1102230246251565e-16,0,97/100,1,0.057891289352106801,0.89055342465753429,81263/91250,0,32,0.057891289352106801,0.0069864402603625449
81263/91250,True,0,47,0,0,0.072269136053696337,0.013875093001264147,1,RUN,1/50,sparse_polynomial,0.11835210958904109,0.013875093001264147,16,0.004810214036859487,0,False,0.037840039280150145,0,False,5.1440329218107002e-05,0.88164789041095892,1619,1.1102230246251565e-16,0,97/100,1,0.067312376458585732,0.89055342465753429,8045037/9125000,0,32,0.094317012525123561,0.01093690198433225
81263/91250,True,0,47,0,0,0.12923807887035815,0.033948124559588296,2,RUN,1/10,sparse_polynomial,0.15397424657534248,0.033948124559588296,16,0.004810214036859487,0,False,0.037840039280150145,0,False,5.1440329218107002e-05,0.84602575342465758,1619,1.1102230246251565e-16,0,97/100,1,0.10499672488450146,0.89055342465753429,1543997/1825000,0,32,0.15397424657534248,0.025152578075872546
2864961/2920000,True,0,27,0,0,0.0095141522993845602,0.0013945564138119952,0,RUN,0,sparse_polynomial,0.018848972602739725,0.0013945564138119952,16,0.004810214036859487,0,False,0.037840039280150145,0,False,5.1440329218107002e-05,0.98115102739726023,1619,2.2204460492503131e-16,0,199/200,2,0.0095141522993845602,0.98115102739726023,2864961/2920000,0,32,0.0095141522993845602,0.0013443547443269376
2864961/2920000,True,0,27,0,0,0.024393197012227651,0.0065687105061975892,1,RUN,1/50,sparse_polynomial,0.028660482876712329,0.0065687105061975892,16,0.004810214036859487,0,False,0.037840039280150145,0,False,5.1440329218107002e-05,0.9713395171232877,1619,2.2204460492503131e-16,0,199/200,2,0.019419010776390713,0.98115102739726023,283631139/292000000,0,32,0.028660482876712329,0.0062385606669451959
2864961/2920000,True,0,27,0,0,0.067906523972602745,0.026761938299986597,2,RUN,1/10,sparse_polynomial,0.067906523972602745,0.026761938299986597,16,0.004810214036859487,0,False,0.037840039280150145,0,False,5.1440329218107002e-05,0.93209347602739723,1619,2.2204460492503131e-16,0,199/200,2,0.059038444684415332,0.98115102739726023,54434259/58400000,0,32,0.067906523972602745,0.023890069680292829
4/5,True,8.0451099999999727e-15,929,0,8.0451099999999727e-15,0.1111111111111111,0.0087618373307372342,0,RUN,0,linear,0.20000000000000001,0.0087618373307372342,20,0.004810214036859487,0,False,0.037840039280150145,0,False,5.1440329218107002e-05,0.80000000000000004,1619,1.1102230246251565e-16,8.0451099999999727e-15,9/10,0,0.1111111111111111,0.80000000000000004,4/5,1,20,0.1111111111111111,0.0056571428571428571
4/5,True,6.084442146556083e-06,929,0,6.084442146556083e-06,0.12491071428571429,0.01413621781630461,1,RUN,1/50,linear,0.20799999999999999,0.01413621781630461,20,0.004810214036859487,0,False,0.037840039280150145,0,False,5.1440329218107002e-05,0.79200000000000004,1619,1.1102230246251565e-16,6.084442146556083e-06,9/10,0,0.12,0.80000000000000004,99/125,1,20,0.14866817155756207,0.0089942857142857151
4/5,True,3.0422210700599977e-05,929,0,3.0422210700599977e-05,0.17954545454545454,0.035183170112441056,2,RUN,1/10,linear,0.23999999999999999,0.035183170112441056,20,0.004810214036859487,0,False,0.037840039280150145,0,False,5.1440329218107002e-05,0.76000000000000001,1619,1.1102230246251565e-16,3.0422210700599977e-05,9/10,0,0.15555555555555556,0.80000000000000004,19/25,1,20,0.23999999999999999,0.021062857142857144
47/50,True,1.5260880482199245e-27,59,0,1.5260880482199245e-27,0.030927835051546393,0.0020658263531291685,0,RUN,0,linear,0.059999999999999998,0.0020658263531291685,20,0.004810214036859487,0,False,0.037840039280150145,0,False,5.1440329218107002e-05,0.93999999999999995,1619,0,1.5260880482199243e-27,97/100,1,0.030927835051546393,0.93999999999999995,47/50,1,20,0.030927835051546393,0.0018291428571428571
47/50,True,2.09808349609375e-07,59,0,2.09808349609375e-07,0.045587900134673155,0.0073774597055914241,1,RUN,1/50,linear,0.069400000000000003,0.0073774597055914241,20,0.004810214036859487,0,False,0.037840039280150145,0,False,5.1440329218107002e-05,0.93059999999999998,1619,0,2.09808349609375e-07,97/100,1,0.040618556701030928,0.93999999999999995,4653/5000,1,20,0.066791583795666284,0.0064364857142857144
47/50,True,1.0490417480468751e-06,59,0,1.0490417480468751e-06,0.10369783412572636,0.028150293211836777,2,RUN,1/10,linear,0.107,0.028150293211836777,20,0.004810214036859487,0,False,0.037840039280150145,0,False,5.1440329218107002e-05,0.89300000000000002,1619,0,1.0490417480468751e-06,97/100,1,0.079381443298969068,0.93999999999999995,893/1000,1,20,0.107,0.023098657142857144
99/100,True,9.5367431640626705e-47,41,0,9.5367431640626705e-47,0.0050251256281407036,0.00031896188325353941,0,RUN,0,linear,0.01,0.00031896188325353941,20,0.004810214036859487,0,False,0.037840039280150145,0,False,5.1440329218107002e-05,0.98999999999999999,1619,2.2204460492503131e-16,9.5367431640626685e-47,199/200,2,0.0050251256281407036,0.98999999999999999,99/100,1,20,0.0050251256281407036,0.00031271428571428569
99/100,True,1.9073486328125e-08,41,0,1.9073486328125e-08,0.019900000000000001,0.0056140037979012635,1,RUN,1/50,linear,0.019900000000000001,0.0056140037979012635,20,0.004810214036859487,0,False,0.037840039280150145,0,False,5.1440329218107002e-05,0.98009999999999997,1619,2.2204460492503131e-16,1.9073486328125e-08,199/200,2,0.014974874371859296,0.98999999999999999,9801/10000,1,20,0.019900000000000001,0.0054232357142857141
99/100,True,9.5367431640625005e-08,41,0,9.5367431640625005e-08,0.059499999999999997,0.026314319143901348,2,RUN,1/10,linear,0.059499999999999997,0.026314319143901348,20,0.004810214036859487,0,False,0.037840039280150145,0,False,5.1440329218107002e-05,0.9405,1619,2.2204460492503131e-16,9.5367431640625005e-08,199/200,2,0.054773869346733665,0.98999999999999999,1881/2000,1,20,0.059499999999999997,0.02390512142857143
193/300,False,0.056570178949569984,5000,0.042997560366445024,0.099567739316015008,0.21703853955375255,0.13421278708344447,0,RUN,0,shared_gate,0.35666666666666669,0.13421278708344447,20,0.11836497144342799,187,False,0.11975280548377625,12,False,5.1440329218107002e-05,0.64333333333333331,811,1.1102230246251565e-16,0.085825636837363814,9/10,0,0.21703853955375255,0.64333333333333331,193/300,2,20,0.21703853955375255,0.064158593750000006
193/300,False,0.055523690531711398,5000,0.051973958646420806,0.1074976491781322,0.22960351884660027,0.13854229465046422,1,RUN,1/50,shared_gate,0.36309999999999998,0.13854229465046422,20,0.11454586868291788,180,False,0.21245007516668368,30,False,5.1440329218107002e-05,0.63690000000000002,811,1.1102230246251565e-16,0.084222458756378252,9/10,0,0.22486815415821501,0.64333333333333331,6369/10000,2,20,0.25693487537881132,0.065236539305555549
193/300,False,0.051337736860277046,5000,0.087879551766323977,0.13921728862660102,0.27926968035584981,0.15539016948983539,2,RUN,1/10,shared_gate,0.38883333333333331,0.15539016948983539,20,0.10026017583822049,154,False,0.15229347974948734,18,False,5.1440329218107002e-05,0.61116666666666664,811,1.1102230246251565e-16,0.077809746432436031,9/10,0,0.2561866125760649,0.64333333333333331,3667/6000,2,20,0.38883333333333331,0.068720565972222217
35391/40000,True,0.022367275997496296,207,0,0.022367275997496296,0.061134618190500194,0.034183999553603503,0,RUN,0,shared_gate,0.11522499999999999,0.034183999553603503,20,0.043502245973623586,55,False,0.12534489462145532,13,False,5.1440329218107002e-05,0.88477499999999998,811,0,0.0223672759974963,97/100,1,0.061134618190500194,0.88477499999999998,35391/40000,2,20,0.061134618190500194,0.027707297239583335
35391/40000,True,0.021921341915534652,207,0,0.021921341915534652,0.075478030931103543,0.039222726631287043,1,RUN,1/50,shared_gate,0.12407275,0.039222726631287043,20,0.037372501777574355,45,False,0.096429540957684814,8,False,5.1440329218107002e-05,0.87592725000000005,811,0,0.021921341915534655,97/100,1,0.070523272008595192,0.88477499999999998,3503709/4000000,2,20,0.097628446912453065,0.03132211893729861
35391/40000,True,0.020137605587688075,207,0,0.020137605587688075,0.13230783963097711,0.058898034384452347,2,RUN,1/10,shared_gate,0.15946374999999999,0.058898034384452347,20,0.04289508701163023,54,False,0.077461418820635189,5,False,5.1440329218107002e-05,0.84053624999999998,811,0,0.020137605587688078,97/100,1,0.10807788728097519,0.88477499999999998,672429/800000,2,20,0.15946374999999999,0.044215752126909723
156849/160000,True,0.0045457813079126559,41,0,0.0045457813079126559,0.0099448002045138227,0.0053894638111013542,0,RUN,0,shared_gate,0.019693749999999999,0.0053894638111013542,20,0.015489266464607616,12,False,0.055989882596446917,2,False,5.1440329218107002e-05,0.98030625000000005,811,2.2204460492503131e-16,0.004545781307912655,199/200,2,0.0099448002045138227,0.98030625000000005,156849/160000,2,20,0.0099448002045138227,0.0052073413530815968
156849/160000,True,0.0044548847552407312,41,0,0.0044548847552407312,0.024819485987256237,0.010656493511042316,1,RUN,1/50,shared_gate,0.0294968125,0.010656493511042316,20,0.012421428046506198,8,False,0.04765719639040164,1,False,5.1440329218107002e-05,0.97050318749999998,811,2.2204460492503131e-16,0.0044548847552407303,199/200,2,0.019845352202468684,0.98030625000000005,15528051/16000000,2,20,0.0294968125,0.010145212530030817
156849/160000,True,0.0040912985445530313,41,0,0.0040912985445530313,0.068709062500000001,0.031246955650230376,2,RUN,1/10,shared_gate,0.068709062500000001,0.031246955650230376,20,0.011616894879318216,7,False,0.063576388061292163,3,False,5.1440329218107002e-05,0.93129093750000003,811,2.2204460492503131e-16,0.0040912985445530304,199/200,2,0.059447560194288131,0.98030625000000005,2980131/3200000,2,20,0.068709062500000001,0.027974696550249565
1396/2175,True,0.083657372491144896,1611,0,0.083657372491144896,0.21814617754130497,0.13618446707267762,0,RUN,0,shared_gate,0.35816091954022988,0.13618446707267762,16,0.10687434351839299,166,False,0.15229347974948734,18,False,5.1440329218107002e-05,0.64183908045977012,1619,1.1102230246251565e-16,0.083657372491144799,9/10,0,0.21814617754130497,0.64183908045977012,1396/2175,3,16,0.21814617754130497,0.064946967895362667
1396/2175,True,0.082167330510071995,1611,0,0.082167330510071995,0.23069765872748127,0.14060176845927791,1,RUN,1/50,shared_gate,0.3645793103448276,0.14060176845927791,16,0.11618392961333614,183,False,0.14169328782756146,16,False,5.1440329218107002e-05,0.6354206896551724,1619,1.1102230246251565e-16,0.082167330510071898,9/10,0,0.22596471576589192,0.64183908045977012,11517/18125,3,16,0.25806758995201423,0.066057028067115872
1396/2175,True,0.076207162585780405,1611,0,0.076207162585780405,0.28030960813435396,0.15782308407188941,2,RUN,1/10,shared_gate,0.39025287356321842,0.15782308407188941,16,0.098600605492923557,151,False,0.15229347974948734,18,False,5.1440329218107002e-05,0.60974712643678164,1619,1.1102230246251565e-16,0.076207162585780322,9/10,0,0.25723886866423973,0.64183908045977012,6631/10875,3,16,0.39025287356321842,0.069673353943717792
16027/18125,True,0.023164919416408934,113,0,0.023164919416408934,0.061431248535956898,0.034594833647114485,0,RUN,0,shared_gate,0.11575172413793103,0.034594833647114485,16,0.029803371087971837,33,False,0.070688013207713632,4,False,5.1440329218107002e-05,0.884248275862069,1619,1.1102230246251565e-16,0.023164919416408938,97/100,1,0.061431248535956898,0.884248275862069,16027/18125,3,16,0.061431248535956898,0.028018834847403883
16027/18125,True,0.022707724543705756,113,0,0.022707724543705756,0.075771506775324474,0.039698669717616479,1,RUN,1/50,shared_gate,0.12459420689655172,0.039698669717616479,16,0.038609497074359733,47,False,0.090287796043485732,7,False,5.1440329218107002e-05,0.87540579310344824,1619,1.1102230246251565e-16,0.02270772454370576,97/100,1,0.070816936050597329,0.884248275862069,1586673/1812500,3,16,0.097931311540585375,0.031680151960098296
16027/18125,True,0.02087894505289304,113,0,0.02087894505289304,0.13258857023776149,0.05964862110278709,2,RUN,1/10,shared_gate,0.15996413793103448,0.05964862110278709,16,0.039840647086097983,49,False,0.055989882596446917,2,False,5.1440329218107002e-05,0.84003586206896552,1619,1.1102230246251565e-16,0.020878945052893044,97/100,1,0.10835968610915905,0.884248275862069,304513/362500,3,16,0.15996413793103448,0.044761630384145858
142131/145000,True,0.0046378448440916441,33,0,0.0046378448440916441,0.0099919548916696556,0.0054497628313505235,0,RUN,0,shared_gate,0.019786206896551726,0.0054497628313505235,16,0.014740845846075136,11,False,0.055989882596446917,2,False,5.1440329218107002e-05,0.98021379310344825,1619,1.1102230246251565e-16,0.0046378448440916433,199/200,2,0.0099919548916696556,0.98021379310344825,142131/145000,3,16,0.0099919548916696556,0.0052649287237415774
142131/145000,True,0.0045453931229910609,33,0,0.0045453931229910609,0.024866163272236234,0.010775753203743139,1,RUN,1/50,shared_gate,0.029588344827586207,0.010775753203743139,16,0.015489266464607616,12,False,0.04765719639040164,1,False,5.1440329218107002e-05,0.97041165517241379,1619,1.1102230246251565e-16,0.00454539312299106,199/200,2,0.01989203534275296,0.98021379310344825,14070969/14500000,3,16,0.029588344827586207,0.010258051886352754
142131/145000,True,0.0041755862385887306,33,0,0.0041755862385887306,0.068796896551724135,0.031614233752467448,2,RUN,1/10,shared_gate,0.068796896551724135,0.031614233752467448,16,0.011616894879318216,7,False,0.063576388061292163,3,False,5.1440329218107002e-05,0.93120310344827584,1619,1.1102230246251565e-16,0.0041755862385887297,199/200,2,0.059492357147086172,0.98021379310344825,2700489/2900000,3,16,0.068796896551724135,0.028308906376416965
2968/4625,True,9.099999999999988e-07,59,0,9.099999999999988e-07,0.21822731463189779,0.072694356237061525,0,RUN,0,sparse_polynomial,0.35827027027027025,0.072694356237061525,8,0.004810214036859487,0,False,0.037840039280150145,0,False,5.1440329218107002e-05,0.64172972972972975,1619,2.2204460492503131e-16,9.0999999999999891e-07,9/10,0,0.21822731463189779,0.64172972972972975,2968/4625,4,16,0.21822731463189779,0.032283611395178963
2968/4625,True,0.00023526679999999998,59,0,0.00023526679999999998,0.23077780657171718,0.077787075825346733,1,RUN,1/50,sparse_polynomial,0.36468756756756759,0.077787075825346733,8,0.004810214036859487,0,False,0.037840039280150145,0,False,5.1440329218107002e-05,0.63531243243243241,1619,2.2204460492503131e-16,0.00023526679999999998,9/10,0,0.22604504148557883,0.64172972972972975,73458/115625,4,16,0.25815056446280327,0.034044812743900657
2968/4625,True,0.0011726940000000002,59,0,0.0011726940000000002,0.28038578298363914,0.097749372933707973,2,RUN,1/10,sparse_polynomial,0.39035675675675674,0.097749372933707973,8,0.0090592862196964882,4,False,0.037840039280150145,0,False,5.1440329218107002e-05,0.60964324324324326,1619,2.2204460492503131e-16,0.0011726940000000002,9/10,0,0.2573159489003029,0.64172972972972975,14098/23125,4,16,0.39035675675675674,0.040265984046749449
8140447/9250000,True,6.8657220000000364e-10,23,0,6.8657220000000364e-10,0.063802442800923981,0.018978359172268262,0,RUN,0,sparse_polynomial,0.11995167567567568,0.018978359172268262,8,0.004810214036859487,0,False,0.037840039280150145,0,False,5.1440329218107002e-05,0.88004832432432434,1619,2.2204460492503131e-16,6.8657220000000364e-10,97/100,1,0.063802442800923981,0.88004832432432434,8140447/9250000,4,16,0.063802442800923981,0.014982804558477721
8140447/9250000,True,0.00015625067284075601,23,0,0.00015625067284075601,0.078117453247715837,0.024252638769505064,1,RUN,1/50,sparse_polynomial,0.12875215891891892,0.024252638769505064,8,0.004810214036859487,0,False,0.037840039280150145,0,False,5.1440329218107002e-05,0.87124784108108111,1619,2.2204460492503131e-16,0.00015625067284075601,97/100,1,0.073164418372914736,0.88004832432432434,805904253/925000000,4,16,0.10035237401387136,0.018867095278856029
8140447/9250000,True,0.00078125061791498008,23,0,0.00078125061791498008,0.13483251241674629,0.044894819378122848,2,RUN,1/10,sparse_polynomial,0.16395409189189189,0.044894819378122848,8,0.004810214036859487,0,False,0.037840039280150145,0,False,5.1440329218107002e-05,0.83604590810810808,1619,2.2204460492503131e-16,0.00078125061791498008,97/100,1,0.11061232066087778,0.88004832432432434,154668493/185000000,4,16,0.16395409189189189,0.032855288054077163
72461961/74000000,True,0,11,0,0,0.010501286405690008,0.0030224804757659819,0,RUN,0,sparse_polynomial,0.020784310810810811,0.0030224804757659819,8,0.004810214036859487,0,False,0.037840039280150145,0,False,5.1440329218107002e-05,0.97921568918918922,1619,2.2204460492503131e-16,0,199/200,2,0.010501286405690008,0.97921568918918922,72461961/74000000,4,16,0.010501286405690008,0.0029069319475799396
72461961/74000000,True,0,11,0,0,0.025370336816461943,0.0083740019240512425,1,RUN,1/50,sparse_polynomial,0.030576467702702701,0.0083740019240512425,8,0.004810214036859487,0,False,0.037840039280150145,0,False,5.1440329218107002e-05,0.96942353229729727,1619,2.2204460492503131e-16,0,199/200,2,0.020396273541633106,0.97921568918918922,7173734139/7400000000,4,16,0.030576467702702701,0.0079361938529364223
72461961/74000000,True,0,11,0,0,0.069745095270270271,0.029316018287506775,2,RUN,1/10,sparse_polynomial,0.069745095270270271,0.029316018287506775,8,0.004810214036859487,0,False,0.037840039280150145,0,False,5.1440329218107002e-05,0.93025490472972971,1619,2.2204460492503131e-16,0,199/200,2,0.059976222085405505,0.97921568918918922,1376777259/1480000000,4,16,0.069745095270270271,0.026135514742453833
4/5,False,1.5409277999999886e-33,5000,0.10000000000000088,0.10000000000000088,0.1111111111111111,0.004566007939467303,0,NOT_RUN_prespecified_scaling,0,linear,0.20000000000000001,0.004566007939467303,40,0.004810214036859487,0,,0.037840039280150145,0,,5.1440329218107002e-05,0.80000000000000004,811,,,9/10,0,0.1111111111111111,0.80000000000000004,4/5,5,40,0.1111111111111111,0.0029356492791752799
4/5,False,1.4515535440295935e-11,5000,0.10800030519440856,0.10800030520892411,0.12491071428571429,0.0097499805001122365,1,NOT_RUN_prespecified_scaling,1/50,linear,0.20799999999999999,0.0097499805001122365,40,0.004810214036859487,0,,0.037840039280150145,0,,5.1440329218107002e-05,0.79200000000000004,811,,,9/10,0,0.12,0.80000000000000004,99/125,5,40,0.14866817155756207,0.0061760279202126228
4/5,False,7.2577677201479684e-11,5000,0.1400015259720393,0.14000152604461696,0.17954545454545454,0.029989615061145981,2,NOT_RUN_prespecified_scaling,1/10,linear,0.23999999999999999,0.029989615061145981,40,0.004810214036859487,0,,0.037840039280150145,0,,5.1440329218107002e-05,0.76000000000000001,811,,,9/10,0,0.15555555555555556,0.80000000000000004,19/25,5,40,0.23999999999999999,0.017857542484361996
47/50,True,5.1474989726892536e-54,1649,0,5.1474989726892536e-54,0.030927835051546393,0.0010730813776763,0,NOT_RUN_prespecified_scaling,0,linear,0.059999999999999998,0.0010730813776763,40,0.004810214036859487,0,,0.037840039280150145,0,,5.1440329218107002e-05,0.93999999999999995,811,,,97/100,1,0.030927835051546393,0.93999999999999995,47/50,5,40,0.030927835051546393,0.00094919326693334053
47/50,True,6.439222488552332e-12,1649,0,6.439222488552332e-12,0.045587900134673155,0.006222970460268395,1,NOT_RUN_prespecified_scaling,1/50,linear,0.069400000000000003,0.006222970460268395,40,0.004810214036859487,0,,0.037840039280150145,0,,5.1440329218107002e-05,0.93059999999999998,811,,,97/100,1,0.040618556701030928,0.93999999999999995,4653/5000,5,40,0.066791583795666284,0.0054229410282155225
47/50,True,3.2196112442761658e-11,1649,0,3.2196112442761658e-11,0.10369783412572636,0.02631347878318269,2,NOT_RUN_prespecified_scaling,1/10,linear,0.107,0.02631347878318269,40,0.004810214036859487,0,,0.037840039280150145,0,,5.1440329218107002e-05,0.89300000000000002,811,,,97/100,1,0.079381443298969068,0.93999999999999995,893/1000,5,40,0.107,0.02155073207334425
99/100,True,9.0949470177296107e-93,81,0,9.0949470177296107e-93,0.0050251256281407036,0.00016554362279657141,0,NOT_RUN_prespecified_scaling,0,linear,0.01,0.00016554362279657141,40,0.004810214036859487,0,,0.037840039280150145,0,,5.1440329218107002e-05,0.98999999999999999,811,,,199/200,2,0.0050251256281407036,0.98999999999999999,99/100,5,40,0.0050251256281407036,0.00016227616848774463
99/100,True,1.8189894035458565e-14,81,0,1.8189894035458565e-14,0.019900000000000001,0.0053065163501260018,1,NOT_RUN_prespecified_scaling,1/50,linear,0.019900000000000001,0.0053065163501260018,40,0.004810214036859487,0,,0.037840039280150145,0,,5.1440329218107002e-05,0.98009999999999997,811,,,199/200,2,0.014974874371859296,0.98999999999999999,9801/10000,5,40,0.019900000000000001,0.0051246122717388386
99/100,True,9.0949470177292829e-14,81,0,9.0949470177292829e-14,0.059499999999999997,0.025358002405621572,2,NOT_RUN_prespecified_scaling,1/10,linear,0.059499999999999997,0.025358002405621572,40,0.004810214036859487,0,,0.037840039280150145,0,,5.1440329218107002e-05,0.9405,811,,,199/200,2,0.054773869346733665,0.98999999999999999,1881/2000,5,40,0.059499999999999997,0.023013756684743213
68/105,False,7.5430577699999526e-32,5000,0.19809999999999997,0.19809999999999997,0.2138728323699422,0.12810923775553495,0,NOT_RUN_prespecified_scaling,0,shared_gate,0.35238095238095241,0.12810923775553495,40,0.12108652795605244,192,,0.17292283074258966,22,,5.1440329218107002e-05,0.64761904761904765,271,,,9/10,0,0.2138728323699422,0.64761904761904765,68/105,6,40,0.2138728323699422,0.061625094482237339
68/105,False,1.5006662579253316e-11,5000,0.21038800059742885,0.21038800061243551,0.22647632311977717,0.13217216737303897,1,NOT_RUN_prespecified_scaling,1/50,shared_gate,0.35885714285714287,0.13217216737303897,40,0.12326009086725107,196,,0.21245007516668368,30,,5.1440329218107002e-05,0.64114285714285713,271,,,9/10,0,0.22173410404624277,0.64761904761904765,561/875,6,40,0.25369756785336622,0.062606013941379018
68/105,False,7.503331289626658e-11,5000,0.25954000298714441,0.25954000306217773,0.27629716981132074,0.1478828721351495,2,NOT_RUN_prespecified_scaling,1/10,shared_gate,0.38476190476190475,0.1478828721351495,40,0.11509210929685339,181,,0.15751727691811168,19,,5.1440329218107002e-05,0.61523809523809525,271,,,9/10,0,0.25317919075144507,0.64761904761904765,323/525,6,40,0.38476190476190475,0.065690870916267741
1551/1750,False,0.014008611700317418,5000,0.01599121643687966,0.029999828137197079,0.060284762193274763,0.032902973649673574,0,NOT_RUN_prespecified_scaling,0,shared_gate,0.11371428571428571,0.032902973649673574,40,0.036751696733135088,44,,0.077461418820635189,5,,5.1440329218107002e-05,0.88628571428571423,271,,,97/100,1,0.060284762193274763,0.88628571428571423,1551/1750,6,40,0.060284762193274763,0.026724685311161501
1551/1750,False,0.013728439523063537,5000,0.025671391865925437,0.039399831388988976,0.07463720784418762,0.037743605353984855,1,NOT_RUN_prespecified_scaling,1/50,shared_gate,0.12257714285714286,0.037743605353984855,40,0.041066289421028579,51,,0.10830610783584246,10,,5.1440329218107002e-05,0.87742285714285717,271,,,97/100,1,0.069681914571342013,0.88628571428571423,153549/175000,6,40,0.09676073453540851,0.030197463442613589
1551/1750,False,0.012607750814048023,5000,0.064392093582108553,0.076999844396156578,0.13150351331647769,0.056581951195287535,2,NOT_RUN_prespecified_scaling,1/10,shared_gate,0.15802857142857143,0.056581951195287535,40,0.034879434956582273,41,,0.10242896312487491,9,,5.1440329218107002e-05,0.84197142857142859,271,,,97/100,1,0.10727052408361103,0.88628571428571423,29469/35000,6,40,0.15802857142857143,0.042517571233728062
858/875,True,0.0041741537952723496,85,0,0.0041741537952723496,0.0098095787651471429,0.0052009116286568192,0,NOT_RUN_prespecified_scaling,0,shared_gate,0.019428571428571427,0.0052009116286568192,40,0.013981169096920256,10,,0.04765719639040164,1,,5.1440329218107002e-05,0.98057142857142854,271,,,199/200,2,0.0098095787651471429,0.98057142857142854,858/875,6,40,0.0098095787651471429,0.005026926849752247
858/875,True,0.0040906707194396617,85,0,0.0040906707194396617,0.024685633430370793,0.010288102364008556,1,NOT_RUN_prespecified_scaling,1/50,shared_gate,0.029234285714285713,0.010288102364008556,40,0.011616894879318216,7,,0.037840039280150145,0,,5.1440329218107002e-05,0.97076571428571423,271,,,199/200,2,0.019711482977495674,0.98057142857142854,42471/43750,6,40,0.029234285714285713,0.0097961481504325182
858/875,True,0.0037567384161089129,85,0,0.0037567384161089129,0.068457142857142855,0.03012107678998829,2,NOT_RUN_prespecified_scaling,1/10,shared_gate,0.068457142857142855,0.03012107678998829,40,0.013208681243785783,9,,0.037840039280150145,0,,5.1440329218107002e-05,0.93154285714285712,271,,,199/200,2,0.059319099826889786,0.98057142857142854,8151/8750,6,40,0.068457142857142855,0.026949992700092382
1284/1975,True,0,35,0,0,0.21202822951825714,0.075122421924704044,0,RUN,0,sparse_polynomial,0.34987341772151898,0.075122421924704044,8,0.004810214036859487,0,False,0.037840039280150145,0,False,5.1440329218107002e-05,0.65012658227848097,271,1.1102230246251565e-16,0,9/10,0,0.21202822951825714,0.65012658227848097,1284/1975,7,16,0.21202822951825714,0.03433058291940394
1284/1975,True,0,35,0,0,0.22465411439978314,0.08017311610011002,1,RUN,1/50,sparse_polynomial,0.35637468354430379,0.08017311610011002,8,0.004810214036859487,0,False,0.037840039280150145,0,False,5.1440329218107002e-05,0.64362531645569621,271,1.1102230246251565e-16,0,9/10,0,0.21990794722307455,0.65012658227848097,31779/49375,7,16,0.25181129274697039,0.036106791809004966
1284/1975,True,0,35,0,0,0.27456491799173655,0.099962698144264159,2,RUN,1/10,sparse_polynomial,0.38237974683544301,0.099962698144264159,8,0.004810214036859487,0,False,0.037840039280150145,0,False,5.1440329218107002e-05,0.61762025316455693,271,1.1102230246251565e-16,0,9/10,0,0.25142681804234429,0.65012658227848097,6099/9875,7,16,0.38237974683544301,0.042366298221438871
69889/79000,True,0,15,0,0,0.061193237915494095,0.019036826554584121,0,RUN,0,sparse_polynomial,0.11532911392405064,0.019036826554584121,8,0.004810214036859487,0,False,0.037840039280150145,0,False,5.1440329218107002e-05,0.88467088607594935,271,1.1102230246251565e-16,0,97/100,1,0.061193237915494095,0.88467088607594935,69889/79000,7,16,0.061193237915494095,0.015188165457809967
69889/79000,True,0,15,0,0,0.075536027336777056,0.024308856353399799,1,RUN,1/50,sparse_polynomial,0.12417582278481012,0.024308856353399799,8,0.004810214036859487,0,False,0.037840039280150145,0,False,5.1440329218107002e-05,0.8758241772151899,271,1.1102230246251565e-16,0,97/100,1,0.070581305536339151,0.88467088607594935,6919011/7900000,7,16,0.097688298576407859,0.019111114914700876
69889/79000,True,0,15,0,0,0.13236331760715928,0.044941672662908133,2,RUN,1/10,sparse_polynomial,0.1595626582278481,0.044941672662908133,8,0.004810214036859487,0,False,0.037840039280150145,0,False,5.1440329218107002e-05,0.8404373417721519,271,1.1102230246251565e-16,0,97/100,1,0.10813357601971939,0.88467088607594935,1327891/1580000,7,16,0.1595626582278481,0.0332376275889237
619443/632000,True,0,9,0,0,0.010034016731085635,0.0030052956395304337,0,RUN,0,sparse_polynomial,0.01986867088607595,0.0030052956395304337,8,0.004810214036859487,0,False,0.037840039280150145,0,False,5.1440329218107002e-05,0.98013132911392409,271,2.2204460492503131e-16,0,199/200,2,0.010034016731085635,0.98013132911392409,619443/632000,7,16,0.010034016731085635,0.002895762183816816
619443/632000,True,0,9,0,0,0.024907799251678724,0.0083591608976067398,1,RUN,1/50,sparse_polynomial,0.02966998417721519,0.0083591608976067398,8,0.004810214036859487,0,False,0.037840039280150145,0,False,5.1440329218107002e-05,0.97033001582278477,271,2.2204460492503131e-16,0,199/200,2,0.019933676563774778,0.98013132911392409,61324857/63200000,7,16,0.02966998417721519,0.0079368324498246753
619443/632000,True,0,9,0,0,0.068875237341772158,0.029311001434621571,2,RUN,1/10,sparse_polynomial,0.068875237341772158,0.029311001434621571,8,0.004810214036859487,0,False,0.037840039280150145,0,False,5.1440329218107002e-05,0.93112476265822786,271,2.2204460492503131e-16,0,199/200,2,0.059532315894531354,0.98013132911392409,11769417/12640000,7,16,0.068875237341772158,0.026179798669234856
2072/3225,False,1.3044252149999955e-19,5000,0.19000000008099996,0.19000000008099996,0.21767037946007173,0.13108291158945154,0,NOT_RUN_prespecified_scaling,0,shared_gate,0.35751937984496124,0.13108291158945154,28,0.12054263055743877,191,,0.25029458608497307,38,,5.1440329218107002e-05,0.64248062015503871,811,,,9/10,0,0.21767037946007173,0.64248062015503871,2072/3225,8,28,0.21767037946007173,0.062271281773931854
2072/3225,False,1.0721385478986173e-07,5000,0.20120489004443731,0.20120499725829211,0.23022766039709797,0.1352659310524548,1,NOT_RUN_prespecified_scaling,1/50,shared_gate,0.36394418604651163,0.1352659310524548,28,0.11454586868291788,180,,0.14702009194685192,17,,5.1440329218107002e-05,0.63605581395348842,811,,,9/10,0,0.22549367566547102,0.64248062015503871,17094/26875,8,28,0.25758101838527336,0.063284347969472993
2072/3225,False,5.3606927394878687e-07,5000,0.24602444989818686,0.24602498596746081,0.27986290291523858,0.15148986060556111,2,NOT_RUN_prespecified_scaling,1/10,shared_gate,0.3896434108527132,0.15148986060556111,28,0.098046853996936051,150,,0.13630867884962625,15,,5.1440329218107002e-05,0.61035658914728685,811,,,9/10,0,0.25678686048706817,0.64248062015503871,9842/16125,8,28,0.3896434108527132,0.06651105005708792
95081/107500,True,0.023644199510732138,1909,0,0.023644199510732138,0.061303873512323463,0.033516910875643388,0,NOT_RUN_prespecified_scaling,0,shared_gate,0.11552558139534884,0.033516910875643388,28,0.036129286778915755,43,,0.077461418820635189,5,,5.1440329218107002e-05,0.88447441860465115,811,,,97/100,1,0.061303873512323463,0.88447441860465115,95081/107500,8,28,0.061303873512323463,0.027129405566973137
95081/107500,True,0.023171360074989465,1909,0,0.023171360074989465,0.075645486422444966,0.038445660928889541,1,NOT_RUN_prespecified_scaling,1/50,shared_gate,0.12437032558139535,0.038445660928889541,28,0.044108237597569301,56,,0.08397721581833846,6,,5.1440329218107002e-05,0.87562967441860462,811,,,97/100,1,0.070690834777200229,0.88447441860465115,9413019/10750000,8,28,0.097801259363147791,0.030655926171120486
95081/107500,True,0.021280002332018773,1909,0,0.021280002332018773,0.13246802318895379,0.057656624524122339,2,NOT_RUN_prespecified_scaling,1/10,shared_gate,0.1597493023255814,0.057656624524122339,28,0.031722557586939482,36,,0.077461418820635189,5,,5.1440329218107002e-05,0.84025069767441862,811,,,97/100,1,0.10823867983670729,0.88447441860465115,1806539/2150000,8,28,0.1597493023255814,0.0431974185933778
421509/430000,True,0.0044329361657569934,61,0,0.0044329361657569934,0.0099717090482895655,0.0052908602760985465,0,NOT_RUN_prespecified_scaling,0,shared_gate,0.019746511627906978,0.0052908602760985465,28,0.0081351799559529689,3,,0.04765719639040164,1,,5.1440329218107002e-05,0.98025348837209303,811,,,199/200,2,0.0099717090482895655,0.98025348837209303,421509/430000,8,28,0.0099717090482895655,0.0051110129005167955
421509/430000,True,0.0043442777404650778,61,0,0.0043442777404650778,0.024846122403971958,0.010457872000583844,1,NOT_RUN_prespecified_scaling,1/50,shared_gate,0.029549046511627906,0.010457872000583844,28,0.011616894879318216,7,,0.037840039280150145,0,,5.1440329218107002e-05,0.97045095348837207,811,,,199/200,2,0.019871991957806669,0.98025348837209303,41729391/43000000,8,28,0.029549046511627906,0.0099530506890614153
421509/430000,True,0.0039896440392974131,61,0,0.0039896440392974131,0.068759186046511628,0.030627248640154155,2,NOT_RUN_prespecified_scaling,1/10,shared_gate,0.068759186046511628,0.030627248640154155,28,0.011616894879318216,7,,0.037840039280150145,0,,5.1440329218107002e-05,0.93124081395348834,811,,,199/200,2,0.059473123595875088,0.98025348837209303,8008671/8600000,8,28,0.068759186046511628,0.027399408040308576
4/5,True,6.6969999999999794e-13,281,0,6.6969999999999794e-13,0.1111111111111111,0.0099876763477845017,0,RUN,0,linear,0.20000000000000001,0.0099876763477845017,16,0.004810214036859487,0,False,0.037840039280150145,0,False,5.1440329218107002e-05,0.80000000000000004,271,1.1102230246251565e-16,6.6969999999999805e-13,9/10,0,0.1111111111111111,0.80000000000000004,4/5,9,16,0.1111111111111111,0.0064565992865636143
4/5,True,1.4953613937556e-05,281,0,1.4953613937556e-05,0.12491071428571429,0.015417329344038368,1,RUN,1/50,linear,0.20799999999999999,0.015417329344038368,16,0.004810214036859487,0,False,0.037840039280150145,0,False,5.1440329218107002e-05,0.79200000000000004,271,1.1102230246251565e-16,1.4953613937556e-05,9/10,0,0.12,0.80000000000000004,99/125,9,16,0.14866817155756207,0.0098221672611969874
4/5,True,7.4768067008980002e-05,281,0,7.4768067008980002e-05,0.17954545454545454,0.036698259256664124,2,RUN,1/10,linear,0.23999999999999999,0.036698259256664124,16,0.004810214036859487,0,False,0.037840039280150145,0,False,5.1440329218107002e-05,0.76000000000000001,271,1.1102230246251565e-16,7.4768067008980002e-05,9/10,0,0.15555555555555556,0.80000000000000004,19/25,9,16,0.23999999999999999,0.022004439159730479
47/50,True,1.4348907000000193e-23,31,0,1.4348907000000193e-23,0.030927835051546393,0.0023570767951649652,0,RUN,0,linear,0.059999999999999998,0.0023570767951649652,16,0.004810214036859487,0,False,0.037840039280150145,0,False,5.1440329218107002e-05,0.93999999999999995,271,1.1102230246251565e-16,1.434890700000019e-23,97/100,1,0.030927835051546393,0.93999999999999995,47/50,9,16,0.030927835051546393,0.0020876337693222355
47/50,True,6.1035156250000001e-07,31,0,6.1035156250000001e-07,0.045587900134673155,0.0077160888809324653,1,RUN,1/50,linear,0.069400000000000003,0.0077160888809324653,16,0.004810214036859487,0,False,0.037840039280150145,0,False,5.1440329218107002e-05,0.93059999999999998,271,1.1102230246251565e-16,6.1035156250000001e-07,97/100,1,0.040618556701030928,0.93999999999999995,4653/5000,9,16,0.066791583795666284,0.006734221054300436
47/50,True,3.0517578125000002e-06,31,0,3.0517578125000002e-06,0.10369783412572636,0.028688553223837274,2,RUN,1/10,linear,0.107,0.028688553223837274,16,0.004810214036859487,0,False,0.037840039280150145,0,False,5.1440329218107002e-05,0.89300000000000002,271,1.1102230246251565e-16,3.0517578125000002e-06,97/100,1,0.079381443298969068,0.93999999999999995,893/1000,9,16,0.107,0.02355337019421324
99/100,True,1.525878906250022e-37,33,0,1.525878906250022e-37,0.0050251256281407036,0.00036402054818630419,0,RUN,0,linear,0.01,0.00036402054818630419,16,0.004810214036859487,0,False,0.037840039280150145,0,False,5.1440329218107002e-05,0.98999999999999999,271,0,1.5258789062500216e-37,199/200,2,0.0050251256281407036,0.98999999999999999,99/100,9,16,0.0050251256281407036,0.00035690646056282203
99/100,True,3.0517578125000001e-07,33,0,3.0517578125000001e-07,0.019900000000000001,0.005704294112960146,1,RUN,1/50,linear,0.019900000000000001,0.005704294112960146,16,0.004810214036859487,0,False,0.037840039280150145,0,False,5.1440329218107002e-05,0.98009999999999997,271,0,3.0517578125000001e-07,199/200,2,0.014974874371859296,0.98999999999999999,9801/10000,9,16,0.019900000000000001,0.0055109582917162109
99/100,True,1.5258789062500001e-06,33,0,1.5258789062500001e-06,0.059499999999999997,0.026594886890975708,2,RUN,1/10,linear,0.059499999999999997,0.026594886890975708,16,0.004810214036859487,0,False,0.037840039280150145,0,False,5.1440329218107002e-05,0.9405,271,0,1.5258789062500001e-06,199/200,2,0.054773869346733665,0.98999999999999999,1881/2000,9,16,0.059499999999999997,0.024166965616329767
1458/2275,False,7.481291786999944e-31,5000,0.27107289999999995,0.27107289999999995,0.21885882668095366,0.12900094310660976,0,NOT_RUN_prespecified_scaling,0,shared_gate,0.35912087912087914,0.12900094310660976,40,0.12271700135851275,195,,0.19293515805409686,26,,5.1440329218107002e-05,0.64087912087912091,1619,,,9/10,0,0.21885882668095366,0.64087912087912091,1458/2275,10,40,0.21885882668095366,0.06083134887090931
1458/2275,False,1.8389982869848608e-11,5000,0.28330770183476639,0.28330770185315635,0.23140161681574431,0.13308507063788183,1,NOT_RUN_prespecified_scaling,1/50,shared_gate,0.36552967032967032,0.13308507063788183,40,0.12868028218573571,206,,0.17797825355145175,23,,5.1440329218107002e-05,0.63447032967032968,1619,,,9/10,0,0.22667023841414413,0.64087912087912091,72171/113750,10,40,0.25879637999194099,0.061798152609588215
1458/2275,False,9.1949914349243053e-11,5000,0.33224690917383193,0.33224690926578182,0.28097866178519715,0.14888706397532186,2,NOT_RUN_prespecified_scaling,1/10,shared_gate,0.39116483516483519,0.14888706397532186,40,0.099154074613876472,152,,0.16782914739265051,21,,5.1440329218107002e-05,0.60883516483516487,1619,,,9/10,0,0.25791588534690596,0.64087912087912091,13851/22750,10,40,0.39116483516483519,0.064843915469146238
402179/455000,False,1.5254835564815834e-51,5000,0.030000000000000027,0.030000000000000027,0.061621901609815455,0.033073890946726081,0,NOT_RUN_prespecified_scaling,0,shared_gate,0.11609010989010989,0.033073890946726081,40,0.042286729766848823,53,,0.070688013207713632,4,,5.1440329218107002e-05,0.88390989010989007,1619,,,97/100,1,0.061621901609815455,0.88390989010989007,402179/455000,10,40,0.061621901609815455,0.026724401592802802
402179/455000,False,1.293301465921104e-11,5000,0.039400076298965747,0.039400076311898763,0.075960131896441449,0.037929008670463567,1,NOT_RUN_prespecified_scaling,1/50,shared_gate,0.12492920879120879,0.037929008670463567,40,0.034251876475490835,40,,0.090287796043485732,7,,5.1440329218107002e-05,0.87507079120879117,1619,,,97/100,1,0.071005682593717298,0.88390989010989007,39815721/45500000,10,40,0.098125972053482016,0.030189140443694723
402179/455000,False,6.4665073296055205e-11,5000,0.077000381494828629,0.077000381559493708,0.1327690018296557,0.056828751517802964,2,NOT_RUN_prespecified_scaling,1/10,shared_gate,0.16028560439560441,0.056828751517802964,40,0.036129286778915755,43,,0.096429540957684814,8,,5.1440329218107002e-05,0.83971439560439565,1619,,,97/100,1,0.10854080652932468,0.88390989010989007,7641401/9100000,10,40,0.16028560439560441,0.042485502459594253
1783881/1820000,True,0.0042154820506710849,177,0,0.0042154820506710849,0.01002225101217271,0.0052253815770400515,0,NOT_RUN_prespecified_scaling,0,shared_gate,0.019845604395604396,0.0052253815770400515,40,0.011616894879318216,7,,0.037840039280150145,0,,5.1440329218107002e-05,0.98015439560439566,1619,,,199/200,2,0.01002225101217271,0.98015439560439566,1783881/1820000,10,40,0.01002225101217271,0.005046407275615868
1783881/1820000,True,0.0041311724097849931,177,0,0.0041311724097849931,0.024896152657925087,0.010325528563657992,1,NOT_RUN_prespecified_scaling,1/50,shared_gate,0.029647148351648351,0.010325528563657992,40,0.013981169096920256,10,,0.04765719639040164,1,,5.1440329218107002e-05,0.97035285164835161,1619,,,199/200,2,0.019922028502050982,0.98015439560439566,176604219/182000000,10,40,0.029647148351648351,0.0098237951452553735
1783881/1820000,True,0.0037939338462406225,177,0,0.0037939338462406225,0.068853324175824182,0.030213142424934933,2,NOT_RUN_prespecified_scaling,1/10,shared_gate,0.068853324175824182,0.030213142424934933,40,0.013981169096920256,10,,0.04765719639040164,1,,5.1440329218107002e-05,0.93114667582417587,1619,,,199/200,2,0.059521138461564073,0.98015439560439566,33893739/36400000,10,40,0.068853324175824182,0.027011941345368162
4/5,False,7.6151339999999295e-34,5000,0.099999999999999978,0.099999999999999978,0.1111111111111111,0.0044327387741184493,0,NOT_RUN_prespecified_scaling,0,linear,0.20000000000000001,0.0044327387741184493,40,0.004810214036859487,0,,0.037840039280150145,0,,5.1440329218107002e-05,0.80000000000000004,271,,,9/10,0,0.1111111111111111,0.80000000000000004,4/5,11,40,0.1111111111111111,0.0028495842781557069
4/5,False,1.2623786460608245e-11,5000,0.10800001908294504,0.10800001909556883,0.12491071428571429,0.0096106325941389594,1,NOT_RUN_prespecified_scaling,1/50,linear,0.20799999999999999,0.0096106325941389594,40,0.004810214036859487,0,,0.037840039280150145,0,,5.1440329218107002e-05,0.79200000000000004,271,,,9/10,0,0.12,0.80000000000000004,99/125,11,40,0.14866817155756207,0.0060869028302679099
4/5,False,6.3118932303041225e-11,5000,0.14000009541472536,0.14000009547784428,0.17954545454545454,0.029824460925282407,2,NOT_RUN_prespecified_scaling,1/10,linear,0.23999999999999999,0.029824460925282407,40,0.004810214036859487,0,,0.037840039280150145,0,,5.1440329218107002e-05,0.76000000000000001,271,,,9/10,0,0.15555555555555556,0.80000000000000004,19/25,11,40,0.23999999999999999,0.017756177038716722
47/50,True,1.5870713961709587e-54,1487,0,1.5870713961709587e-54,0.030927835051546393,0.0010416544123417291,0,NOT_RUN_prespecified_scaling,0,linear,0.059999999999999998,0.0010416544123417291,40,0.004810214036859487,0,,0.037840039280150145,0,,5.1440329218107002e-05,0.93999999999999995,271,,,97/100,1,0.030927835051546393,0.93999999999999995,47/50,11,40,0.030927835051546393,0.00092136558327034516
47/50,True,4.9112713895738128e-12,1487,0,4.9112713895738128e-12,0.045587900134673155,0.0061864168774157765,1,NOT_RUN_prespecified_scaling,1/50,linear,0.069400000000000003,0.0061864168774157765,40,0.004810214036859487,0,,0.037840039280150145,0,,5.1440329218107002e-05,0.93059999999999998,271,,,97/100,1,0.040618556701030928,0.93999999999999995,4653/5000,11,40,0.066791583795666284,0.0053908885092802551
47/50,True,2.4556356947869062e-11,1487,0,2.4556356947869062e-11,0.10369783412572636,0.026255277768609149,2,NOT_RUN_prespecified_scaling,1/10,linear,0.107,0.026255277768609149,40,0.004810214036859487,0,,0.037840039280150145,0,,5.1440329218107002e-05,0.89300000000000002,271,,,97/100,1,0.079381443298969068,0.93999999999999995,893/1000,11,40,0.107,0.021501780213319895
99/100,True,9.0949470177296107e-93,81,0,9.0949470177296107e-93,0.0050251256281407036,0.00016069112808031339,0,NOT_RUN_prespecified_scaling,0,linear,0.01,0.00016069112808031339,40,0.004810214036859487,0,,0.037840039280150145,0,,5.1440329218107002e-05,0.98999999999999999,271,,,199/200,2,0.0050251256281407036,0.98999999999999999,99/100,11,40,0.0050251256281407036,0.00015751868648694045
99/100,True,1.8189894035458565e-14,81,0,1.8189894035458565e-14,0.019900000000000001,0.0052967892099070159,1,NOT_RUN_prespecified_scaling,1/50,linear,0.019900000000000001,0.0052967892099070159,40,0.004810214036859487,0,,0.037840039280150145,0,,5.1440329218107002e-05,0.98009999999999997,271,,,199/200,2,0.014974874371859296,0.98999999999999999,9801/10000,11,40,0.019900000000000001,0.0051151685504325188
99/100,True,9.0949470177292829e-14,81,0,9.0949470177292829e-14,0.059499999999999997,0.025327729030026808,2,NOT_RUN_prespecified_scaling,1/10,linear,0.059499999999999997,0.025327729030026808,40,0.004810214036859487,0,,0.037840039280150145,0,,5.1440329218107002e-05,0.9405,271,,,199/200,2,0.054773869346733665,0.98999999999999999,1881/2000,11,40,0.059499999999999997,0.022985568006214832
8392/12625,True,5.8458509999999936e-06,99,0,5.8458509999999936e-06,0.20140838368939429,0.047644381066757856,0,RUN,0,sparse_polynomial,0.33528712871287131,0.047644381066757856,12,0.004810214036859487,0,False,0.037840039280150145,0,False,5.1440329218107002e-05,0.66471287128712875,271,1.1102230246251565e-16,5.8458509999999944e-06,9/10,0,0.20140838368939429,0.66471287128712875,8392/12625,12,24,0.20140838368939429,0.022104501127340456
8392/12625,True,2.0377371479999991e-05,99,0,2.0377371479999991e-05,0.21416254082055769,0.052747246968246314,1,RUN,1/50,sparse_polynomial,0.34193425742574257,0.052747246968246314,12,0.004810214036859487,0,False,0.037840039280150145,0,False,5.1440329218107002e-05,0.65806574257425743,271,1.1102230246251565e-16,2.0377371479999995e-05,9/10,0,0.20939429985250035,0.66471287128712875,207702/315625,12,24,0.24095221700745337,0.024114179385393588
8392/12625,True,7.8503453400000003e-05,99,0,7.8503453400000003e-05,0.26458873450047093,0.072713554964393579,2,RUN,1/10,sparse_polynomial,0.36852277227722774,0.072713554964393579,12,0.004810214036859487,0,False,0.037840039280150145,0,False,5.1440329218107002e-05,0.63147722772277226,271,1.1102230246251565e-16,7.8503453400000003e-05,9/10,0,0.24133796450492459,0.66471287128712875,39862/63125,12,24,0.36852277227722774,0.031269206015096557
5618897/6312500,True,0,9,0,0,0.058132589167890401,0.011926460974463935,0,RUN,0,sparse_polynomial,0.10987770297029703,0.011926460974463935,12,0.004810214036859487,0,False,0.037840039280150145,0,False,5.1440329218107002e-05,0.89012229702970302,271,2.2204460492503131e-16,0,97/100,1,0.058132589167890401,0.89012229702970302,5618897/6312500,12,24,0.058132589167890401,0.0095636061476859126
5618897/6312500,True,0,9,0,0,0.07250787762410256,0.017139051170596244,1,RUN,1/50,sparse_polynomial,0.11877892594059405,0.017139051170596244,12,0.004810214036859487,0,False,0.037840039280150145,0,False,5.1440329218107002e-05,0.88122107405940597,271,2.2204460492503131e-16,0,97/100,1,0.067551263276211498,0.89012229702970302,556270803/631250000,12,24,0.09456337555748337,0.01354142736716395
5618897/6312500,True,0,9,0,0,0.12946648298109184,0.037510797276843331,2,RUN,1/10,sparse_polynomial,0.15438381782178218,0.037510797276843331,12,0.004810214036859487,0,False,0.037840039280150145,0,False,5.1440329218107002e-05,0.84561618217821777,271,2.2204460492503131e-16,0,97/100,1,0.10522595970949587,0.89012229702970302,106759043/126250000,12,24,0.15438381782178218,0.027868076837737225
3096621/3156250,True,0,5,0,0,0.0095362594238710512,0.0018780576674912125,0,RUN,0,sparse_polynomial,0.018892356435643565,0.0018780576674912125,12,0.004810214036859487,0,False,0.037840039280150145,0,False,5.1440329218107002e-05,0.98110764356435642,271,1.1102230246251565e-16,0,199/200,2,0.0095362594238710512,0.98110764356435642,3096621/3156250,12,24,0.0095362594238710512,0.0018111675934233409
3096621/3156250,True,0,5,0,0,0.024415080417840979,0.0071335699238641781,1,RUN,1/50,sparse_polynomial,0.02870343287128713,0.0071335699238641781,12,0.004810214036859487,0,False,0.037840039280150145,0,False,5.1440329218107002e-05,0.97129656712871282,271,1.1102230246251565e-16,0,199/200,2,0.019440896829632341,0.98110764356435642,306565479/315625000,12,24,0.02870343287128713,0.0067782846564823796
3096621/3156250,True,0,5,0,0,0.067947738613861386,0.027670044715110163,2,RUN,1/10,sparse_polynomial,0.067947738613861386,0.027670044715110163,12,0.004810214036859487,0,False,0.037840039280150145,0,False,5.1440329218107002e-05,0.93205226138613861,271,1.1102230246251565e-16,0,199/200,2,0.059059446452677501,0.98110764356435642,58835799/63125000,12,24,0.067947738613861386,0.024721608492197726
409/625,False,0.074056729940843086,5000,0.022518493292636679,0.096575223233479765,0.20889748549323017,0.13156029467616301,0,RUN,0,shared_gate,0.34560000000000002,0.13156029467616301,20,0.10467377393618441,162,False,0.14702009194685192,17,False,5.1440329218107002e-05,0.65439999999999998,271,0,0.087885750979866284,9/10,0,0.20889748549323017,0.65439999999999998,409/625,13,20,0.20889748549323017,0.06487416
409/625,False,0.072626903020248879,5000,0.030798229780543709,0.10342513280079259,0.22156130147294423,0.13583531304289406,1,RUN,1/50,shared_gate,0.35214400000000001,0.13583531304289406,20,0.11235866440369364,176,False,0.17292283074258966,22,False,5.1440329218107002e-05,0.64785599999999999,271,0,0.086188231883120511,9/10,0,0.21680851063829787,0.65439999999999998,40491/62500,13,20,0.24860990161291907,0.065974049664000001
409/625,False,0.066907595337872064,5000,0.06391717573217183,0.13082477107004389,0.27162448818509199,0.15244879184519322,2,RUN,1/10,shared_gate,0.37831999999999999,0.15244879184519322,20,0.11126369316778326,174,False,0.12534489462145532,13,False,5.1440329218107002e-05,0.62168000000000001,271,0,0.079398155496137476,9/10,0,0.24845261121856865,0.65439999999999998,7771/12500,13,20,0.37831999999999999,0.069517129600000005
222169/250000,True,0.023302062468689475,177,0,0.023302062468689475,0.058942878503247781,0.033665603461727547,0,RUN,0,shared_gate,0.11132400000000001,0.033665603461727547,20,0.037991752561346223,46,False,0.096429540957684814,8,False,5.1440329218107002e-05,0.88867600000000002,271,1.1102230246251565e-16,0.023302062468689475,97/100,1,0.058942878503247781,0.88867600000000002,222169/250000,13,20,0.058942878503247781,0.027513501756000001
222169/250000,True,0.022836574350419202,177,0,0.022836574350419202,0.073309572087985775,0.038665532649259315,1,RUN,1/50,shared_gate,0.12021076,0.038665532649259315,20,0.039840647086097983,49,False,0.08397721581833846,6,False,5.1440329218107002e-05,0.87978924000000003,271,1.1102230246251565e-16,0.022836574350419202,97/100,1,0.068353449718215303,0.88867600000000002,21994731/25000000,13,20,0.095390671687077835,0.031131982382462401
222169/250000,True,0.020974621877338107,177,0,0.020974621877338107,0.13023344764586778,0.05817664386887187,2,RUN,1/10,shared_gate,0.1557578,0.05817664386887187,20,0.032991175856467748,38,False,0.070688013207713632,4,False,5.1440329218107002e-05,0.84424220000000005,271,1.1102230246251565e-16,0.020974621877338107,97/100,1,0.10599573457808539,0.88867600000000002,4221211/5000000,13,20,0.1557578,0.044026414822359999
980991/1000000,True,0.0045457813079126559,41,0,0.0045457813079126559,0.0095957023530142231,0.0053148857768101779,0,RUN,0,shared_gate,0.019009000000000002,0.0053148857768101779,20,0.011616894879318216,7,False,0.04765719639040164,1,False,5.1440329218107002e-05,0.98099099999999995,271,1.1102230246251565e-16,0.004545781307912655,199/200,2,0.0095957023530142231,0.98099099999999995,980991/1000000,13,20,0.0095957023530142231,0.0051420744797500001
980991/1000000,True,0.0044548847552407312,41,0,0.0044548847552407312,0.024473921774482932,0.01054681675515892,1,RUN,1/50,shared_gate,0.02881891,0.01054681675515892,20,0.012421428046506198,8,False,0.04765719639040164,1,False,5.1440329218107002e-05,0.97118108999999997,271,1.1102230246251565e-16,0.0044548847552407303,199/200,2,0.019499745329484081,0.98099099999999995,97118109/100000000,13,20,0.02881891,0.0100537153663519
980991/1000000,True,0.0040912985445530313,41,0,0.0040912985445530313,0.068058549999999995,0.030989498958210036,2,RUN,1/10,shared_gate,0.068058549999999995,0.030989498958210036,20,0.0081351799559529689,3,False,0.04765719639040164,1,False,5.1440329218107002e-05,0.93194144999999995,271,1.1102230246251565e-16,0.0040912985445530304,199/200,2,0.05911591723536351,0.98099099999999995,18638829/20000000,13,20,0.068058549999999995,0.0277755922285975
101/155,False,6.4710251999999651e-21,5000,0.10000000899999997,0.10000000899999997,0.2109375,0.12981865001826029,0,NOT_RUN_prespecified_scaling,0,shared_gate,0.34838709677419355,0.12981865001826029,28,0.10687434351839299,166,,0.18798259328607733,25,,5.1440329218107002e-05,0.65161290322580645,271,,,9/10,0,0.2109375,0.65161290322580645,101/155,14,28,0.2109375,0.063344172736732568
101/155,False,8.6724758148199703e-08,5000,0.10803908622116117,0.10803917294591932,0.2235766108474842,0.13398811009342781,1,NOT_RUN_prespecified_scaling,1/50,shared_gate,0.35490322580645162,0.13398811009342781,28,0.11071585910635705,173,,0.19293515805409686,26,,5.1440329218107002e-05,0.64509677419354838,271,,,9/10,0,0.21882812500000001,0.65161290322580645,9999/15500,14,28,0.25069593870340229,0.064386104058272636
101/155,False,4.3362379074097264e-07,5000,0.14019539510580595,0.14019582872959668,0.27354054592548316,0.15015257191419049,2,NOT_RUN_prespecified_scaling,1/10,shared_gate,0.38096774193548388,0.15015257191419049,28,0.11618392961333614,183,,0.21245007516668368,30,,5.1440329218107002e-05,0.61903225806451612,271,,,9/10,0,0.25039062499999998,0.65161290322580645,1919/3100,14,28,0.38096774193548388,0.067704630593132156
55037/62000,True,0.022953860975501447,1017,0,0.022953860975501447,0.059494006168989297,0.033279288948114563,0,NOT_RUN_prespecified_scaling,0,shared_gate,0.11230645161290323,0.033279288948114563,28,0.040454136910898761,50,,0.077461418820635189,5,,5.1440329218107002e-05,0.8876935483870968,271,,,97/100,1,0.059494006168989297,0.8876935483870968,55037/62000,14,28,0.059494006168989297,0.027126836043184183
55037/62000,True,0.02249480491564031,1017,0,0.02249480491564031,0.073854850123142884,0.038199335090452494,1,NOT_RUN_prespecified_scaling,1/50,shared_gate,0.12118338709677419,0.038199335090452494,28,0.043502245973623586,55,,0.077461418820635189,5,,5.1440329218107002e-05,0.87881661290322577,271,,,97/100,1,0.0688990661072994,0.8876935483870968,5448663/6200000,14,28,0.095953370610489863,0.030673776353563997
55037/62000,True,0.020658580676195779,1017,0,0.020658580676195779,0.1307550893532537,0.057373223798192943,2,NOT_RUN_prespecified_scaling,1/10,shared_gate,0.15669112903225807,0.057373223798192943,28,0.034251876475490835,40,,0.090287796043485732,7,,5.1440329218107002e-05,0.84330887096774199,271,,,97/100,1,0.10651930586053983,0.8876935483870968,1045703/1240000,14,28,0.15669112903225807,0.043285537923387095
243243/248000,True,0.0044329361657569934,61,0,0.0044329361657569934,0.0096835985449156524,0.0052570937432159836,0,NOT_RUN_prespecified_scaling,0,shared_gate,0.019181451612903227,0.0052570937432159836,28,0.012421428046506198,8,,0.037840039280150145,0,,5.1440329218107002e-05,0.98081854838709681,271,,,199/200,2,0.0096835985449156524,0.98081854838709681,243243/248000,14,28,0.0096835985449156524,0.0050840780721579087
243243/248000,True,0.0043442777404650778,61,0,0.0043442777404650778,0.024560928377633077,0.010416297979167544,1,NOT_RUN_prespecified_scaling,1/50,shared_gate,0.028989637096774195,0.010416297979167544,28,0.010791750482042133,6,,0.04765719639040164,1,,5.1440329218107002e-05,0.97101036290322584,271,,,199/200,2,0.019586762559466495,0.98081854838709681,24081057/24800000,14,28,0.028989637096774195,0.0099244989681175205
243243/248000,True,0.0039896440392974131,61,0,0.0039896440392974131,0.068222379032258071,0.030552743320236456,2,NOT_RUN_prespecified_scaling,1/10,shared_gate,0.068222379032258071,0.030552743320236456,28,0.016227692601344039,13,,0.037840039280150145,0,,5.1440329218107002e-05,0.93177762096774197,271,,,199/200,2,0.05919941861766987,0.98081854838709681,4621617/4960000,14,28,0.068222379032258071,0.027362172502235629
4/5,True,1.8999999999999972e-07,17,0,1.8999999999999972e-07,0.1111111111111111,0.018578590386316721,0,RUN,0,linear,0.20000000000000001,0.018578590386316721,8,0.004810214036859487,0,False,0.037840039280150145,0,False,5.1440329218107002e-05,0.80000000000000004,271,1.1102230246251565e-16,1.8999999999999972e-07,9/10,0,0.1111111111111111,0.80000000000000004,4/5,15,8,0.1111111111111111,0.012115384615384615
4/5,True,0.00023456119999999998,17,0,0.00023456119999999998,0.12491071428571429,0.024391084311403036,1,RUN,1/50,linear,0.20799999999999999,0.024391084311403036,8,0.004810214036859487,0,False,0.037840039280150145,0,False,5.1440329218107002e-05,0.79200000000000004,271,1.1102230246251565e-16,0.00023456119999999998,9/10,0,0.12,0.80000000000000004,99/125,15,8,0.14866817155756207,0.015682153846153846
4/5,True,0.0011720460000000002,17,0,0.0011720460000000002,0.17954545454545454,0.04728795280086278,2,RUN,1/10,linear,0.23999999999999999,0.04728795280086278,8,0.0081351799559529689,3,False,0.04765719639040164,1,False,5.1440329218107002e-05,0.76000000000000001,271,1.1102230246251565e-16,0.0011720460000000002,9/10,0,0.15555555555555556,0.80000000000000004,19/25,15,8,0.23999999999999999,0.02866923076923077
47/50,True,6.5610000000000465e-13,17,0,6.5610000000000465e-13,0.030927835051546393,0.0044137817464014783,0,RUN,0,linear,0.059999999999999998,0.0044137817464014783,8,0.004810214036859487,0,False,0.037840039280150145,0,False,5.1440329218107002e-05,0.93999999999999995,271,3.3306690738754696e-16,6.5610000000000465e-13,97/100,1,0.030927835051546393,0.93999999999999995,47/50,15,8,0.030927835051546393,0.0039173076923076922
47/50,True,7.8125000642977996e-05,17,0,7.8125000642977996e-05,0.045587900134673155,0.010106415067165402,1,RUN,1/50,linear,0.069400000000000003,0.010106415067165402,8,0.0060747581777851924,1,False,0.037840039280150145,0,False,5.1440329218107002e-05,0.93059999999999998,271,3.3306690738754696e-16,7.8125000642977996e-05,97/100,1,0.040618556701030928,0.93999999999999995,4653/5000,15,8,0.066791583795666284,0.0088416784615384623
47/50,True,0.00039062500059049003,17,0,0.00039062500059049003,0.10369783412572636,0.032481534427964497,2,RUN,1/10,linear,0.107,0.032481534427964497,8,0.004810214036859487,0,False,0.037840039280150145,0,False,5.1440329218107002e-05,0.89300000000000002,271,3.3306690738754696e-16,0.00039062500059049003,97/100,1,0.079381443298969068,0.93999999999999995,893/1000,15,8,0.107,0.02677196153846154
99/100,True,3.9062500000000283e-19,17,0,3.9062500000000283e-19,0.0050251256281407036,0.00068284280252803797,0,RUN,0,linear,0.01,0.00068284280252803797,8,0.004810214036859487,0,False,0.037840039280150145,0,False,5.1440329218107002e-05,0.98999999999999999,271,1.1102230246251565e-16,3.9062500000000278e-19,199/200,2,0.0050251256281407036,0.98999999999999999,99/100,15,8,0.0050251256281407036,0.00066971153846153851
99/100,True,7.8125000000000381e-05,17,0,7.8125000000000381e-05,0.019900000000000001,0.0063429267608424659,1,RUN,1/50,linear,0.019900000000000001,0.0063429267608424659,8,0.004810214036859487,0,False,0.037840039280150145,0,False,5.1440329218107002e-05,0.98009999999999997,271,1.1102230246251565e-16,7.8125000000000381e-05,199/200,2,0.014974874371859296,0.98999999999999999,9801/10000,15,8,0.019900000000000001,0.0061318842307692308
99/100,True,0.00039062500000000035,17,0,0.00039062500000000035,0.059499999999999997,0.028576213692525963,2,RUN,1/10,linear,0.059499999999999997,0.028576213692525963,8,0.0060747581777851924,1,False,0.037840039280150145,0,False,5.1440329218107002e-05,0.9405,271,1.1102230246251565e-16,0.00039062500000000035,199/200,2,0.054773869346733665,0.98999999999999999,1881/2000,15,8,0.059499999999999997,0.026020374999999998
4/5,True,4.7986209999999855e-14,967,0,4.7986209999999855e-14,0.1111111111111111,0.0092819349962207105,0,RUN,0,linear,0.20000000000000001,0.0092819349962207105,20,0.004810214036859487,0,False,0.037840039280150145,0,False,5.1440329218107002e-05,0.80000000000000004,811,1.1102230246251565e-16,4.7986209999999849e-14,9/10,0,0.1111111111111111,0.80000000000000004,4/5,16,20,0.1111111111111111,0.0059960937499999997
4/5,True,8.4877014630421119e-06,967,0,8.4877014630421119e-06,0.12491071428571429,0.014679786122740393,1,RUN,1/50,linear,0.20799999999999999,0.014679786122740393,20,0.004810214036859487,0,False,0.037840039280150145,0,False,5.1440329218107002e-05,0.79200000000000004,811,1.1102230246251565e-16,8.4877014630421119e-06,9/10,0,0.12,0.80000000000000004,99/125,16,20,0.14866817155756207,0.0093452881944444451
4/5,True,4.2438507123265713e-05,967,0,4.2438507123265713e-05,0.17954545454545454,0.035826114172980185,2,RUN,1/10,linear,0.23999999999999999,0.035826114172980185,20,0.004810214036859487,0,False,0.037840039280150145,0,False,5.1440329218107002e-05,0.76000000000000001,811,1.1102230246251565e-16,4.2438507123265713e-05,9/10,0,0.15555555555555556,0.80000000000000004,19/25,16,20,0.23999999999999999,0.021462065972222222
47/50,True,1.172838046349719e-27,77,0,1.172838046349719e-27,0.030927835051546393,0.0021893305150944265,0,RUN,0,linear,0.059999999999999998,0.0021893305150944265,20,0.004810214036859487,0,False,0.037840039280150145,0,False,5.1440329218107002e-05,0.93999999999999995,811,1.1102230246251565e-16,1.1728380463497188e-27,97/100,1,0.030927835051546393,0.93999999999999995,47/50,16,20,0.030927835051546393,0.0019387369791666667
47/50,True,2.09808349609375e-07,77,0,2.09808349609375e-07,0.045587900134673155,0.0075210588017597382,1,RUN,1/50,linear,0.069400000000000003,0.0075210588017597382,20,0.004810214036859487,0,False,0.037840039280150145,0,False,5.1440329218107002e-05,0.93059999999999998,811,1.1102230246251565e-16,2.09808349609375e-07,97/100,1,0.040618556701030928,0.93999999999999995,4653/5000,16,20,0.066791583795666284,0.0065627185590277776
47/50,True,1.0490417480468751e-06,77,0,1.0490417480468751e-06,0.10369783412572636,0.028378575740739823,2,RUN,1/10,linear,0.107,0.028378575740739823,20,0.004810214036859487,0,False,0.037840039280150145,0,False,5.1440329218107002e-05,0.89300000000000002,811,1.1102230246251565e-16,1.0490417480468751e-06,97/100,1,0.079381443298969068,0.93999999999999995,893/1000,16,20,0.107,0.023291444878472223
99/100,True,9.5367431640626705e-47,41,0,9.5367431640626705e-47,0.0050251256281407036,0.0003380662029943868,0,RUN,0,linear,0.01,0.0003380662029943868,20,0.004810214036859487,0,False,0.037840039280150145,0,False,5.1440329218107002e-05,0.98999999999999999,811,1.1102230246251565e-16,9.5367431640626685e-47,199/200,2,0.0050251256281407036,0.98999999999999999,99/100,16,20,0.0050251256281407036,0.00033145073784722224
99/100,True,1.9073486328125e-08,41,0,1.9073486328125e-08,0.019900000000000001,0.0056522867893711026,1,RUN,1/50,linear,0.019900000000000001,0.0056522867893711026,20,0.004810214036859487,0,False,0.037840039280150145,0,False,5.1440329218107002e-05,0.98009999999999997,811,1.1102230246251565e-16,1.9073486328125e-08,199/200,2,0.014974874371859296,0.98999999999999999,9801/10000,16,20,0.019900000000000001,0.0054604280425347221
99/100,True,9.5367431640625005e-08,41,0,9.5367431640625005e-08,0.059499999999999997,0.026433293076809448,2,RUN,1/10,linear,0.059499999999999997,0.026433293076809448,20,0.004810214036859487,0,False,0.037840039280150145,0,False,5.1440329218107002e-05,0.9405,811,1.1102230246251565e-16,9.5367431640625005e-08,199/200,2,0.054773869346733665,0.98999999999999999,1881/2000,16,20,0.059499999999999997,0.024016137261284723
13624/21375,False,2.5818130291272611e-19,5000,0.41010580441908756,0.41010580441908756,0.22146347038486813,0.019236094888735417,0,NOT_RUN_prespecified_scaling,0,sparse_polynomial,0.36261988304093568,0.019236094888735417,40,0.004810214036859487,0,,0.037840039280150145,0,,5.1440329218107002e-05,0.63738011695906438,811,,,9/10,0,0.22146347038486813,0.63738011695906438,13624/21375,17,64,0.22146347038486813,0.0079680024622960904
13624/21375,False,3.6379813372684816e-13,5000,0.42136669339662375,0.42136669339698757,0.2339744529693002,0.024253038051305277,1,NOT_RUN_prespecified_scaling,1/50,sparse_polynomial,0.36899368421052631,0.024253038051305277,40,0.004810214036859487,0,,0.037840039280150145,0,,5.1440329218107002e-05,0.63100631578947364,811,,,9/10,0,0.22924883568101945,0.63738011695906438,37466/59375,17,64,0.26146006157641904,0.0098968355225060711
13624/21375,False,1.8189896359090291e-12,5000,0.46641024930676867,0.46641024930858765,0.28342376259550439,0.043812626319881517,2,NOT_RUN_prespecified_scaling,1/10,sparse_polynomial,0.39448888888888889,0.043812626319881517,40,0.004810214036859487,0,,0.037840039280150145,0,,5.1440329218107002e-05,0.60551111111111111,811,,,9/10,0,0.26039029686562476,0.63738011695906438,3406/5625,17,64,0.39448888888888889,0.016799660936356486
12536357/14250000,True,0,1903,0,0,0.063974470287243609,0.004649919788765681,0,NOT_RUN_prespecified_scaling,0,sparse_polynomial,0.12025564912280702,0.004649919788765681,40,0.004810214036859487,0,,0.037840039280150145,0,,5.1440329218107002e-05,0.87974435087719294,811,,,97/100,1,0.063974470287243609,0.87974435087719294,12536357/14250000,17,64,0.063974470287243609,0.0036156183272001642
12536357/14250000,True,0,1903,0,0,0.078287646860576862,0.009704164826122106,1,NOT_RUN_prespecified_scaling,1/50,sparse_polynomial,0.12905309263157894,0.009704164826122106,40,0.004810214036859487,0,,0.037840039280150145,0,,5.1440329218107002e-05,0.87094690736842106,811,,,97/100,1,0.07333472558437118,0.87974435087719294,413699781/475000000,17,64,0.10052802165108819,0.007433212946199419
12536357/14250000,True,0,1903,0,0,0.13499529730820964,0.029397371303369866,2,NOT_RUN_prespecified_scaling,1/10,sparse_polynomial,0.16424286666666665,0.029397371303369866,40,0.004810214036859487,0,,0.037840039280150145,0,,5.1440329218107002e-05,0.83575713333333335,811,,,97/100,1,0.11077574677288143,0.87974435087719294,12536357/15000000,17,64,0.16424286666666665,0.02115569117639577
37211097/38000000,True,0,41,0,0,0.010489183530988785,0.00072529844164518503,0,NOT_RUN_prespecified_scaling,0,sparse_polynomial,0.020760605263157896,0.00072529844164518503,40,0.004810214036859487,0,,0.037840039280150145,0,,5.1440329218107002e-05,0.97923939473684207,811,,,199/200,2,0.010489183530988785,0.97923939473684207,37211097/38000000,17,64,0.010489183530988785,0.00069600058610477366
37211097/38000000,True,0,41,0,0,0.025358356536782169,0.0057952570175592629,1,NOT_RUN_prespecified_scaling,1/50,sparse_polynomial,0.030552999210526316,0.0057952570175592629,40,0.004810214036859487,0,,0.037840039280150145,0,,5.1440329218107002e-05,0.96944700078947366,811,,,199/200,2,0.020384291695678895,0.97923939473684207,3683898603/3800000000,17,64,0.030552999210526316,0.0054782899395167282
37211097/38000000,True,0,41,0,0,0.069722574999999995,0.025548341126025484,2,NOT_RUN_prespecified_scaling,1/10,sparse_polynomial,0.069722574999999995,0.025548341126025484,40,0.004810214036859487,0,,0.037840039280150145,0,,5.1440329218107002e-05,0.93027742499999999,811,,,199/200,2,0.059964724354439343,0.97923939473684207,37211097/40000000,17,64,0.069722574999999995,0.022689627768755393
4/5,False,4.4508599999999854e-22,5000,1.0000009081000052e-09,1.0000009081004502e-09,0.1111111111111111,0.0065974191228337087,0,NOT_RUN_prespecified_scaling,0,linear,0.20000000000000001,0.0065974191228337087,28,0.004810214036859487,0,,0.037840039280150145,0,,5.1440329218107002e-05,0.80000000000000004,1619,,,9/10,0,0.1111111111111111,0.80000000000000004,4/5,18,28,0.1111111111111111,0.004250389841835598
4/5,False,7.6591968536377385e-08,5000,3.9407100778020068e-05,3.9483692746556443e-05,0.12491071428571429,0.01187381352767944,1,NOT_RUN_prespecified_scaling,1/50,linear,0.20799999999999999,0.01187381352767944,28,0.004810214036859487,0,,0.037840039280150145,0,,5.1440329218107002e-05,0.79200000000000004,1619,,,9/10,0,0.12,0.80000000000000004,99/125,18,28,0.14866817155756207,0.0075375148139897527
4/5,False,3.8295984268188523e-07,5000,0.00019703150388646792,0.00019741446372914981,0.17954545454545454,0.032505559784474398,2,NOT_RUN_prespecified_scaling,1/10,linear,0.23999999999999999,0.032505559784474398,28,0.004810214036859487,0,,0.037840039280150145,0,,5.1440329218107002e-05,0.76000000000000001,1619,,,9/10,0,0.15555555555555556,0.80000000000000004,19/25,18,28,0.23999999999999999,0.019406014702606372
47/50,True,7.3200897837916922e-38,397,0,7.3200897837916922e-38,0.030927835051546393,0.0015529182337148486,0,NOT_RUN_prespecified_scaling,0,linear,0.059999999999999998,0.0015529182337148486,28,0.004810214036859487,0,,0.037840039280150145,0,,5.1440329218107002e-05,0.93999999999999995,1619,,,97/100,1,0.030927835051546393,0.93999999999999995,47/50,18,28,0.030927835051546393,0.0013742927155268433
47/50,True,5.1409006118774418e-09,397,0,5.1409006118774418e-09,0.045587900134673155,0.0067810338222226586,1,NOT_RUN_prespecified_scaling,1/50,linear,0.069400000000000003,0.0067810338222226586,28,0.004810214036859487,0,,0.037840039280150145,0,,5.1440329218107002e-05,0.93059999999999998,1619,,,97/100,1,0.040618556701030928,0.93999999999999995,4653/5000,18,28,0.066791583795666284,0.0059125796302071732
47/50,True,2.5704503059387208e-08,397,0,2.5704503059387208e-08,0.10369783412572636,0.027201701190455858,2,NOT_RUN_prespecified_scaling,1/10,linear,0.107,0.027201701190455858,28,0.004810214036859487,0,,0.037840039280150145,0,,5.1440329218107002e-05,0.89300000000000002,1619,,,97/100,1,0.079381443298969068,0.93999999999999995,893/1000,18,28,0.107,0.022298527288928491
99/100,True,3.7252902984620078e-65,57,0,3.7252902984620078e-65,0.0050251256281407036,0.00023966513143429413,0,NOT_RUN_prespecified_scaling,0,linear,0.01,0.00023966513143429413,28,0.004810214036859487,0,,0.037840039280150145,0,,5.1440329218107002e-05,0.98999999999999999,1619,,,199/200,2,0.0050251256281407036,0.98999999999999999,99/100,18,28,0.0050251256281407036,0.00023495210514591224
99/100,True,7.4505805969238283e-11,57,0,7.4505805969238283e-11,0.019900000000000001,0.0054550858089173048,1,NOT_RUN_prespecified_scaling,1/50,linear,0.019900000000000001,0.0054550858089173048,28,0.004810214036859487,0,,0.037840039280150145,0,,5.1440329218107002e-05,0.98009999999999997,1619,,,199/200,2,0.014974874371859296,0.98999999999999999,9801/10000,18,28,0.019900000000000001,0.0052688758320338603
99/100,True,3.7252902984619143e-10,57,0,3.7252902984619143e-10,0.059499999999999997,0.025820228893843358,2,NOT_RUN_prespecified_scaling,1/10,linear,0.059499999999999997,0.025820228893843358,28,0.004810214036859487,0,,0.037840039280150145,0,,5.1440329218107002e-05,0.9405,1619,,,199/200,2,0.054773869346733665,0.98999999999999999,1881/2000,18,28,0.059499999999999997,0.023444370739585652
1948/3125,True,6.9755829633899918e-08,3909,0,6.9755829633899918e-08,0.23201261580918589,0.038340715001102317,0,RUN,0,sparse_polynomial,0.37663999999999997,0.038340715001102317,20,0.004810214036859487,0,False,0.037840039280150145,0,False,5.1440329218107002e-05,0.62336000000000003,811,5.5511151231257827e-17,6.9755829633899904e-08,9/10,0,0.23201261580918589,0.62336000000000003,1948/3125,19,40,0.23201261580918589,0.0154923336
1948/3125,True,1.7086805372599718e-06,3909,0,1.7086805372599718e-06,0.2443940857065966,0.043309179297852635,1,RUN,1/50,sparse_polynomial,0.38287359999999998,0.043309179297852635,20,0.004810214036859487,0,False,0.037840039280150145,0,False,5.1440329218107002e-05,0.61712639999999996,811,5.5511151231257827e-17,1.7086805372599718e-06,9/10,0,0.23969248965109402,0.62336000000000003,48213/78125,19,40,0.27224903927453709,0.017240767607039999
1948/3125,True,8.2643793677642594e-06,3909,0,8.2643793677642594e-06,0.29332341828121233,0.062695253073011561,2,RUN,1/10,sparse_polynomial,0.407808,0.062695253073011561,20,0.004810214036859487,0,False,0.037840039280150145,0,False,5.1440329218107002e-05,0.59219200000000005,811,5.5511151231257827e-17,8.2643793677642594e-06,9/10,0,0.2704119850187266,0.62336000000000003,9253/15625,19,40,0.407808,0.023457348255999998
21863413/25000000,True,0,167,0,0,0.066930400481074653,0.0092634006491542562,0,RUN,0,sparse_polynomial,0.12546347999999999,0.0092634006491542562,20,0.004810214036859487,0,False,0.037840039280150145,0,False,5.1440329218107002e-05,0.87453652000000004,811,1.1102230246251565e-16,0,97/100,1,0.066930400481074653,0.87453652000000004,21863413/25000000,19,40,0.066930400481074653,0.0071510224462524004
21863413/25000000,True,0,167,0,0,0.081212019848085515,0.014345537752304117,1,RUN,1/50,sparse_polynomial,0.13420884520000001,0.014345537752304117,20,0.004810214036859487,0,False,0.037840039280150145,0,False,5.1440329218107002e-05,0.86579115480000002,811,1.1102230246251565e-16,0,97/100,1,0.076261096476263904,0.87453652000000004,2164477887/2500000000,19,40,0.10354620445491799,0.010909841208914533
21863413/25000000,True,0,167,0,0,0.13779218901164503,0.034163770127187743,2,RUN,1/10,sparse_polynomial,0.16919030600000001,0.034163770127187743,20,0.004810214036859487,0,False,0.037840039280150145,0,False,5.1440329218107002e-05,0.83080969400000004,811,1.1102230246251565e-16,0,97/100,1,0.11358388045702092,0.87453652000000004,415404847/500000000,19,40,0.16919030600000001,0.024415488009935645
195661719/200000000,True,0,7,0,0,0.010964621523064252,0.0014425968680040196,0,RUN,0,sparse_polynomial,0.021691405,0.0014425968680040196,20,0.004810214036859487,0,False,0.037840039280150145,0,False,5.1440329218107002e-05,0.978308595,811,0,0,199/200,2,0.010964621523064252,0.978308595,195661719/200000000,19,40,0.010964621523064252,0.0013826863876489938
195661719/200000000,True,0,7,0,0,0.025828977525182047,0.0065650766742504441,1,RUN,1/50,sparse_polynomial,0.031474490950000003,0.0065650766742504441,20,0.004810214036859487,0,False,0.037840039280150145,0,False,5.1440329218107002e-05,0.96852550905000001,811,0,0,199/200,2,0.020854975307833611,0.978308595,19370510181/20000000000,19,40,0.031474490950000003,0.0061990124244452969
195661719/200000000,True,0,7,0,0,0.07060683475,0.02654069948831439,2,RUN,1/10,sparse_polynomial,0.07060683475,0.02654069948831439,20,0.004810214036859487,0,False,0.037840039280150145,0,False,5.1440329218107002e-05,0.92939316525000004,811,0,0,199/200,2,0.060416390446911036,0.978308595,3717572661/4000000000,19,40,0.07060683475,0.023550141157528761
8194/12375,True,4.5399561209999882e-11,2309,0,4.5399561209999882e-11,0.20326705236034809,0.02795109973364171,0,RUN,0,sparse_polynomial,0.33785858585858586,0.02795109973364171,20,0.004810214036859487,0,False,0.037840039280150145,0,False,5.1440329218107002e-05,0.66214141414141414,271,1.1102230246251565e-16,4.5399561209999914e-11,9/10,0,0.20326705236034809,0.66214141414141414,8194/12375,20,40,0.20326705236034809,0.012607015610651974
8194/12375,True,7.8205743102311082e-07,2309,0,7.8205743102311082e-07,0.21599884024354885,0.033008126225747891,1,RUN,1/50,sparse_polynomial,0.34448000000000001,0.033008126225747891,20,0.004810214036859487,0,False,0.037840039280150145,0,False,5.1440329218107002e-05,0.65551999999999999,271,1.1102230246251565e-16,7.8205743102311082e-07,9/10,0,0.21123438183674462,0.66214141414141414,4097/6250,20,40,0.24285267071023284,0.014667967538985818
8194/12375,True,3.9101055568707146e-06,2309,0,3.9101055568707146e-06,0.26633514060508051,0.052750548873346841,2,RUN,1/10,sparse_polynomial,0.37096565656565655,0.052750548873346841,20,0.004810214036859487,0,False,0.037840039280150145,0,False,5.1440329218107002e-05,0.62903434343434339,271,1.1102230246251565e-16,3.9101055568707146e-06,9/10,0,0.2431036997423307,0.66214141414141414,77843/123750,20,40,0.37096565656565655,0.022034912747678808
611141/687500,True,0,69,0,0,0.058799160045000888,0.006967625174286343,0,RUN,0,sparse_polynomial,0.11106763636363637,0.006967625174286343,20,0.004810214036859487,0,False,0.037840039280150145,0,False,5.1440329218107002e-05,0.88893236363636363,271,1.1102230246251565e-16,0,97/100,1,0.058799160045000888,0.88893236363636363,611141/687500,20,40,0.058799160045000888,0.0055444542977165596
611141/687500,True,0,69,0,0,0.073167378551078271,0.012080330797820071,1,RUN,1/50,sparse_polynomial,0.11995696,0.012080330797820071,20,0.004810214036859487,0,False,0.037840039280150145,0,False,5.1440329218107002e-05,0.88004304,271,1.1102230246251565e-16,0,97/100,1,0.068211168444550885,0.88893236363636363,5500269/6250000,20,40,0.095243936290850553,0.0094703279768239192
611141/687500,True,0,69,0,0,0.13009741586903611,0.032023663594689888,2,RUN,1/10,sparse_polynomial,0.15551425454545453,0.032023663594689888,20,0.004810214036859487,0,False,0.037840039280150145,0,False,5.1440329218107002e-05,0.84448574545454547,271,1.1102230246251565e-16,0,97/100,1,0.10585920204275084,0.88893236363636363,11611679/13750000,20,40,0.15551425454545453,0.023593421199013098
980881/1000000,True,0,17,0,0,0.0096517660576278946,0.0010958558467110912,0,RUN,0,sparse_polynomial,0.019119000000000001,0.0010958558467110912,20,0.004810214036859487,0,False,0.037840039280150145,0,False,5.1440329218107002e-05,0.980881,271,1.1102230246251565e-16,0,199/200,2,0.0096517660576278946,0.980881,980881/1000000,20,40,0.0096517660576278946,0.0010555097723390469
980881/1000000,True,0,17,0,0,0.024529418072708944,0.0062320961154372599,1,RUN,1/50,sparse_polynomial,0.028927810000000002,0.0062320961154372599,20,0.004810214036859487,0,False,0.037840039280150145,0,False,5.1440329218107002e-05,0.97107219,271,1.1102230246251565e-16,0,199/200,2,0.019555248397051615,0.980881,97107219/100000000,20,40,0.028927810000000002,0.0059136036082542099
980881/1000000,True,0,17,0,0,0.068163050000000003,0.026265139994566641,2,RUN,1/10,sparse_polynomial,0.068163050000000003,0.026265139994566641,20,0.004810214036859487,0,False,0.037840039280150145,0,False,5.1440329218107002e-05,0.93183695,271,1.1102230246251565e-16,0,199/200,2,0.059169177754746498,0.980881,18636739/20000000,20,40,0.068163050000000003,0.023421723879592859
1074/1675,False,3.088765709999985e-20,5000,0.19000008099999996,0.19000008099999996,0.21862495452891961,0.13115337552242043,0,NOT_RUN_prespecified_scaling,0,shared_gate,0.35880597014925375,0.13115337552242043,28,0.11454586868291788,180,,0.16782914739265051,21,,5.1440329218107002e-05,0.64119402985074625,1619,,,9/10,0,0.21862495452891961,0.64119402985074625,1074/1675,21,28,0.21862495452891961,0.06206050345288483
1074/1675,False,7.2345137596160646e-08,5000,0.20123916452976498,0.20123923687490258,0.2311705973866616,0.13533796217769753,1,NOT_RUN_prespecified_scaling,1/50,shared_gate,0.3652179104477612,0.13533796217769753,28,0.11782003191215208,186,,0.16782914739265051,21,,5.1440329218107002e-05,0.6347820895522388,1619,,,9/10,0,0.22643870498363042,0.64119402985074625,53163/83750,21,28,0.25855721025155654,0.063069962094007573
1074/1675,False,3.6172568798067968e-07,5000,0.24619549864882503,0.24619586037451302,0.28075909917263386,0.15156863642403945,2,NOT_RUN_prespecified_scaling,1/10,shared_gate,0.39086567164179103,0.15156863642403945,28,0.10522429587062478,163,,0.15229347974948734,18,,5.1440329218107002e-05,0.60913432835820891,1619,,,9/10,0,0.25769370680247361,0.64119402985074625,10203/16750,21,28,0.39086567164179103,0.066285537090666077
296147/335000,True,0.022699646626245306,2139,0,0.022699646626245306,0.0615593514664571,0.03352688295650056,0,NOT_RUN_prespecified_scaling,0,shared_gate,0.11597910447761194,0.03352688295650056,28,0.035505218394951875,42,,0.090287796043485732,7,,5.1440329218107002e-05,0.88402089552238805,1619,,,97/100,1,0.0615593514664571,0.88402089552238805,296147/335000,21,28,0.0615593514664571,0.027109934040989086
296147/335000,True,0.022245690648600162,2139,0,0.022245690648600162,0.075898247130907329,0.038456147816152433,1,NOT_RUN_prespecified_scaling,1/50,shared_gate,0.12481931343283582,0.038456147816152433,28,0.038609497074359733,47,,0.090287796043485732,7,,5.1440329218107002e-05,0.87518068656716419,1619,,,97/100,1,0.07094375795179253,0.88402089552238805,29318553/33500000,21,28,0.098062107093627754,0.030633183553389173
296147/335000,True,0.020429866738019577,2139,0,0.020429866738019577,0.13270980538084803,0.057669297512182853,2,NOT_RUN_prespecified_scaling,1/10,shared_gate,0.16018014925373134,0.057669297512182853,28,0.034251876475490835,40,,0.08397721581833846,6,,5.1440329218107002e-05,0.83981985074626864,1619,,,97/100,1,0.10848138389313425,0.88402089552238805,5626793/6700000,21,28,0.16018014925373134,0.043163195715549121
1313433/1340000,True,0.0043890457086702903,109,0,0.0043890457086702903,0.010012312351583778,0.0052921217618965262,0,NOT_RUN_prespecified_scaling,0,shared_gate,0.019826119402985076,0.0052921217618965262,28,0.013981169096920256,10,,0.037840039280150145,0,,5.1440329218107002e-05,0.98017388059701493,1619,,,199/200,2,0.010012312351583778,0.98017388059701493,1313433/1340000,21,28,0.010012312351583778,0.0051114076786310985
1313433/1340000,True,0.0043012650180143022,109,0,0.0043012650180143022,0.024886314622883175,0.010459440417598793,1,NOT_RUN_prespecified_scaling,1/50,shared_gate,0.029627858208955225,0.010459440417598793,28,0.013981169096920256,10,,0.04765719639040164,1,,5.1440329218107002e-05,0.97037214179104481,1619,,,199/200,2,0.01991218922806794,0.98017388059701493,130029867/134000000,21,28,0.029627858208955225,0.0099529423914519379
1313433/1340000,True,0.0039501422553903515,109,0,0.0039501422553903515,0.068834813432835817,0.030630111501476105,2,NOT_RUN_prespecified_scaling,1/10,shared_gate,0.068834813432835817,0.030630111501476105,28,0.016227692601344039,13,,0.063576388061292163,3,,5.1440329218107002e-05,0.93116518656716418,1619,,,199/200,2,0.059511696734004589,0.98017388059701493,24955227/26800000,21,28,0.068834813432835817,0.027397599570326076
2617/4125,False,3.0959622438804275e-12,5000,0.019810079573193091,0.019810079576289052,0.22367250074161971,0.029175745790071563,0,NOT_RUN_prespecified_scaling,0,sparse_polynomial,0.36557575757575755,0.029175745790071563,28,0.004810214036859487,0,,0.037840039280150145,0,,5.1440329218107002e-05,0.63442424242424245,271,,,9/10,0,0.22367250074161971,0.63442424242424245,2617/4125,22,56,0.22367250074161971,0.01209597520661157
2617/4125,False,6.336027550384257e-09,5000,0.027564207571572977,0.027564213907600527,0.23615645422829346,0.034132987059663084,1,NOT_RUN_prespecified_scaling,1/50,sparse_polynomial,0.37191999999999997,0.034132987059663084,28,0.004810214036859487,0,,0.037840039280150145,0,,5.1440329218107002e-05,0.62807999999999997,271,,,9/10,0,0.23143577573420351,0.63442424242424245,7851/12500,22,56,0.26371921794935577,0.013940774132598715
2617/4125,False,3.1667753902945764e-08,5000,0.058580719565092532,0.058580751232846437,0.2854972281675654,0.05345701714758825,2,NOT_RUN_prespecified_scaling,1/10,sparse_polynomial,0.3972969696969697,0.05345701714758825,28,0.004810214036859487,0,,0.037840039280150145,0,,5.1440329218107002e-05,0.6027030303030303,271,,,9/10,0,0.26248887570453872,0.63442424242424245,49723/82500,22,56,0.3972969696969697,0.020514981597796144
9662119/11000000,True,0,251,0,0,0.064750425646082091,0.0072051864100275385,0,NOT_RUN_prespecified_scaling,0,sparse_polynomial,0.12162554545454546,0.0072051864100275385,28,0.004810214036859487,0,,0.037840039280150145,0,,5.1440329218107002e-05,0.8783744545454546,271,,,97/100,1,0.064750425646082091,0.8783744545454546,9662119/11000000,22,56,0.064750425646082091,0.0055994467020654267
9662119/11000000,True,0,251,0,0,0.079055326606752338,0.012255578170447637,1,NOT_RUN_prespecified_scaling,1/50,sparse_polynomial,0.13040929000000001,0.012255578170447637,28,0.004810214036859487,0,,0.037840039280150145,0,,5.1440329218107002e-05,0.86959070999999999,271,,,97/100,1,0.074102921389621268,0.8783744545454546,86959071/100000000,22,56,0.10132031004848635,0.0093825092569535026
9662119/11000000,True,0,251,0,0,0.13572954476086233,0.031936685571420709,2,NOT_RUN_prespecified_scaling,1/10,sparse_polynomial,0.16554426818181819,0.031936685571420709,28,0.004810214036859487,0,,0.037840039280150145,0,,5.1440329218107002e-05,0.83445573181818178,271,,,97/100,1,0.11151290436377799,0.8783744545454546,183580261/220000000,22,56,0.16554426818181819,0.022971676111709759
7831827/8000000,True,0,13,0,0,0.010622463219185,0.0011297093774914042,0,NOT_RUN_prespecified_scaling,0,sparse_polynomial,0.021021624999999999,0.0011297093774914042,28,0.004810214036859487,0,,0.037840039280150145,0,,5.1440329218107002e-05,0.97897837499999996,271,,,199/200,2,0.010622463219185,0.97897837499999996,7831827/8000000,22,56,0.010622463219185,0.0010839364853405971
7831827/8000000,True,0,13,0,0,0.025490286099584369,0.0062134066296296499,1,NOT_RUN_prespecified_scaling,1/50,sparse_polynomial,0.030811408750000002,0.0062134066296296499,28,0.004810214036859487,0,,0.037840039280150145,0,,5.1440329218107002e-05,0.96918859125000001,271,,,199/200,2,0.020516238586993151,0.97897837499999996,775350873/800000000,22,56,0.030811408750000002,0.0058729084285292872
7831827/8000000,True,0,13,0,0,0.069970543750000003,0.026025068369125662,2,NOT_RUN_prespecified_scaling,1/10,sparse_polynomial,0.069970543750000003,0.026025068369125662,28,0.004810214036859487,0,,0.037840039280150145,0,,5.1440329218107002e-05,0.93002945625,271,,,199/200,2,0.060091340058225751,0.97897837499999996,148804713/160000000,22,56,0.069970543750000003,0.023111998883848767
276/425,True,0.071532000000000012,27,0,0.071532000000000012,0.21255349500713266,0.15157438384142138,0,RUN,0,shared_gate,0.35058823529411764,0.15157438384142138,8,0.094718267711606671,144,False,0.11407657748359903,11,False,5.1440329218107002e-05,0.64941176470588236,811,0,0.071531999999999984,9/10,0,0.21255349500713266,0.64941176470588236,276/425,23,8,0.21255349500713266,0.075344636678200697
276/425,True,0.071351360000000016,27,0,0.071351360000000016,0.225173006416132,0.15671053155461159,1,RUN,1/50,shared_gate,0.35708235294117646,0.15671053155461159,8,0.09304994368582746,141,False,0.15751727691811168,19,False,5.1440329218107002e-05,0.64291764705882348,811,0,0.071351359999999989,9/10,0,0.22042796005706133,0.64941176470588236,6831/10625,23,8,0.25234842114419925,0.076812553079584775
276/425,True,0.070628800000000019,27,0,0.070628800000000019,0.27505820721769497,0.17696935850113715,2,RUN,1/10,shared_gate,0.38305882352941178,0.17696935850113715,8,0.09693849352297404,148,False,0.14702009194685192,17,False,5.1440329218107002e-05,0.61694117647058822,811,0,0.070628799999999992,9/10,0,0.25192582025677601,0.64941176470588236,1311/2125,23,8,0.38305882352941178,0.081840747404844288
18847/21250,True,0.024989160147870015,15,0,0.024989160147870015,0.059929670548918873,0.038022854814453604,0,RUN,0,shared_gate,0.11308235294117647,0.038022854814453604,8,0.041066289421028579,51,False,0.077461418820635189,5,False,5.1440329218107002e-05,0.88691764705882348,811,1.1102230246251565e-16,0.024989160147870015,97/100,1,0.059929670548918873,0.88691764705882348,18847/21250,23,8,0.059929670548918873,0.031091849688581315
18847/21250,True,0.024645626944912614,15,0,0.024645626944912614,0.074285888254967042,0.043702167000160018,1,RUN,1/50,shared_gate,0.12195152941176471,0.043702167000160018,8,0.045316835989628469,58,False,0.10830610783584246,10,False,5.1440329218107002e-05,0.87804847058823532,811,1.1102230246251565e-16,0.024645626944912614,97/100,1,0.069330373843429688,0.88691764705882348,1865853/2125000,23,8,0.09639818425556175,0.035232769465134949
18847/21250,True,0.023271494133083014,15,0,0.023271494133083014,0.13116743477466916,0.066070088199957064,2,RUN,1/10,shared_gate,0.15742823529411765,0.066070088199957064,8,0.034251876475490835,40,False,0.077461418820635189,5,False,5.1440329218107002e-05,0.84257176470588235,811,1.1102230246251565e-16,0.023271494133083014,97/100,1,0.10693318702147293,0.88691764705882348,358093/425000,23,8,0.15742823529411765,0.050223202746020761
41679/42500,True,0.0048276032340474253,17,0,0.0048276032340474253,0.009753026289217025,0.0059620723465998683,0,RUN,0,shared_gate,0.01931764705882353,0.0059620723465998683,8,0.011616894879318216,7,False,0.04765719639040164,1,False,5.1440329218107002e-05,0.98068235294117645,811,1.1102230246251565e-16,0.0048276032340474253,199/200,2,0.009753026289217025,0.98068235294117645,41679/42500,23,8,0.009753026289217025,0.0057683420761245677
41679/42500,True,0.0048091761693664766,17,0,0.0048091761693664766,0.02462965339620337,0.011818967808897934,1,RUN,1/50,shared_gate,0.029124470588235293,0.011818967808897934,8,0.016957164847779246,14,False,0.055989882596446917,2,False,5.1440329218107002e-05,0.97087552941176469,811,1.1102230246251565e-16,0.0048091761693664766,199/200,2,0.019655496026324857,0.98068235294117645,4126221/4250000,23,8,0.029124470588235293,0.011273795331986159
41679/42500,True,0.0047354679106426829,17,0,0.0047354679106426829,0.068351764705882348,0.0348834843599653,2,RUN,1/10,shared_gate,0.068351764705882348,0.0348834843599653,8,0.015489266464607616,12,False,0.04765719639040164,1,False,5.1440329218107002e-05,0.93164823529411767,811,1.1102230246251565e-16,0.0047354679106426829,199/200,2,0.059265374974756174,0.98068235294117645,791901/850000,23,8,0.068351764705882348,0.031372132600692042
413/650,False,4.6036014446402767e-25,5000,0.35052005909737893,0.35052005909737893,0.22295390404515522,0.019893500349470607,0,NOT_RUN_prespecified_scaling,0,sparse_polynomial,0.36461538461538462,0.019893500349470607,40,0.004810214036859487,0,,0.037840039280150145,0,,5.1440329218107002e-05,0.63538461538461544,1619,,,9/10,0,0.22295390404515522,0.63538461538461544,413/650,24,64,0.22295390404515522,0.0081942899408284017
413/650,False,2.1827872842595392e-13,5000,0.36261305147011885,0.36261305147033712,0.23544665539679091,0.024914120777156202,1,NOT_RUN_prespecified_scaling,1/50,sparse_polynomial,0.37096923076923077,0.024914120777156202,40,0.004810214036859487,0,,0.037840039280150145,0,,5.1440329218107002e-05,0.62903076923076928,1619,,,9/10,0,0.23072436500470367,0.63538461538461544,40887/65000,24,64,0.26298430971344433,0.010109891097961867
413/650,False,1.0913936421279284e-12,5000,0.41098502096107853,0.41098502096216993,0.28482275627188564,0.044490267034829202,2,NOT_RUN_prespecified_scaling,1/10,sparse_polynomial,0.39638461538461539,0.044490267034829202,40,0.004810214036859487,0,,0.037840039280150145,0,,5.1440329218107002e-05,0.60361538461538466,1619,,,9/10,0,0.26180620884289746,0.63538461538461544,7847/13000,24,64,0.39638461538461539,0.016964868507560814
71393/81250,True,0,2695,0,0,0.064575512797835466,0.0048842865123031182,0,NOT_RUN_prespecified_scaling,0,sparse_polynomial,0.12131692307692307,0.0048842865123031182,40,0.004810214036859487,0,,0.037840039280150145,0,,5.1440329218107002e-05,0.8786830769230769,1619,,,97/100,1,0.064575512797835466,0.8786830769230769,71393/81250,24,64,0.064575512797835466,0.0037895886585157792
71393/81250,True,0,2695,0,0,0.078882279737511718,0.0099412819264028986,1,NOT_RUN_prespecified_scaling,1/50,sparse_polynomial,0.13010375384615386,0.0099412819264028986,40,0.004810214036859487,0,,0.037840039280150145,0,,5.1440329218107002e-05,0.8698962461538462,1619,,,97/100,1,0.073929757669857113,0.8786830769230769,7067907/8125000,24,64,0.1011417149249518,0.0075982985082928929
71393/81250,True,0,2695,0,0,0.13556403609364115,0.029646464432480146,2,NOT_RUN_prespecified_scaling,1/10,sparse_polynomial,0.16525107692307692,0.029646464432480146,40,0.004810214036859487,0,,0.037840039280150145,0,,5.1440329218107002e-05,0.83474892307692306,1619,,,97/100,1,0.1113467371579437,0.8786830769230769,1356467/1625000,24,64,0.16525107692307692,0.021288970008059335
10181919/10400000,True,0,87,0,0,0.010595756401528935,0.00076550364464043365,0,NOT_RUN_prespecified_scaling,0,sparse_polynomial,0.020969326923076924,0.00076550364464043365,40,0.004810214036859487,0,,0.037840039280150145,0,,5.1440329218107002e-05,0.97903067307692304,1619,,,199/200,2,0.010595756401528935,0.97903067307692304,10181919/10400000,24,64,0.010595756401528935,0.0007342981618417417
10181919/10400000,True,0,87,0,0,0.025463849836579483,0.0058390286150715566,1,NOT_RUN_prespecified_scaling,1/50,sparse_polynomial,0.030759633653846152,0.0058390286150715566,40,0.004810214036859487,0,,0.037840039280150145,0,,5.1440329218107002e-05,0.96924036634615385,1619,,,199/200,2,0.020489798837513645,0.97903067307692304,1008009981/1040000000,24,64,0.030759633653846152,0.0055175576564091269
10181919/10400000,True,0,87,0,0,0.06992086057692308,0.025607214686209735,2,NOT_RUN_prespecified_scaling,1/10,sparse_polynomial,0.06992086057692308,0.025607214686209735,40,0.004810214036859487,0,,0.037840039280150145,0,,5.1440329218107002e-05,0.93007913942307696,1619,,,199/200,2,0.060065968581452488,0.97903067307692304,193456461/208000000,24,64,0.06992086057692308,0.022733593517027761
15804/24625,False,3.9365494802999948e-10,5000,1.0899999999999984e-07,1.0939365494802984e-07,0.21818496623710704,0.031865855009602255,0,RUN,0,sparse_polynomial,0.35821319796954315,0.031865855009602255,20,0.004810214036859487,0,False,0.037840039280150145,0,False,5.1440329218107002e-05,0.6417868020304569,1619,1.1102230246251565e-16,3.9366026243999926e-10,9/10,0,0.21818496623710704,0.6417868020304569,15804/24625,25,40,0.21818496623710704,0.013557249916256538
15804/24625,False,3.6278202208344439e-07,5000,0.00019541932,0.00019578210202208344,0.23073597450867822,0.036906643648847985,1,RUN,1/50,sparse_polynomial,0.36463106598984774,0.036906643648847985,20,0.004810214036859487,0,False,0.037840039280150145,0,False,5.1440329218107002e-05,0.63536893401015226,1619,1.1102230246251565e-16,3.8185551361969124e-07,9/10,0,0.22600311657473596,0.6417868020304569,391149/615625,25,40,0.25810725704313342,0.015469921766023345
15804/24625,False,1.812335490625102e-06,5000,0.00097666060000000006,0.00097847293549062526,0.28034602460215746,0.056586939369091198,2,RUN,1/10,sparse_polynomial,0.39030253807106596,0.056586939369091198,20,0.004810214036859487,0,False,0.037840039280150145,0,False,5.1440329218107002e-05,0.60969746192893404,1619,1.1102230246251565e-16,1.907702927048696e-06,9/10,0,0.25727571792525167,0.6417868020304569,75069/123125,25,40,0.39030253807106596,0.022296828566569612
10844639/12312500,True,0,85,0,0,0.063386975394499293,0.0079477725261070959,0,RUN,0,sparse_polynomial,0.11921713705583756,0.0079477725261070959,20,0.004810214036859487,0,False,0.037840039280150145,0,False,5.1440329218107002e-05,0.88078286294416241,1619,1.1102230246251565e-16,0,97/100,1,0.063386975394499293,0.88078286294416241,10844639/12312500,25,40,0.063386975394499293,0.0062151069204475252
10844639/12312500,True,0,85,0,0,0.077706413656752737,0.013055163469906947,1,RUN,1/50,sparse_polynomial,0.12802496568527919,0.013055163469906947,20,0.004810214036859487,0,False,0.037840039280150145,0,False,5.1440329218107002e-05,0.87197503431472079,1619,1.1102230246251565e-16,0,97/100,1,0.072753105640554303,0.88078286294416241,1073619261/1231250000,25,40,0.09992816476602899,0.01005767357686912
10844639/12312500,True,0,85,0,0,0.13443936109390289,0.032977681326999853,2,RUN,1/10,sparse_polynomial,0.16325628020304569,0.032977681326999853,20,0.004810214036859487,0,False,0.037840039280150145,0,False,5.1440329218107002e-05,0.83674371979695428,1619,1.1102230246251565e-16,0,97/100,1,0.11021762662477433,0.88078286294416241,206048141/246250000,25,40,0.16325628020304569,0.023876383299243274
96469857/98500000,True,0,19,0,0,0.010412599317852503,0.0012506853682100682,0,RUN,0,sparse_polynomial,0.020610588832487311,0.0012506853682100682,20,0.004810214036859487,0,False,0.037840039280150145,0,False,5.1440329218107002e-05,0.97938941116751266,1619,1.1102230246251565e-16,0,199/200,2,0.010412599317852503,0.97938941116751266,96469857/98500000,25,40,0.010412599317852503,0.0012011642095527584
96469857/98500000,True,0,19,0,0,0.025282548043019062,0.0063866620373252796,1,RUN,1/50,sparse_polynomial,0.030404482944162436,0.0063866620373252796,20,0.004810214036859487,0,False,0.037840039280150145,0,False,5.1440329218107002e-05,0.96959551705583757,1619,1.1102230246251565e-16,0,199/200,2,0.020308473324673979,0.97938941116751266,9550515843/9850000000,25,40,0.030404482944162436,0.0060427930387418165
96469857/98500000,True,0,19,0,0,0.069580059390862939,0.026418844392429579,2,RUN,1/10,sparse_polynomial,0.069580059390862939,0.026418844392429579,20,0.004810214036859487,0,False,0.037840039280150145,0,False,5.1440329218107002e-05,0.93041994060913702,1619,1.1102230246251565e-16,0,199/200,2,0.059891969351959874,0.97938941116751266,1832927283/1970000000,25,40,0.069580059390862939,0.023490901118083954
4/5,False,1.3001228999999935e-21,5000,1.0000098099999978e-10,1.000009810012999e-10,0.1111111111111111,0.0065899379622400755,0,NOT_RUN_prespecified_scaling,0,linear,0.20000000000000001,0.0065899379622400755,28,0.004810214036859487,0,,0.037840039280150145,0,,5.1440329218107002e-05,0.80000000000000004,811,,,9/10,0,0.1111111111111111,0.80000000000000004,4/5,26,28,0.1111111111111111,0.0042455381287182263
4/5,False,9.6932053565980273e-08,5000,1.9912817727523879e-05,2.000974978108986e-05,0.12491071428571429,0.011865992813619204,1,NOT_RUN_prespecified_scaling,1/50,linear,0.20799999999999999,0.011865992813619204,28,0.004810214036859487,0,,0.037840039280150145,0,,5.1440329218107002e-05,0.79200000000000004,811,,,9/10,0,0.12,0.80000000000000004,99/125,26,28,0.14866817155756207,0.0075324905955170959
4/5,False,4.8466026782989616e-07,5000,9.9563688633695405e-05,0.00010004834890152529,0.17954545454545454,0.032496299327950305,2,NOT_RUN_prespecified_scaling,1/10,linear,0.23999999999999999,0.032496299327950305,28,0.004810214036859487,0,,0.037840039280150145,0,,5.1440329218107002e-05,0.76000000000000001,811,,,9/10,0,0.15555555555555556,0.80000000000000004,19/25,26,28,0.23999999999999999,0.019400300462712579
47/50,True,1.3554508002450796e-38,183,0,1.3554508002450796e-38,0.030927835051546393,0.001551148366195359,0,NOT_RUN_prespecified_scaling,0,linear,0.059999999999999998,0.001551148366195359,28,0.004810214036859487,0,,0.037840039280150145,0,,5.1440329218107002e-05,0.93999999999999995,811,,,97/100,1,0.030927835051546393,0.93999999999999995,47/50,26,28,0.030927835051546393,0.0013727239949522265
47/50,True,2.7567148208618164e-09,183,0,2.7567148208618164e-09,0.045587900134673155,0.0067789755846019116,1,NOT_RUN_prespecified_scaling,1/50,linear,0.069400000000000003,0.0067789755846019116,28,0.004810214036859487,0,,0.037840039280150145,0,,5.1440329218107002e-05,0.93059999999999998,811,,,97/100,1,0.040618556701030928,0.93999999999999995,4653/5000,26,28,0.066791583795666284,0.0059107727444264171
47/50,True,1.3783574104309083e-08,183,0,1.3783574104309083e-08,0.10369783412572636,0.027198426412319086,2,NOT_RUN_prespecified_scaling,1/10,linear,0.107,0.027198426412319086,28,0.004810214036859487,0,,0.037840039280150145,0,,5.1440329218107002e-05,0.89300000000000002,811,,,97/100,1,0.079381443298969068,0.93999999999999995,893/1000,26,28,0.107,0.022295767742323176
99/100,True,3.7252902984620078e-65,57,0,3.7252902984620078e-65,0.0050251256281407036,0.00023939162520454239,0,NOT_RUN_prespecified_scaling,0,linear,0.01,0.00023939162520454239,28,0.004810214036859487,0,,0.037840039280150145,0,,5.1440329218107002e-05,0.98999999999999999,811,,,199/200,2,0.0050251256281407036,0.98999999999999999,99/100,26,28,0.0050251256281407036,0.00023468391322636862
99/100,True,7.4505805969238283e-11,57,0,7.4505805969238283e-11,0.019900000000000001,0.0054545376329903162,1,NOT_RUN_prespecified_scaling,1/50,linear,0.019900000000000001,0.0054545376329903162,28,0.004810214036859487,0,,0.037840039280150145,0,,5.1440329218107002e-05,0.98009999999999997,811,,,199/200,2,0.014974874371859296,0.98999999999999999,9801/10000,26,28,0.019900000000000001,0.0052683434643350764
99/100,True,3.7252902984619143e-10,57,0,3.7252902984619143e-10,0.059499999999999997,0.025818523971405865,2,NOT_RUN_prespecified_scaling,1/10,linear,0.059499999999999997,0.025818523971405865,28,0.004810214036859487,0,,0.037840039280150145,0,,5.1440329218107002e-05,0.9405,811,,,199/200,2,0.054773869346733665,0.98999999999999999,1881/2000,26,28,0.059499999999999997,0.023442781668769907
792/1225,True,0.078900649056000083,229,0,0.078900649056000083,0.21467526028755576,0.14236932533078203,0,RUN,0,shared_gate,0.35346938775510206,0.14236932533078203,12,0.10852215715218885,169,False,0.21245007516668368,30,False,5.1440329218107002e-05,0.64653061224489794,811,1.1102230246251565e-16,0.078900649056,9/10,0,0.21467526028755576,0.64653061224489794,792/1225,27,12,0.21467526028755576,0.069389587671803421
792/1225,True,0.077869511074880077,229,0,0.077869511074880077,0.22726899874569453,0.14708114409615211,1,RUN,1/50,shared_gate,0.359934693877551,0.14708114409615211,12,0.10577456338148343,164,False,0.17797825355145175,23,False,5.1440329218107002e-05,0.64006530612244894,811,1.1102230246251565e-16,0.077869511074879993,9/10,0,0.22252850768468022,0.64653061224489794,19602/30625,27,12,0.25451813481945801,0.070647672536443148
792/1225,True,0.07374495915040008,229,0,0.07374495915040008,0.27705067260038435,0.16555088300577867,2,RUN,1/10,shared_gate,0.38579591836734695,0.16555088300577867,12,0.091936181581801474,139,False,0.15751727691811168,19,False,5.1440329218107002e-05,0.61420408163265305,811,1.1102230246251565e-16,0.073744959150399997,9/10,0,0.253941497273178,0.64653061224489794,3762/6125,27,12,0.38579591836734695,0.074844008329862557
108523/122500,True,0.024797976902253299,61,0,0.024797976902253299,0.060500469650207986,0.035962271058576308,0,RUN,0,shared_gate,0.11409795918367346,0.035962271058576308,12,0.032991175856467748,38,False,0.04765719639040164,1,False,5.1440329218107002e-05,0.88590204081632651,811,1.1102230246251565e-16,0.024797976902253299,97/100,1,0.060500469650207986,0.88590204081632651,108523/122500,27,12,0.060500469650207986,0.029276859158683881
108523/122500,True,0.024341079864208231,61,0,0.024341079864208231,0.074850623279507325,0.041297526646979402,1,RUN,1/50,shared_gate,0.12295697959183674,0.041297526646979402,12,0.041066289421028579,51,False,0.10830610783584246,10,False,5.1440329218107002e-05,0.87704302040816329,811,1.1102230246251565e-16,0.024341079864208231,97/100,1,0.06989546495370591,0.88590204081632651,10743777/12250000,27,12,0.096980973526620801,0.033134619501014574
108523/122500,True,0.022513491712027968,61,0,0.022513491712027968,0.13170766790405097,0.062221798715473994,2,RUN,1/10,shared_gate,0.15839306122448979,0.062221798715473994,12,0.036751696733135088,44,False,0.077461418820635189,5,False,5.1440329218107002e-05,0.84160693877551018,811,1.1102230246251565e-16,0.022513491712027968,97/100,1,0.10747544616769759,0.88590204081632651,2061937/2450000,27,12,0.15839306122448979,0.046996016018492293
480447/490000,True,0.0047317728990672195,25,0,0.0047317728990672195,0.0098439172876004562,0.0056538073724373252,0,RUN,0,shared_gate,0.019495918367346939,0.0056538073724373252,12,0.013208681243785783,9,False,0.037840039280150145,0,False,5.1440329218107002e-05,0.98050408163265301,811,3.3306690738754696e-16,0.0047317728990672187,199/200,2,0.0098439172876004562,0.98050408163265301,480447/490000,27,12,0.0098439172876004562,0.0054664100281132865
480447/490000,True,0.0046420202535858747,25,0,0.0046420202535858747,0.024719624352088139,0.011192468952588346,1,RUN,1/50,shared_gate,0.02930095918367347,0.011192468952588346,12,0.012421428046506198,8,False,0.055989882596446917,2,False,5.1440329218107002e-05,0.97069904081632652,811,3.3306690738754696e-16,0.0046420202535858738,199/200,2,0.019745478114724452,0.98050408163265301,47564253/49000000,27,12,0.02930095918367347,0.010665551911116618
480447/490000,True,0.004283009671660498,25,0,0.004283009671660498,0.068521122448979593,0.032924206812766636,2,RUN,1/10,shared_gate,0.068521122448979593,0.032924206812766636,12,0.012421428046506198,8,False,0.037840039280150145,0,False,5.1440329218107002e-05,0.93147887755102043,811,3.3306690738754696e-16,0.0042830096716604971,199/200,2,0.059351721423220434,0.98050408163265301,9128493/9800000,27,12,0.068521122448979593,0.02953934293493336
11824/18625,False,0,5000,0.27100019755899996,0.27100019755899996,0.22335708890275544,0.02610401838610631,0,NOT_RUN_prespecified_scaling,0,sparse_polynomial,0.36515436241610738,0.02610401838610631,28,0.004810214036859487,0,,0.037840039280150145,0,,5.1440329218107002e-05,0.63484563758389256,811,,,9/10,0,0.22335708890275544,0.63484563758389256,11824/18625,28,56,0.22335708890275544,0.010802669068960857
11824/18625,False,0,5000,0.28311437329531991,0.28311437329531991,0.23584490464465777,0.031089395112764498,1,NOT_RUN_prespecified_scaling,1/50,sparse_polynomial,0.3715028187919463,0.031089395112764498,28,0.004810214036859487,0,,0.037840039280150145,0,,5.1440329218107002e-05,0.62849718120805365,811,,,9/10,0,0.23112351801372788,0.63484563758389256,292644/465625,28,56,0.26339664586661576,0.012674628284924102
11824/18625,False,0,5000,0.3315710762406,0.3315710762406,0.28520118695952146,0.05052704039595609,2,NOT_RUN_prespecified_scaling,1/10,sparse_polynomial,0.39689664429530203,0.05052704039595609,28,0.004810214036859487,0,,0.037840039280150145,0,,5.1440329218107002e-05,0.60310335570469797,811,,,9/10,0,0.26218923445761766,0.63484563758389256,56164/93125,28,56,0.39689664429530203,0.019356407181658482
32730941/37250000,True,0,853,0,0,0.064575567796380448,0.0064358477596572128,0,NOT_RUN_prespecified_scaling,0,sparse_polynomial,0.12131702013422818,0.0064358477596572128,28,0.004810214036859487,0,,0.037840039280150145,0,,5.1440329218107002e-05,0.87868297986577182,811,,,97/100,1,0.064575567796380448,0.87868297986577182,32730941/37250000,28,56,0.064575567796380448,0.0050012006258692851
32730941/37250000,True,0,853,0,0,0.078882334149377259,0.01149231069636506,1,NOT_RUN_prespecified_scaling,1/50,sparse_polynomial,0.1301038499328859,0.01149231069636506,28,0.004810214036859487,0,,0.037840039280150145,0,,5.1440329218107002e-05,0.86989615006711407,811,,,97/100,1,0.073929812118416635,0.87868297986577182,3240363159/3725000000,28,56,0.10114177108127943,0.008797557708872179
32730941/37250000,True,0,853,0,0,0.13556408813542489,0.031197764729231116,2,NOT_RUN_prespecified_scaling,1/10,sparse_polynomial,0.16525116912751678,0.031197764729231116,28,0.004810214036859487,0,,0.037840039280150145,0,,5.1440329218107002e-05,0.83474883087248319,811,,,97/100,1,0.11134678940656142,0.87868297986577182,621887879/745000000,28,56,0.16525116912751678,0.022438818482672165
291754683/298000000,True,0,25,0,0,0.010589686152606609,0.001009541909762876,0,NOT_RUN_prespecified_scaling,0,sparse_polynomial,0.020957439597315435,0.001009541909762876,28,0.004810214036859487,0,,0.037840039280150145,0,,5.1440329218107002e-05,0.97904256040268456,811,,,199/200,2,0.010589686152606609,0.97904256040268456,291754683/298000000,28,56,0.010589686152606609,0.00096864837892504565
291754683/298000000,True,0,25,0,0,0.025457841081604909,0.0060930606275388923,1,NOT_RUN_prespecified_scaling,1/50,sparse_polynomial,0.030747865201342282,0.0060930606275388923,28,0.004810214036859487,0,,0.037840039280150145,0,,5.1440329218107002e-05,0.96925213479865768,811,,,199/200,2,0.020483789291080544,0.97904256040268456,28883713617/29800000000,28,56,0.030747865201342282,0.0057592152311396775
291754683/298000000,True,0,25,0,0,0.069909567617449667,0.025903774948621353,2,NOT_RUN_prespecified_scaling,1/10,sparse_polynomial,0.069909567617449667,0.025903774948621353,28,0.004810214036859487,0,,0.037840039280150145,0,,5.1440329218107002e-05,0.93009043238255029,811,,,199/200,2,0.060060201844976277,0.97904256040268456,5543338977/5960000000,28,56,0.069909567617449667,0.02300443396983852
586/875,True,1.2612509999999978e-09,567,0,1.2612509999999978e-09,0.19780971937029432,0.033095394040558994,0,RUN,0,sparse_polynomial,0.33028571428571429,0.033095394040558994,16,0.004810214036859487,0,False,0.037840039280150145,0,False,5.1440329218107002e-05,0.66971428571428571,811,1.1102230246251565e-16,1.2612509999999976e-09,9/10,0,0.19780971937029432,0.66971428571428571,586/875,29,32,0.19780971937029432,0.01535193253499747
586/875,True,6.71510321348e-06,567,0,6.71510321348e-06,0.21060708935222727,0.03817783389527702,1,RUN,1/50,sparse_polynomial,0.33698285714285714,0.03817783389527702,16,0.004810214036859487,0,False,0.037840039280150145,0,False,5.1440329218107002e-05,0.66301714285714286,811,1.1102230246251565e-16,6.71510321348e-06,9/10,0,0.20583162217659137,0.66971428571428571,29007/43750,29,32,0.23727275256670655,0.017448818198279644
586/875,True,3.3570471063400003e-05,567,0,3.3570471063400003e-05,0.26120695676468536,0.058035397790379258,2,RUN,1/10,sparse_polynomial,0.36377142857142858,0.058035397790379258,16,0.004810214036859487,0,False,0.037840039280150145,0,False,5.1440329218107002e-05,0.63622857142857148,811,1.1102230246251565e-16,3.3570471063400003e-05,9/10,0,0.23791923340177959,0.66971428571428571,5567/8750,29,32,0.36377142857142858,0.024939326402428741
8581777/9625000,True,0,45,0,0,0.057298609193708473,0.0084468586003803615,0,RUN,0,sparse_polynomial,0.10838680519480519,0.0084468586003803615,16,0.004810214036859487,0,False,0.037840039280150145,0,False,5.1440329218107002e-05,0.89161319480519485,811,1.1102230246251565e-16,0,97/100,1,0.057298609193708473,0.89161319480519485,8581777/9625000,29,32,0.057298609193708473,0.0067722378576137625
8581777/9625000,True,0,45,0,0,0.071682736996037041,0.013594706347781808,1,RUN,1/50,sparse_polynomial,0.11730293714285714,0.013594706347781808,16,0.004810214036859487,0,False,0.037840039280150145,0,False,5.1440329218107002e-05,0.88269706285714289,811,1.1102230246251565e-16,0,97/100,1,0.066725623101771395,0.89161319480519485,77235993/87500000,29,32,0.093711898666040586,0.010738356051282169
8581777/9625000,True,0,45,0,0,0.12867706113969604,0.033688425067484699,2,RUN,1/10,sparse_polynomial,0.15296746493506494,0.033688425067484699,16,0.004810214036859487,0,False,0.037840039280150145,0,False,5.1440329218107002e-05,0.84703253506493503,811,1.1102230246251565e-16,0,97/100,1,0.10443367873402305,0.89161319480519485,163053763/192500000,29,32,0.15296746493506494,0.025012880647654338
3434733/3500000,True,0,11,0,0,0.0094116096466871912,0.0013397904502127818,0,RUN,0,sparse_polynomial,0.018647714285714285,0.0013397904502127818,16,0.004810214036859487,0,False,0.037840039280150145,0,False,5.1440329218107002e-05,0.98135228571428568,811,2.2204460492503131e-16,0,199/200,2,0.0094116096466871912,0.98135228571428568,3434733/3500000,29,32,0.0094116096466871912,0.001292019321368612
3434733/3500000,True,0,11,0,0,0.024291692003354359,0.0065166432048295473,1,RUN,1/50,sparse_polynomial,0.028461237142857143,0.0065166432048295473,16,0.004810214036859487,0,False,0.037840039280150145,0,False,5.1440329218107002e-05,0.97153876285714291,811,2.2204460492503131e-16,0,199/200,2,0.019317493550220319,0.98135228571428568,340038567/350000000,29,32,0.028461237142857143,0.0061913251614389613
3434733/3500000,True,0,11,0,0,0.067715328571428576,0.026721148454947094,2,RUN,1/10,sparse_polynomial,0.067715328571428576,0.026721148454947094,16,0.004810214036859487,0,False,0.037840039280150145,0,False,5.1440329218107002e-05,0.93228467142857141,811,2.2204460492503131e-16,0,199/200,2,0.058941029164352829,0.98135228571428568,65259927/70000000,29,32,0.067715328571428576,0.023862443904367054
4144/6375,True,5.261265899999992e-09,215,0,5.261265899999992e-09,0.21209240422093356,0.0442588874945102,0,RUN,0,sparse_polynomial,0.34996078431372551,0.0442588874945102,16,0.004810214036859487,0,False,0.037840039280150145,0,False,5.1440329218107002e-05,0.65003921568627454,271,1.1102230246251565e-16,5.261265899999992e-09,9/10,0,0.21209240422093356,0.65003921568627454,4144/6375,30,32,0.21209240422093356,0.019567680123029604
4144/6375,True,9.2068338433199997e-07,215,0,9.2068338433199997e-07,0.22471751056543698,0.049241337366070247,1,RUN,1/50,sparse_polynomial,0.35646117647058823,0.049241337366070247,16,0.004810214036859487,0,False,0.037840039280150145,0,False,5.1440329218107002e-05,0.64353882352941172,271,1.1102230246251565e-16,9.2068338433199997e-07,9/10,0,0.21997148017872423,0.65003921568627454,34188/53125,30,32,0.25187691665555562,0.021449098962211116
4144/6375,True,4.582371858060001e-06,215,0,4.582371858060001e-06,0.27462518667933822,0.068695759325492836,2,RUN,1/10,sparse_polynomial,0.38246274509803924,0.068695759325492836,16,0.004810214036859487,0,False,0.037840039280150145,0,False,5.1440329218107002e-05,0.61753725490196076,271,1.1102230246251565e-16,4.582371858060001e-06,9/10,0,0.25148778400988686,0.65003921568627454,19684/31875,30,32,0.38246274509803924,0.028129672355077108
5641363/6375000,True,0,29,0,0,0.061053165587624143,0.010997677195640498,0,RUN,0,sparse_polynomial,0.1150803137254902,0.010997677195640498,16,0.004810214036859487,0,False,0.037840039280150145,0,False,5.1440329218107002e-05,0.88491968627450979,271,3.3306690738754696e-16,0,97/100,1,0.061053165587624143,0.88491968627450979,5641363/6375000,30,32,0.061053165587624143,0.0087078586327658594
5641363/6375000,True,0,29,0,0,0.075397444378980674,0.016117833575181657,1,RUN,1/50,sparse_polynomial,0.1239295105882353,0.016117833575181657,16,0.004810214036859487,0,False,0.037840039280150145,0,False,5.1440329218107002e-05,0.87607048941176469,271,3.3306690738754696e-16,0,97/100,1,0.070442633931747906,0.88491968627450979,186164979/212500000,30,32,0.097545282579138554,0.01257308006096078
5641363/6375000,True,0,29,0,0,0.13223075223817135,0.036099014494736369,2,RUN,1/10,sparse_polynomial,0.15932629803921569,0.036099014494736369,16,0.004810214036859487,0,False,0.037840039280150145,0,False,5.1440329218107002e-05,0.84067370196078428,271,3.3306690738754696e-16,0,97/100,1,0.10800050730824294,0.88491968627450979,107185897/127500000,30,32,0.15932629803921569,0.02646780007142811
16663273/17000000,True,0,9,0,0,0.010002800381293881,0.001727326711036796,0,RUN,0,sparse_polynomial,0.019807470588235294,0.001727326711036796,16,0.004810214036859487,0,False,0.037840039280150145,0,False,5.1440329218107002e-05,0.98019252941176471,271,2.2204460492503131e-16,0,199/200,2,0.010002800381293881,0.98019252941176471,16663273/17000000,30,32,0.010002800381293881,0.0016624480481702444
16663273/17000000,True,0,9,0,0,0.024876898957126366,0.0068965410501998625,1,RUN,1/50,sparse_polynomial,0.029609395882352941,0.0068965410501998625,16,0.004810214036859487,0,False,0.037840039280150145,0,False,5.1440329218107002e-05,0.9703906041176471,271,2.2204460492503131e-16,0,199/200,2,0.019902772377480941,0.98019252941176471,1649664027/1700000000,30,32,0.029609395882352941,0.0065392809514935139
16663273/17000000,True,0,9,0,0,0.068817097058823523,0.027069497528223321,2,RUN,1/10,sparse_polynomial,0.068817097058823523,0.027069497528223321,16,0.004810214036859487,0,False,0.037840039280150145,0,False,5.1440329218107002e-05,0.93118290294117645,271,2.2204460492503131e-16,0,199/200,2,0.05950266036222919,0.98019252941176471,316602187/340000000,30,32,0.068817097058823523,0.024125057775357325
4/5,True,2.5542999999999929e-12,207,0,2.5542999999999929e-12,0.1111111111111111,0.010860975833869338,0,RUN,0,linear,0.20000000000000001,0.010860975833869338,16,0.004810214036859487,0,False,0.037840039280150145,0,False,5.1440329218107002e-05,0.80000000000000004,1619,1.1102230246251565e-16,2.5542999999999929e-12,9/10,0,0.1111111111111111,0.80000000000000004,4/5,31,16,0.1111111111111111,0.0070273483947681332
4/5,True,2.1667482971963998e-05,207,0,2.1667482971963998e-05,0.12491071428571429,0.016329907221239195,1,RUN,1/50,linear,0.20799999999999999,0.016329907221239195,16,0.004810214036859487,0,False,0.037840039280150145,0,False,5.1440329218107002e-05,0.79200000000000004,1619,1.1102230246251565e-16,2.1667482971963998e-05,9/10,0,0.12,0.80000000000000004,99/125,31,16,0.14866817155756207,0.010413209671026555
4/5,True,0.00010833740464262001,207,0,0.00010833740464262001,0.17954545454545454,0.037777005978218522,2,RUN,1/10,linear,0.23999999999999999,0.037777005978218522,16,0.0060747581777851924,1,False,0.037840039280150145,0,False,5.1440329218107002e-05,0.76000000000000001,1619,1.1102230246251565e-16,0.00010833740464262001,9/10,0,0.15555555555555556,0.80000000000000004,19/25,31,16,0.23999999999999999,0.022676654776060245
47/50,True,5.6104226370000742e-23,43,0,5.6104226370000742e-23,0.030927835051546393,0.0025649027507370623,0,RUN,0,linear,0.059999999999999998,0.0025649027507370623,16,0.004810214036859487,0,False,0.037840039280150145,0,False,5.1440329218107002e-05,0.93999999999999995,1619,2.2204460492503131e-16,5.6104226370000742e-23,97/100,1,0.030927835051546393,0.93999999999999995,47/50,31,16,0.030927835051546393,0.0022721759809750299
47/50,True,1.5258789062500001e-06,43,0,1.5258789062500001e-06,0.045587900134673155,0.0079577022002270126,1,RUN,1/50,linear,0.069400000000000003,0.0079577022002270126,16,0.004810214036859487,0,False,0.037840039280150145,0,False,5.1440329218107002e-05,0.93059999999999998,1619,2.2204460492503131e-16,1.5258789062500001e-06,97/100,1,0.040618556701030928,0.93999999999999995,4653/5000,31,16,0.066791583795666284,0.0069467807055093147
47/50,True,7.62939453125e-06,43,0,7.62939453125e-06,0.10369783412572636,0.029072463970098911,2,RUN,1/10,linear,0.107,0.029072463970098911,16,0.004810214036859487,0,False,0.037840039280150145,0,False,5.1440329218107002e-05,0.89300000000000002,1619,2.2204460492503131e-16,7.62939453125e-06,97/100,1,0.079381443298969068,0.93999999999999995,893/1000,31,16,0.107,0.023877999603646453
99/100,True,1.525878906250022e-37,33,0,1.525878906250022e-37,0.0050251256281407036,0.00039618641145186203,0,RUN,0,linear,0.01,0.00039618641145186203,16,0.004810214036859487,0,False,0.037840039280150145,0,False,5.1440329218107002e-05,0.98999999999999999,1619,1.1102230246251565e-16,1.5258789062500216e-37,199/200,2,0.0050251256281407036,0.98999999999999999,99/100,31,16,0.0050251256281407036,0.00038845620293301623
99/100,True,3.0517578125000001e-07,33,0,3.0517578125000001e-07,0.019900000000000001,0.0057687442763759032,1,RUN,1/50,linear,0.019900000000000001,0.0057687442763759032,16,0.004810214036859487,0,False,0.037840039280150145,0,False,5.1440329218107002e-05,0.98009999999999997,1619,1.1102230246251565e-16,3.0517578125000001e-07,199/200,2,0.014974874371859296,0.98999999999999999,9801/10000,31,16,0.019900000000000001,0.0055735853230281414
99/100,True,1.5258789062500001e-06,33,0,1.5258789062500001e-06,0.059499999999999997,0.026795091326185939,2,RUN,1/10,linear,0.059499999999999997,0.026795091326185939,16,0.004810214036859487,0,False,0.037840039280150145,0,False,5.1440329218107002e-05,0.9405,1619,1.1102230246251565e-16,1.5258789062500001e-06,199/200,2,0.054773869346733665,0.98999999999999999,1881/2000,31,16,0.059499999999999997,0.024353901803408639
20/31,True,0.076198409999999994,51,0,0.076198409999999994,0.21568627450980393,0.1517336443643304,0,RUN,0,shared_gate,0.35483870967741937,0.1517336443643304,8,0.091936181581801474,139,False,0.15751727691811168,19,False,5.1440329218107002e-05,0.64516129032258063,1619,1.1102230246251565e-16,0.07619840999999998,9/10,0,0.21568627450980393,0.64516129032258063,20/31,32,8,0.21568627450980393,0.074453694068678467
20/31,True,0.07600256679999999,51,0,0.07600256679999999,0.22826771653543307,0.1568560822755681,1,RUN,1/50,shared_gate,0.36129032258064514,0.1568560822755681,8,0.10026017583822049,154,False,0.19293515805409686,26,False,5.1440329218107002e-05,0.6387096774193548,1619,1.1102230246251565e-16,0.076002566799999977,9/10,0,0.22352941176470589,0.64516129032258063,99/155,32,8,0.25555201275408529,0.075893860561914675
20/31,True,0.075219193999999989,51,0,0.075219193999999989,0.27800000000000002,0.17705792509175461,2,RUN,1/10,shared_gate,0.38709677419354838,0.17705792509175461,8,0.095828972047081448,146,False,0.10242896312487491,9,False,5.1440329218107002e-05,0.61290322580645162,1619,1.1102230246251565e-16,0.075219193999999975,9/10,0,0.25490196078431371,0.64516129032258063,19/31,32,8,0.38709677419354838,0.080822060353798131
3431/3875,True,0.024239485364647814,31,0,0.024239485364647814,0.060771968245277856,0.037998807301056557,0,RUN,0,shared_gate,0.11458064516129032,0.037998807301056557,8,0.034879434956582273,41,False,0.090287796043485732,7,False,5.1440329218107002e-05,0.8854193548387097,1619,2.2204460492503131e-16,0.024239485364647814,97/100,1,0.060771968245277856,0.8854193548387097,3431/3875,32,8,0.060771968245277856,0.030966518210197712
3431/3875,True,0.023910945657354857,31,0,0.023910945657354857,0.075119236381088847,0.043659908101344062,1,RUN,1/50,shared_gate,0.12343483870967742,0.043659908101344062,8,0.044108237597569301,56,False,0.090287796043485732,7,False,5.1440329218107002e-05,0.87656516129032258,1619,2.2204460492503131e-16,0.023910945657354857,97/100,1,0.070164248562825077,0.8854193548387097,339669/387500,32,8,0.097258176389558804,0.035078326503225808
3431/3875,True,0.022596786828183033,31,0,0.022596786828183033,0.13196462236051834,0.065951684224537649,2,RUN,1/10,shared_gate,0.1588516129032258,0.065951684224537649,8,0.037372501777574355,45,False,0.08397721581833846,6,False,5.1440329218107002e-05,0.8411483870967742,1619,2.2204460492503131e-16,0.022596786828183033,97/100,1,0.10773336983301396,0.8854193548387097,65189/77500,32,8,0.1588516129032258,0.049957624807492197
30393/31000,True,0.0048276032340474253,17,0,0.0048276032340474253,0.0098871206815109216,0.0059559043003966578,0,RUN,0,shared_gate,0.019580645161290322,0.0059559043003966578,8,0.016227692601344039,13,False,0.055989882596446917,2,False,5.1440329218107002e-05,0.98041935483870968,1619,0,0.0048276032340474253,199/200,2,0.0098871206815109216,0.98041935483870968,30393/31000,32,8,0.0098871206815109216,0.0057592484391259108
30393/31000,True,0.0048091761693664766,17,0,0.0048091761693664766,0.024762390391603606,0.011794091346418898,1,RUN,1/50,shared_gate,0.029384838709677421,0.011794091346418898,8,0.0099414160023154497,5,False,0.055989882596446917,2,False,5.1440329218107002e-05,0.97061516129032255,1619,0,0.0048091761693664766,199/200,2,0.019788249474695811,0.98041935483870968,3008907/3100000,32,8,0.029384838709677421,0.011243750046930281
30393/31000,True,0.0047354679106426829,17,0,0.0047354679106426829,0.068601612903225806,0.034780401199974102,2,RUN,1/10,shared_gate,0.068601612903225806,0.034780401199974102,8,0.012421428046506198,8,False,0.037840039280150145,0,False,5.1440329218107002e-05,0.93139838709677414,1619,0,0.0047354679106426829,199/200,2,0.059392764647435377,0.98041935483870968,577467/620000,32,8,0.068601612903225806,0.031259312255463058
22328/35125,False,6.3707037790670821e-15,5000,0.19094850999999996,0.19094851000000634,0.22273858632273336,0.024713673718447297,0,NOT_RUN_prespecified_scaling,0,sparse_polynomial,0.36432740213523129,0.024713673718447297,28,0.004810214036859487,0,,0.037840039280150145,0,,5.1440329218107002e-05,0.63567259786476871,1619,,,9/10,0,0.22273858632273336,0.63567259786476871,22328/35125,33,56,0.22273858632273336,0.010239344486518661
22328/35125,False,1.7136397805821841e-09,5000,0.20298891479999998,0.20298891651363976,0.23523397283788913,0.029716579469148865,1,NOT_RUN_prespecified_scaling,1/50,sparse_polynomial,0.37068412811387902,0.029716579469148865,28,0.004810214036859487,0,,0.037840039280150145,0,,5.1440329218107002e-05,0.62931587188612104,1619,,,9/10,0,0.23051120045950604,0.63567259786476871,552618/878125,33,56,0.2627641055052769,0.012129351400595231
22328/35125,False,8.5681734200958038e-09,5000,0.25115053399999998,0.25115054256817337,0.28462065513360763,0.049225849640279311,2,NOT_RUN_prespecified_scaling,1/10,sparse_polynomial,0.39611103202846976,0.049225849640279311,28,0.004810214036859487,0,,0.037840039280150145,0,,5.1440329218107002e-05,0.60388896797153024,1619,,,9/10,0,0.26160165700659671,0.63567259786476871,106058/175625,33,56,0.39611103202846976,0.018881219753549221
15436163/17562500,True,0,725,0,0,0.064437065222915244,0.0061197543884885797,0,NOT_RUN_prespecified_scaling,0,sparse_polynomial,0.12107256939501779,0.0061197543884885797,28,0.004810214036859487,0,,0.037840039280150145,0,,5.1440329218107002e-05,0.87892743060498224,1619,,,97/100,1,0.064437065222915244,0.87892743060498224,15436163/17562500,33,56,0.064437065222915244,0.0047567022925504993
15436163/17562500,True,0,725,0,0,0.07874530891262492,0.01118148633970692,1,NOT_RUN_prespecified_scaling,1/50,sparse_polynomial,0.12986184370106763,0.01118148633970692,28,0.004810214036859487,0,,0.037840039280150145,0,,5.1440329218107002e-05,0.87013815629893243,1619,,,97/100,1,0.073792694570686088,0.87892743060498224,1528180137/1756250000,33,56,0.10100035296869689,0.0085616875558157182
15436163/17562500,True,0,725,0,0,0.13543303109518304,0.030908639695207477,2,NOT_RUN_prespecified_scaling,1/10,sparse_polynomial,0.16501894092526689,0.030908639695207477,28,0.004810214036859487,0,,0.037840039280150145,0,,5.1440329218107002e-05,0.83498105907473308,1619,,,97/100,1,0.11121521196176948,0.87892743060498224,293287097/351250000,33,56,0.16501894092526689,0.022236601752336844
68780547/70250000,True,0,29,0,0,0.010569281583852216,0.00096163113587050409,0,NOT_RUN_prespecified_scaling,0,sparse_polynomial,0.020917480427046262,0.00096163113587050409,28,0.004810214036859487,0,,0.037840039280150145,0,,5.1440329218107002e-05,0.97908251957295378,1619,,,199/200,2,0.010569281583852216,0.97908251957295378,68780547/70250000,33,56,0.010569281583852216,0.00092270939406469653
68780547/70250000,True,0,29,0,0,0.025437643216264228,0.0060473484357718406,1,NOT_RUN_prespecified_scaling,1/50,sparse_polynomial,0.030708305622775801,0.0060473484357718406,28,0.004810214036859487,0,,0.037840039280150145,0,,5.1440329218107002e-05,0.96929169437722418,1619,,,199/200,2,0.020463588768013696,0.97908251957295378,6809274153/7025000000,33,56,0.030708305622775801,0.0057162113594305241
68780547/70250000,True,0,29,0,0,0.069871606405693953,0.025867253377200444,2,NOT_RUN_prespecified_scaling,1/10,sparse_polynomial,0.069871606405693953,0.025867253377200444,28,0.004810214036859487,0,,0.037840039280150145,0,,5.1440329218107002e-05,0.9301283935943061,1619,,,199/200,2,0.060040817504659602,0.97908251957295378,1306830393/1405000000,33,56,0.069871606405693953,0.022973014060627191
4/5,True,2.7999999999999961e-06,19,0,2.7999999999999961e-06,0.1111111111111111,0.024909718744233863,0,RUN,0,linear,0.20000000000000001,0.024909718744233863,8,0.004810214036859487,0,False,0.037840039280150145,0,False,5.1440329218107002e-05,0.80000000000000004,811,2.2204460492503131e-16,2.7999999999999965e-06,9/10,0,0.1111111111111111,0.80000000000000004,4/5,34,8,0.1111111111111111,0.016349480968858132
4/5,True,0.00062774399999999996,19,0,0.00062774399999999996,0.12491071428571429,0.030999291207011385,1,RUN,1/50,linear,0.20799999999999999,0.030999291207011385,8,0.0090592862196964882,4,False,0.037840039280150145,0,False,5.1440329218107002e-05,0.79200000000000004,811,2.2204460492503131e-16,0.00062774399999999996,9/10,0,0.12,0.80000000000000004,99/125,34,8,0.14866817155756207,0.020066795847750864
4/5,True,0.0031275200000000004,19,0,0.0031275200000000004,0.17954545454545454,0.055060485811166522,2,RUN,1/10,linear,0.23999999999999999,0.055060485811166522,8,0.011616894879318216,7,False,0.04765719639040164,1,False,5.1440329218107002e-05,0.76000000000000001,811,2.2204460492503131e-16,0.0031275200000000004,9/10,0,0.15555555555555556,0.80000000000000004,19/25,34,8,0.23999999999999999,0.0336560553633218
47/50,True,2.1870000000000137e-11,15,0,2.1870000000000137e-11,0.030927835051546393,0.005947140808168847,0,RUN,0,linear,0.059999999999999998,0.005947140808168847,8,0.004810214036859487,0,False,0.037840039280150145,0,False,5.1440329218107002e-05,0.93999999999999995,811,1.1102230246251565e-16,2.1870000000000137e-11,97/100,1,0.030927835051546393,0.93999999999999995,47/50,34,8,0.030927835051546393,0.0052863321799307954
47/50,True,0.0001562500214326,15,0,0.0001562500214326,0.045587900134673155,0.01188742017840292,1,RUN,1/50,linear,0.069400000000000003,0.01188742017840292,8,0.004810214036859487,0,False,0.037840039280150145,0,False,5.1440329218107002e-05,0.93059999999999998,811,1.1102230246251565e-16,0.0001562500214326,97/100,1,0.040618556701030928,0.93999999999999995,4653/5000,34,8,0.066791583795666284,0.010418550034602077
47/50,True,0.00078125001968300006,15,0,0.00078125001968300006,0.10369783412572636,0.035300253966325787,2,RUN,1/10,linear,0.107,0.035300253966325787,8,0.0060747581777851924,1,False,0.037840039280150145,0,False,5.1440329218107002e-05,0.89300000000000002,811,1.1102230246251565e-16,0.00078125001968300006,97/100,1,0.079381443298969068,0.93999999999999995,893/1000,34,8,0.107,0.029180221453287199
99/100,True,3.9062500000000283e-19,17,0,3.9062500000000283e-19,0.0050251256281407036,0.00092126351588812515,0,RUN,0,linear,0.01,0.00092126351588812515,8,0.004810214036859487,0,False,0.037840039280150145,0,False,5.1440329218107002e-05,0.98999999999999999,811,1.1102230246251565e-16,3.9062500000000278e-19,199/200,2,0.0050251256281407036,0.98999999999999999,99/100,34,8,0.0050251256281407036,0.00090376297577854673
99/100,True,7.8125000000000381e-05,17,0,7.8125000000000381e-05,0.019900000000000001,0.0068202371995560391,1,RUN,1/50,linear,0.019900000000000001,0.0068202371995560391,8,0.004810214036859487,0,False,0.037840039280150145,0,False,5.1440329218107002e-05,0.98009999999999997,811,1.1102230246251565e-16,7.8125000000000381e-05,199/200,2,0.014974874371859296,0.98999999999999999,9801/10000,34,8,0.019900000000000001,0.0065964822145328722
99/100,True,0.00039062500000000035,17,0,0.00039062500000000035,0.059499999999999997,0.030053442659054266,2,RUN,1/10,linear,0.059499999999999997,0.030053442659054266,8,0.0060747581777851924,1,False,0.037840039280150145,0,False,5.1440329218107002e-05,0.9405,811,1.1102230246251565e-16,0.00039062500000000035,199/200,2,0.054773869346733665,0.98999999999999999,1881/2000,34,8,0.059499999999999997,0.027407159169550173
1108/1675,True,0.084285479808000066,219,0,0.084285479808000066,0.20373697448796263,0.13530585217607047,0,RUN,0,shared_gate,0.33850746268656717,0.13530585217607047,12,0.11235866440369364,176,False,0.14702009194685192,17,False,5.1440329218107002e-05,0.66149253731343283,271,1.1102230246251565e-16,0.084285479807999983,9/10,0,0.20373697448796263,0.66149253731343283,1108/1675,35,12,0.20373697448796263,0.068470572510581418
1108/1675,True,0.082912270211840056,219,0,0.082912270211840056,0.21646310138820746,0.13983732869275906,1,RUN,1/50,shared_gate,0.34512238805970147,0.13983732869275906,12,0.10632457857305726,165,False,0.16782914739265051,21,False,5.1440329218107002e-05,0.65487761194029848,271,1.1102230246251565e-16,0.082912270211839972,9/10,0,0.211699604743083,0.66149253731343283,27423/41875,35,12,0.24333316291876336,0.069720872746714194
1108/1675,True,0.077419431827200055,219,0,0.077419431827200055,0.26677665346825047,0.15753809887826406,2,RUN,1/10,shared_gate,0.37158208955223881,0.15753809887826406,12,0.10907094124038146,170,False,0.18798259328607733,25,False,5.1440329218107002e-05,0.62841791044776119,271,1.1102230246251565e-16,0.077419431827199986,9/10,0,0.2435501257635645,0.66149253731343283,5263/8375,35,12,0.37158208955223881,0.073846928937402537
37318/41875,True,0.023450087235258734,29,0,0.023450087235258734,0.057542964655967067,0.03452316744332834,0,RUN,0,shared_gate,0.10882388059701492,0.03452316744332834,12,0.036129286778915755,43,False,0.10830610783584246,10,False,5.1440329218107002e-05,0.89117611940298502,271,1.1102230246251565e-16,0.023450087235258738,97/100,1,0.057542964655967067,0.89117611940298502,37318/41875,35,12,0.057542964655967067,0.028398529881933615
37318/41875,True,0.023000616740553557,29,0,0.023000616740553557,0.071924503253115779,0.039721432452764258,1,RUN,1/50,shared_gate,0.11773564179104477,0.039721432452764258,12,0.031722557586939482,36,False,0.055989882596446917,2,False,5.1440329218107002e-05,0.88226435820895521,271,1.1102230246251565e-16,0.023000616740553561,97/100,1,0.0669675350094074,0.89117611940298502,1847241/2093750,35,12,0.093961379964073902,0.032197721215116062
37318/41875,True,0.021202734761732862,29,0,0.021202734761732862,0.12890836459662913,0.060068293626824455,2,RUN,1/10,shared_gate,0.15338268656716417,0.060068293626824455,12,0.032991175856467748,38,False,0.08397721581833846,6,False,5.1440329218107002e-05,0.84661731343283586,271,1.1102230246251565e-16,0.021202734761732865,97/100,1,0.10466581642316872,0.89117611940298502,354521/418750,35,12,0.15338268656716417,0.045806096796257516
328779/335000,True,0.0047317728990672195,25,0,0.0047317728990672195,0.0093720952304908716,0.0054443179328432841,0,RUN,0,shared_gate,0.018570149253731343,0.0054443179328432841,12,0.012421428046506198,8,False,0.037840039280150145,0,False,5.1440329218107002e-05,0.98142985074626865,271,2.2204460492503131e-16,0.0047317728990672187,199/200,2,0.0093720952304908716,0.98142985074626865,328779/335000,35,12,0.0093720952304908716,0.0052726980597014922
328779/335000,True,0.0046420202535858747,25,0,0.0046420202535858747,0.024252577411287578,0.010857670436926098,1,RUN,1/50,shared_gate,0.028384447761194032,0.010857670436926098,12,0.019099921400221577,17,False,0.055989882596446917,2,False,5.1440329218107002e-05,0.97161555223880602,271,2.2204460492503131e-16,0.0046420202535858738,199/200,2,0.019278374278185961,0.98142985074626865,32549121/33500000,35,12,0.028384447761194032,0.010362553442422812
328779/335000,True,0.004283009671660498,25,0,0.004283009671660498,0.067641641791044774,0.032063201292425063,2,RUN,1/10,shared_gate,0.067641641791044774,0.032063201292425063,12,0.011616894879318216,7,False,0.04765719639040164,1,False,5.1440329218107002e-05,0.93235835820895518,271,2.2204460492503131e-16,0.0042830096716604971,199/200,2,0.058903490468966327,0.98142985074626865,6246801/6700000,35,12,0.067641641791044774,0.0287955658694364
986/1525,True,1.194920999999999e-05,303,0,1.194920999999999e-05,0.21465551573078454,0.049208754470372915,0,RUN,0,sparse_polynomial,0.35344262295081968,0.049208754470372915,12,0.004810214036859487,0,False,0.037840039280150145,0,False,5.1440329218107002e-05,0.64655737704918037,811,1.1102230246251565e-16,1.1949209999999988e-05,9/10,0,0.21465551573078454,0.64655737704918037,986/1525,36,24,0.21465551573078454,0.021635719430260682
986/1525,True,9.9600850799999986e-05,303,0,9.9600850799999986e-05,0.22724949423063084,0.054298007383068378,1,RUN,1/50,sparse_polynomial,0.35990819672131147,0.054298007383068378,12,0.004810214036859487,0,False,0.037840039280150145,0,False,5.1440329218107002e-05,0.64009180327868853,811,1.1102230246251565e-16,9.9600850799999986e-05,9/10,0,0.22250896057347672,0.64655737704918037,48807/76250,36,24,0.25449794385260499,0.023524159742004839
986/1525,True,0.00045020741400000002,303,0,0.00045020741400000002,0.27703213226632001,0.074209529922363945,2,RUN,1/10,sparse_polynomial,0.38577049180327871,0.074209529922363945,12,0.0060747581777851924,1,False,0.037840039280150145,0,False,5.1440329218107002e-05,0.61422950819672129,811,1.1102230246251565e-16,0.00045020741400000002,9/10,0,0.2539227399442453,0.64655737704918037,9367/15250,36,24,0.38577049180327871,0.030241848105348024
1347067/1525000,True,0,75,0,0,0.06195294190560318,0.012295407323463401,0,RUN,0,sparse_polynomial,0.11667737704918033,0.012295407323463401,12,0.004810214036859487,0,False,0.037840039280150145,0,False,5.1440329218107002e-05,0.88332262295081965,811,3.3306690738754696e-16,0,97/100,1,0.06195294190560318,0.88332262295081965,1347067/1525000,36,24,0.06195294190560318,0.0097130260667583988
1347067/1525000,True,0,75,0,0,0.076287650099935586,0.017491965099094915,1,RUN,1/50,sparse_polynomial,0.12551060327868852,0.017491965099094915,12,0.004810214036859487,0,False,0.037840039280150145,0,False,5.1440329218107002e-05,0.87448939672131143,811,3.3306690738754696e-16,0,97/100,1,0.071333412486547149,0.88332262295081965,133359633/152500000,36,24,0.098463971557857077,0.013614810076332598
1347067/1525000,True,0,75,0,0,0.13308228988010951,0.037796837661436107,2,RUN,1/10,sparse_polynomial,0.1608435081967213,0.037796837661436107,12,0.004810214036859487,0,False,0.037840039280150145,0,False,5.1440329218107002e-05,0.83915649180327867,811,3.3306690738754696e-16,0,97/100,1,0.10885529481032302,0.88332262295081965,25594273/30500000,36,24,0.1608435081967213,0.027661428402195969
5977323/6100000,True,0,25,0,0,0.010157631786448041,0.0019361250128188138,0,RUN,0,sparse_polynomial,0.020110983606557376,0.0019361250128188138,12,0.004810214036859487,0,False,0.037840039280150145,0,False,5.1440329218107002e-05,0.97988901639344261,811,3.3306690738754696e-16,0,199/200,2,0.010157631786448041,0.97988901639344261,5977323/6100000,36,24,0.010157631786448041,0.0018626396281852661
5977323/6100000,True,0,25,0,0,0.025030162650202196,0.00717714493818058,1,RUN,1/50,sparse_polynomial,0.029909873770491802,0.00717714493818058,12,0.004810214036859487,0,False,0.037840039280150145,0,False,5.1440329218107002e-05,0.97009012622950819,811,3.3306690738754696e-16,0,199/200,2,0.020056055468583561,0.97988901639344261,591754977/610000000,36,24,0.029909873770491802,0.0068030571448667128
5977323/6100000,True,0,25,0,0,0.069105434426229503,0.027652728750268134,2,RUN,1/10,sparse_polynomial,0.069105434426229503,0.027652728750268134,12,0.004810214036859487,0,False,0.037840039280150145,0,False,5.1440329218107002e-05,0.93089456557377048,811,3.3306690738754696e-16,0,199/200,2,0.059649750197125637,0.97988901639344261,113569137/122000000,36,24,0.069105434426229503,0.024644362242695481
4/5,True,3.0708999999999872e-15,999,0,3.0708999999999872e-15,0.1111111111111111,0.0083392471435521903,0,RUN,0,linear,0.20000000000000001,0.0083392471435521903,20,0.004810214036859487,0,False,0.037840039280150145,0,False,5.1440329218107002e-05,0.80000000000000004,271,1.1102230246251565e-16,3.0708999999999884e-15,9/10,0,0.1111111111111111,0.80000000000000004,4/5,37,20,0.1111111111111111,0.0053819999999999996
4/5,True,5.5313110381657316e-06,999,0,5.5313110381657316e-06,0.12491071428571429,0.013694535884333269,1,RUN,1/50,linear,0.20799999999999999,0.013694535884333269,20,0.004810214036859487,0,False,0.037840039280150145,0,False,5.1440329218107002e-05,0.79200000000000004,271,1.1102230246251565e-16,5.5313110381657316e-06,9/10,0,0.12,0.80000000000000004,99/125,37,20,0.14866817155756207,0.0087093599999999993
4/5,True,2.7656555178545061e-05,999,0,2.7656555178545061e-05,0.17954545454545454,0.034660630398697191,2,RUN,1/10,linear,0.23999999999999999,0.034660630398697191,20,0.0060747581777851924,1,False,0.037840039280150145,0,False,5.1440329218107002e-05,0.76000000000000001,271,1.1102230246251565e-16,2.7656555178545061e-05,9/10,0,0.15555555555555556,0.80000000000000004,19/25,37,20,0.23999999999999999,0.020738800000000002
47/50,True,8.0831410824961302e-28,75,0,8.0831410824961302e-28,0.030927835051546393,0.0019655495585888805,0,RUN,0,linear,0.059999999999999998,0.0019655495585888805,20,0.004810214036859487,0,False,0.037840039280150145,0,False,5.1440329218107002e-05,0.93999999999999995,271,1.1102230246251565e-16,8.0831410824961302e-28,97/100,1,0.030927835051546393,0.93999999999999995,47/50,37,20,0.030927835051546393,0.00174018
47/50,True,1.9073486328125001e-07,75,0,1.9073486328125001e-07,0.045587900134673155,0.0072608628039333304,1,RUN,1/50,linear,0.069400000000000003,0.0072608628039333304,20,0.004810214036859487,0,False,0.037840039280150145,0,False,5.1440329218107002e-05,0.93059999999999998,271,1.1102230246251565e-16,1.9073486328125001e-07,97/100,1,0.040618556701030928,0.93999999999999995,4653/5000,37,20,0.066791583795666284,0.0063340163999999997
47/50,True,9.5367431640625e-07,75,0,9.5367431640625e-07,0.10369783412572636,0.027964906330865617,2,RUN,1/10,linear,0.107,0.027964906330865617,20,0.004810214036859487,0,False,0.037840039280150145,0,False,5.1440329218107002e-05,0.89300000000000002,271,1.1102230246251565e-16,9.5367431640625e-07,97/100,1,0.079381443298969068,0.93999999999999995,893/1000,37,20,0.107,0.022942161999999999
99/100,True,9.5367431640626705e-47,41,0,9.5367431640626705e-47,0.0050251256281407036,0.00030345344463111418,0,RUN,0,linear,0.01,0.00030345344463111418,20,0.004810214036859487,0,False,0.037840039280150145,0,False,5.1440329218107002e-05,0.98999999999999999,271,0,9.5367431640626685e-47,199/200,2,0.0050251256281407036,0.98999999999999999,99/100,37,20,0.0050251256281407036,0.00029750499999999999
99/100,True,1.9073486328125e-08,41,0,1.9073486328125e-08,0.019900000000000001,0.0055829254717159214,1,RUN,1/50,linear,0.019900000000000001,0.0055829254717159214,20,0.004810214036859487,0,False,0.037840039280150145,0,False,5.1440329218107002e-05,0.98009999999999997,271,0,1.9073486328125e-08,199/200,2,0.014974874371859296,0.98999999999999999,9801/10000,37,20,0.019900000000000001,0.0053930449000000004
99/100,True,9.5367431640625005e-08,41,0,9.5367431640625005e-08,0.059499999999999997,0.026217720855381477,2,RUN,1/10,linear,0.059499999999999997,0.026217720855381477,20,0.004810214036859487,0,False,0.037840039280150145,0,False,5.1440329218107002e-05,0.9405,271,0,9.5367431640625005e-08,199/200,2,0.054773869346733665,0.98999999999999999,1881/2000,37,20,0.059499999999999997,0.0238150045
1413/2125,True,0,81,0,0,0.20124364047484455,0.060222742812117411,0,RUN,0,sparse_polynomial,0.33505882352941174,0.060222742812117411,8,0.004810214036859487,0,False,0.037840039280150145,0,False,5.1440329218107002e-05,0.66494117647058826,811,1.1102230246251565e-16,0,9/10,0,0.20124364047484455,0.66494117647058826,1413/2125,38,16,0.20124364047484455,0.028333619377162628
1413/2125,True,0,81,0,0,0.21399977865244746,0.065397131673756853,1,RUN,1/50,sparse_polynomial,0.34170823529411765,0.065397131673756853,8,0.004810214036859487,0,False,0.037840039280150145,0,False,5.1440329218107002e-05,0.65829176470588235,811,1.1102230246251565e-16,0,9/10,0,0.2092312040700961,0.66494117647058826,139887/212500,38,16,0.24078377190588762,0.030322739510034603
1413/2125,True,0,81,0,0,0.2644339336957619,0.085683207318498197,2,RUN,1/10,sparse_polynomial,0.36830588235294115,0.085683207318498197,8,0.004810214036859487,0,False,0.037840039280150145,0,False,5.1440329218107002e-05,0.63169411764705885,811,1.1102230246251565e-16,0,9/10,0,0.24118145845110231,0.66494117647058826,26847/42500,38,16,0.36830588235294115,0.037394926505190308
7562629/8500000,True,0,13,0,0,0.05835725895181916,0.015440153536494118,0,RUN,0,sparse_polynomial,0.11027894117647059,0.015440153536494118,8,0.004810214036859487,0,False,0.037840039280150145,0,False,5.1440329218107002e-05,0.88972105882352936,811,2.2204460492503131e-16,0,97/100,1,0.05835725895181916,0.88972105882352936,7562629/8500000,38,16,0.05835725895181916,0.012414157035913495
7562629/8500000,True,0,13,0,0,0.072730164952852505,0.020742550769673164,1,RUN,1/50,sparse_polynomial,0.11917615176470588,0.020742550769673164,8,0.004810214036859487,0,False,0.037840039280150145,0,False,5.1440329218107002e-05,0.88082384823529414,811,2.2204460492503131e-16,0,97/100,1,0.067773686362300967,0.88972105882352936,748700271/850000000,38,16,0.094792760151205663,0.016434004707915513
7562629/8500000,True,0,13,0,0,0.12967914327609431,0.041497401937863464,2,RUN,1/10,sparse_polynomial,0.15476499411764705,0.041497401937863464,8,0.004810214036859487,0,False,0.037840039280150145,0,False,5.1440329218107002e-05,0.8452350058823529,811,2.2204460492503131e-16,0,97/100,1,0.10543939600422821,0.88972105882352936,143689951/170000000,38,16,0.15476499411764705,0.030930188270895467
66708477/68000000,True,0,7,0,0,0.0095875406564057582,0.0024495988226934801,0,RUN,0,sparse_polynomial,0.018992985294117647,0.0024495988226934801,8,0.004810214036859487,0,False,0.037840039280150145,0,False,5.1440329218107002e-05,0.98100701470588236,811,1.1102230246251565e-16,0,199/200,2,0.0095875406564057582,0.98100701470588236,66708477/68000000,38,16,0.0095875406564057582,0.0023632210296470049
66708477/68000000,True,0,7,0,0,0.024465842677707021,0.0078061434188680589,1,RUN,1/50,sparse_polynomial,0.028803055441176471,0.0078061434188680589,8,0.004810214036859487,0,False,0.037840039280150145,0,False,5.1440329218107002e-05,0.97119694455882355,811,1.1102230246251565e-16,0,199/200,2,0.019491665249841701,0.98100701470588236,6604139223/6800000000,38,16,0.028803055441176471,0.0074208663036759706
66708477/68000000,True,0,7,0,0,0.068043336029411761,0.028768381065426125,2,RUN,1/10,sparse_polynomial,0.068043336029411761,0.028768381065426125,8,0.004810214036859487,0,False,0.037840039280150145,0,False,5.1440329218107002e-05,0.93195666397058818,811,1.1102230246251565e-16,0,199/200,2,0.059108163623585473,0.98100701470588236,1267461063/1360000000,38,16,0.068043336029411761,0.025726697873987538
4/5,True,4.1949999999999914e-09,75,0,4.1949999999999914e-09,0.1111111111111111,0.016531517405134179,0,RUN,0,linear,0.20000000000000001,0.016531517405134179,12,0.004810214036859487,0,False,0.037840039280150145,0,False,5.1440329218107002e-05,0.80000000000000004,811,1.1102230246251565e-16,4.1949999999999922e-09,9/10,0,0.1111111111111111,0.80000000000000004,4/5,39,12,0.1111111111111111,0.01075801749271137
4/5,True,0.00013184004860000001,75,0,0.00013184004860000001,0.12491071428571429,0.022253504229069604,1,RUN,1/50,linear,0.20799999999999999,0.022253504229069604,12,0.004810214036859487,0,False,0.037840039280150145,0,False,5.1440329218107002e-05,0.79200000000000004,811,1.1102230246251565e-16,0.00013184004860000001,9/10,0,0.12,0.80000000000000004,99/125,39,12,0.14866817155756207,0.014276524781341109
4/5,True,0.00065918346300000003,75,0,0.00065918346300000003,0.17954545454545454,0.044769095765711038,2,RUN,1/10,linear,0.23999999999999999,0.044769095765711038,12,0.0071518041362884643,2,False,0.037840039280150145,0,False,5.1440329218107002e-05,0.76000000000000001,811,1.1102230246251565e-16,0.00065918346300000003,9/10,0,0.15555555555555556,0.80000000000000004,19/25,39,12,0.23999999999999999,0.027070553935860057
47/50,True,3.4897959000000345e-17,25,0,3.4897959000000345e-17,0.030927835051546393,0.0039212154814885171,0,RUN,0,linear,0.059999999999999998,0.0039212154814885171,12,0.004810214036859487,0,False,0.037840039280150145,0,False,5.1440329218107002e-05,0.93999999999999995,811,2.2204460492503131e-16,3.4897959000000339e-17,97/100,1,0.030927835051546393,0.93999999999999995,47/50,39,12,0.030927835051546393,0.0034784256559766765
47/50,True,1.4648437500034199e-05,25,0,1.4648437500034199e-05,0.045587900134673155,0.0095341004286867287,1,RUN,1/50,linear,0.069400000000000003,0.0095341004286867287,12,0.004810214036859487,0,False,0.037840039280150145,0,False,5.1440329218107002e-05,0.93059999999999998,811,2.2204460492503131e-16,1.4648437500034199e-05,97/100,1,0.040618556701030928,0.93999999999999995,4653/5000,39,12,0.066791583795666284,0.0083361647813411082
47/50,True,7.3242187500031426e-05,25,0,7.3242187500031426e-05,0.10369783412572636,0.031574419020787843,2,RUN,1/10,linear,0.107,0.031574419020787843,12,0.0060747581777851924,1,False,0.037840039280150145,0,False,5.1440329218107002e-05,0.89300000000000002,811,2.2204460492503131e-16,7.3242187500031426e-05,97/100,1,0.079381443298969068,0.93999999999999995,893/1000,39,12,0.107,0.025999921282798835
99/100,True,2.4414062500000267e-28,25,0,2.4414062500000267e-28,0.0050251256281407036,0.00060638577208947273,0,RUN,0,linear,0.01,0.00060638577208947273,12,0.004810214036859487,0,False,0.037840039280150145,0,False,5.1440329218107002e-05,0.98999999999999999,811,0,2.4414062500000258e-28,199/200,2,0.0050251256281407036,0.98999999999999999,99/100,39,12,0.0050251256281407036,0.00059467930029154519
99/100,True,4.8828125000000001e-06,25,0,4.8828125000000001e-06,0.019900000000000001,0.0061898133949809904,1,RUN,1/50,linear,0.019900000000000001,0.0061898133949809904,12,0.004810214036859487,0,False,0.037840039280150145,0,False,5.1440329218107002e-05,0.98009999999999997,811,0,4.8828125000000001e-06,199/200,2,0.014974874371859296,0.98999999999999999,9801/10000,39,12,0.019900000000000001,0.005982943352769679
99/100,True,2.4414062500000001e-05,25,0,2.4414062500000001e-05,0.059499999999999997,0.028101690520644686,2,RUN,1/10,linear,0.059499999999999997,0.028101690520644686,12,0.004810214036859487,0,False,0.037840039280150145,0,False,5.1440329218107002e-05,0.9405,811,0,2.4414062500000001e-05,199/200,2,0.054773869346733665,0.98999999999999999,1881/2000,39,12,0.059499999999999997,0.025575799562682217
4/5,True,3.1599999999999927e-10,75,0,3.1599999999999927e-10,0.1111111111111111,0.013199880469466475,0,RUN,0,linear,0.20000000000000001,0.013199880469466475,12,0.004810214036859487,0,False,0.037840039280150145,0,False,5.1440329218107002e-05,0.80000000000000004,271,1.1102230246251565e-16,3.1599999999999932e-10,9/10,0,0.1111111111111111,0.80000000000000004,4/5,40,12,0.1111111111111111,0.0085609267097349079
4/5,True,5.8594059679999998e-05,75,0,5.8594059679999998e-05,0.12491071428571429,0.018773606090194593,1,RUN,1/50,linear,0.20799999999999999,0.018773606090194593,12,0.0071518041362884643,2,False,0.037840039280150145,0,False,5.1440329218107002e-05,0.79200000000000004,271,1.1102230246251565e-16,5.8594059679999998e-05,9/10,0,0.12,0.80000000000000004,99/125,40,12,0.14866817155756207,0.012001315214969926
4/5,True,0.00029296903440000007,75,0,0.00029296903440000007,0.17954545454545454,0.040663620386643236,2,RUN,1/10,linear,0.23999999999999999,0.040663620386643236,12,0.0060747581777851924,1,False,0.037840039280150145,0,False,5.1440329218107002e-05,0.76000000000000001,271,1.1102230246251565e-16,0.00029296903440000007,9/10,0,0.15555555555555556,0.80000000000000004,19/25,40,12,0.23999999999999999,0.024482869235910001
47/50,True,1.7714700000000173e-17,23,0,1.7714700000000173e-17,0.030927835051546393,0.0031228935008041532,0,RUN,0,linear,0.059999999999999998,0.0031228935008041532,12,0.004810214036859487,0,False,0.037840039280150145,0,False,5.1440329218107002e-05,0.93999999999999995,271,2.2204460492503131e-16,1.7714700000000173e-17,97/100,1,0.030927835051546393,0.93999999999999995,47/50,40,12,0.030927835051546393,0.0027680329694809535
47/50,True,9.765625000017361e-06,23,0,9.765625000017361e-06,0.045587900134673155,0.0086063243621295367,1,RUN,1/50,linear,0.069400000000000003,0.0086063243621295367,12,0.004810214036859487,0,False,0.037840039280150145,0,False,5.1440329218107002e-05,0.93059999999999998,271,2.2204460492503131e-16,9.765625000017361e-06,97/100,1,0.040618556701030928,0.93999999999999995,4653/5000,40,12,0.066791583795666284,0.0075179193495210515
47/50,True,4.8828125000015947e-05,23,0,4.8828125000015947e-05,0.10369783412572636,0.030102513985590051,2,RUN,1/10,linear,0.107,0.030102513985590051,12,0.0060747581777851924,1,False,0.037840039280150145,0,False,5.1440329218107002e-05,0.89300000000000002,271,2.2204460492503131e-16,4.8828125000015947e-05,97/100,1,0.079381443298969068,0.93999999999999995,893/1000,40,12,0.107,0.024750264869681442
99/100,True,2.4414062500000267e-28,25,0,2.4414062500000267e-28,0.0050251256281407036,0.00048260445037147333,0,RUN,0,linear,0.01,0.00048260445037147333,12,0.004810214036859487,0,False,0.037840039280150145,0,False,5.1440329218107002e-05,0.98999999999999999,271,1.1102230246251565e-16,2.4414062500000258e-28,199/200,2,0.0050251256281407036,0.98999999999999999,99/100,40,12,0.0050251256281407036,0.00047322900423256848
99/100,True,4.8828125000000001e-06,25,0,4.8828125000000001e-06,0.019900000000000001,0.0059418777149665416,1,RUN,1/50,linear,0.019900000000000001,0.0059418777149665416,12,0.004810214036859487,0,False,0.037840039280150145,0,False,5.1440329218107002e-05,0.98009999999999997,271,1.1102230246251565e-16,4.8828125000000001e-06,199/200,2,0.014974874371859296,0.98999999999999999,9801/10000,40,12,0.019900000000000001,0.0057418614635776346
99/100,True,2.4414062500000001e-05,25,0,2.4414062500000001e-05,0.059499999999999997,0.02733262433422249,2,RUN,1/10,linear,0.059499999999999997,0.02733262433422249,12,0.004810214036859487,0,False,0.037840039280150145,0,False,5.1440329218107002e-05,0.9405,271,1.1102230246251565e-16,2.4414062500000001e-05,199/200,2,0.054773869346733665,0.98999999999999999,1881/2000,40,12,0.059499999999999997,0.024856191300957897
217/325,True,0.085621049999999976,53,0,0.085621049999999976,0.19926199261992619,0.13923223423470768,0,RUN,0,shared_gate,0.3323076923076923,0.13923223423470768,8,0.11126369316778326,174,False,0.18299753648935074,24,False,5.1440329218107002e-05,0.6676923076923077,271,1.1102230246251565e-16,0.085621049999999976,9/10,0,0.19926199261992619,0.6676923076923077,217/325,41,8,0.19926199261992619,0.072111834319526627
217/325,True,0.08461175399999997,53,0,0.08461175399999997,0.21204193912898506,0.14403858175253698,1,RUN,1/50,shared_gate,0.33898461538461538,0.14403858175253698,8,0.11727487946257086,185,False,0.18798259328607733,25,False,5.1440329218107002e-05,0.66101538461538456,271,1.1102230246251565e-16,0.08461175399999997,9/10,0,0.20726937269372694,0.6676923076923077,21483/32500,41,8,0.23875761723510772,0.073527158343195273
217/325,True,0.08057456999999997,53,0,0.08057456999999997,0.26257177821707617,0.16290014807577816,2,RUN,1/10,shared_gate,0.36569230769230771,0.16290014807577816,8,0.098046853996936051,150,False,0.17292283074258966,22,False,5.1440329218107002e-05,0.63430769230769235,271,1.1102230246251565e-16,0.08057456999999997,9/10,0,0.2392988929889299,0.6676923076923077,4123/6500,41,8,0.36569230769230771,0.078296828402366861
116137/130000,True,0.024239485343433915,17,0,0.024239485343433915,0.056322292056862643,0.035446884058611954,0,RUN,0,shared_gate,0.10663846153846154,0.035446884058611954,8,0.045919498260858845,59,False,0.063576388061292163,3,False,5.1440329218107002e-05,0.89336153846153843,271,2.2204460492503131e-16,0.024239485343433915,97/100,1,0.056322292056862643,0.89336153846153843,116137/130000,41,8,0.056322292056862643,0.029329618801775148
116137/130000,True,0.023832820636565236,17,0,0.023832820636565236,0.070716759050685987,0.040864688066490622,1,RUN,1/50,shared_gate,0.11557207692307692,0.040864688066490622,8,0.036751696733135088,44,False,0.090287796043485732,7,False,5.1440329218107002e-05,0.88442792307692308,271,2.2204460492503131e-16,0.023832820636565236,97/100,1,0.065759069136294021,0.89336153846153843,11497563/13000000,41,8,0.092715107537832908,0.033326768056988164
116137/130000,True,0.022206161809090522,17,0,0.022206161809090522,0.12775286413294379,0.062134361815970332,2,RUN,1/10,shared_gate,0.15130653846153846,0.062134361815970332,8,0.036129286778915755,43,False,0.04765719639040164,1,False,5.1440329218107002e-05,0.84869346153846159,271,2.2204460492503131e-16,0.022206161809090522,97/100,1,0.10350617745401951,0.89336153846153843,2206603/2600000,41,8,0.15130653846153846,0.047719175401035506
510543/520000,True,0.0048276032340474253,17,0,0.0048276032340474253,0.0091767155761574241,0.0055847981209132414,0,RUN,0,shared_gate,0.018186538461538462,0.0055847981209132414,8,0.011616894879318216,7,False,0.04765719639040164,1,False,5.1440329218107002e-05,0.9818134615384615,271,1.1102230246251565e-16,0.0048276032340474253,199/200,2,0.0091767155761574241,0.9818134615384615,510543/520000,41,8,0.0091767155761574241,0.0054137436677144969
510543/520000,True,0.0048091761693664766,17,0,0.0048091761693664766,0.024059174465394319,0.011200625397654082,1,RUN,1/50,shared_gate,0.028004673076923076,0.011200625397654082,8,0.013208681243785783,9,False,0.055989882596446917,2,False,5.1440329218107002e-05,0.97199532692307689,271,1.1102230246251565e-16,0.0048091761693664766,199/200,2,0.019084948420395851,0.9818134615384615,50543757/52000000,41,8,0.028004673076923076,0.010701938316401998
510543/520000,True,0.0047354679106426829,17,0,0.0047354679106426829,0.067277211538461543,0.033255748490732873,2,RUN,1/10,shared_gate,0.067277211538461543,0.033255748490732873,8,0.013981169096920256,10,False,0.037840039280150145,0,False,5.1440329218107002e-05,0.93272278846153844,271,1.1102230246251565e-16,0.0047354679106426829,199/200,2,0.058717879797349555,0.9818134615384615,9700317/10400000,41,8,0.067277211538461543,0.029926801564635726
5164/7975,False,1.4156646446809112e-17,5000,0.29081382711243409,0.29081382711243409,0.21394322246746328,0.018522786469556247,0,NOT_RUN_prespecified_scaling,0,sparse_polynomial,0.35247648902821316,0.018522786469556247,40,0.004810214036859487,0,,0.037840039280150145,0,,5.1440329218107002e-05,0.64752351097178684,271,,,9/10,0,0.21394322246746328,0.64752351097178684,5164/7975,42,64,0.21394322246746328,0.0079129274279930422
5164/7975,False,5.3842225080092527e-12,5000,0.30361580046337383,0.30361580046875808,0.22654585798816568,0.023548898245093045,1,NOT_RUN_prespecified_scaling,1/50,sparse_polynomial,0.35895172413793103,0.023548898245093045,40,0.004810214036859487,0,,0.037840039280150145,0,,5.1440329218107002e-05,0.64104827586206892,271,,,9/10,0,0.22180379024278865,0.64752351097178684,11619/18125,42,64,0.2537695488657829,0.0099106369284893032
5164/7975,False,2.6921055913460479e-11,5000,0.35482369386713303,0.3548236938940541,0.27636326936215144,0.043145974133637986,2,NOT_RUN_prespecified_scaling,1/10,sparse_polynomial,0.38485266457680251,0.043145974133637986,40,0.004810214036859487,0,,0.037840039280150145,0,,5.1440329218107002e-05,0.61514733542319744,271,,,9/10,0,0.25324606134409011,0.64752351097178684,24529/39875,42,64,0.38485266457680251,0.017062901535951889
1408637/1595000,True,0,281,0,0,0.062045779832915898,0.0045591037717301287,0,NOT_RUN_prespecified_scaling,0,sparse_polynomial,0.11684200626959247,0.0045591037717301287,40,0.004810214036859487,0,,0.037840039280150145,0,,5.1440329218107002e-05,0.88315799373040749,271,,,97/100,1,0.062045779832915898,0.88315799373040749,1408637/1595000,42,64,0.062045779832915898,0.0035722414611282513
1408637/1595000,True,0,281,0,0,0.076379500085603166,0.0096183240137845561,1,NOT_RUN_prespecified_scaling,1/50,sparse_polynomial,0.12567358620689656,0.0096183240137845561,40,0.004810214036859487,0,,0.037840039280150145,0,,5.1440329218107002e-05,0.8743264137931035,271,,,97/100,1,0.071425322034586736,0.88315799373040749,12677733/14500000,42,64,0.098558761350389781,0.0074241032696423835
1408637/1595000,True,0,281,0,0,0.1331701483614264,0.029332358559832083,2,NOT_RUN_prespecified_scaling,1/10,sparse_polynomial,0.16099990595611285,0.029332358559832083,40,0.004810214036859487,0,,0.037840039280150145,0,,5.1440329218107002e-05,0.8390000940438872,271,,,97/100,1,0.1089434908412701,0.88315799373040749,26764103/31900000,42,64,0.16099990595611285,0.021271614419919073
1136601/1160000,True,0,19,0,0,0.010188535143893084,0.00071463251704471822,0,NOT_RUN_prespecified_scaling,0,sparse_polynomial,0.02017155172413793,0.00071463251704471822,40,0.004810214036859487,0,,0.037840039280150145,0,,5.1440329218107002e-05,0.97982844827586202,271,,,199/200,2,0.010188535143893084,0.97982844827586202,1136601/1160000,42,64,0.010188535143893084,0.00068658345624164217
1136601/1160000,True,0,19,0,0,0.025060753073800957,0.0057886861296089533,1,NOT_RUN_prespecified_scaling,1/50,sparse_polynomial,0.029969836206896552,0.0057886861296089533,40,0.004810214036859487,0,,0.037840039280150145,0,,5.1440329218107002e-05,0.97003016379310347,271,,,199/200,2,0.020086649792454152,0.97982844827586202,112523499/116000000,42,64,0.029969836206896552,0.0054786275810412557
1136601/1160000,True,0,19,0,0,0.06916297413793103,0.025559018422012657,2,NOT_RUN_prespecified_scaling,1/10,sparse_polynomial,0.06916297413793103,0.025559018422012657,40,0.004810214036859487,0,,0.037840039280150145,0,,5.1440329218107002e-05,0.93083702586206896,271,,,199/200,2,0.059679108386698432,0.97982844827586202,21595419/23200000,42,64,0.06916297413793103,0.02272667650413834
1684/2625,False,0.04219009237065377,5000,0.057783157750555023,0.099973250121208793,0.21838013460199582,0.13371237377993603,0,RUN,0,shared_gate,0.3584761904761905,0.13371237377993603,20,0.11618392961333614,183,False,0.16782914739265051,21,False,5.1440329218107002e-05,0.6415238095238095,1619,1.1102230246251565e-16,0.084622805831838829,9/10,0,0.21838013460199582,0.6415238095238095,1684/2625,43,20,0.21838013460199582,0.0635235918367347
1684/2625,False,0.041393993312547332,5000,0.066604224942223622,0.10799821825477095,0.23092876314023708,0.13801568677818643,1,RUN,1/50,shared_gate,0.36489142857142859,0.13801568677818643,20,0.10522429587062478,163,False,0.17797825355145175,23,False,5.1440329218107002e-05,0.63510857142857147,1619,1.1102230246251565e-16,0.083006910689323143,9/10,0,0.22619633325597585,0.6415238095238095,13893/21875,43,20,0.25830684536024118,0.064584014425396824
1684/2625,False,0.038209597080121595,5000,0.10188849370889796,0.14009809078901955,0.28052925582276084,0.1547521880755614,2,RUN,1/10,shared_gate,0.39055238095238093,0.1547521880755614,20,0.098600605492923557,151,False,0.17292283074258966,22,False,5.1440329218107002e-05,0.60944761904761902,1619,1.1102230246251565e-16,0.076543330119260414,9/10,0,0.25746112787189601,0.6415238095238095,7999/13125,43,20,0.39055238095238093,0.068002599183673476
38681/43750,True,0.02387197315090869,351,0,0.02387197315090869,0.061493855466996643,0.03406844185094704,0,RUN,0,shared_gate,0.11586285714285714,0.03406844185094704,20,0.041066289421028579,51,False,0.077461418820635189,5,False,5.1440329218107002e-05,0.88413714285714284,1619,2.2204460492503131e-16,0.023871973150908686,97/100,1,0.061493855466996643,0.88413714285714284,38681/43750,43,20,0.061493855466996643,0.027570534617687076
38681/43750,True,0.023395620876611217,351,0,0.023395620876611217,0.075833447804165052,0.039086267785441928,1,RUN,1/50,shared_gate,0.12470422857142857,0.039086267785441928,20,0.04289508701163023,54,False,0.077461418820635189,5,False,5.1440329218107002e-05,0.8752957714285714,1619,2.2204460492503131e-16,0.023395620876611213,97/100,1,0.070878916912326673,0.88413714285714284,3829419/4375000,43,20,0.097995234398667766,0.031163732227779049
38681/43750,True,0.021490211779421339,351,0,0.021490211779421339,0.13264782081805584,0.058673391198655979,2,RUN,1/10,shared_gate,0.16006971428571429,0.058673391198655979,20,0.037991752561346223,46,False,0.08397721581833846,6,False,5.1440329218107002e-05,0.83993028571428574,1619,2.2204460492503131e-16,0.021490211779421335,97/100,1,0.10841916269364681,0.88413714285714284,734939/875000,43,20,0.16006971428571429,0.043973125693387752
85767/87500,True,0.0045457813079126559,79,0,0.0045457813079126559,0.010001904575020057,0.0053720079615255595,0,RUN,0,shared_gate,0.019805714285714284,0.0053720079615255595,20,0.013981169096920256,10,False,0.055989882596446917,2,False,5.1440329218107002e-05,0.98019428571428568,1619,1.1102230246251565e-16,0.004545781307912655,199/200,2,0.010001904575020057,0.98019428571428568,85767/87500,43,20,0.010001904575020057,0.0051891987265306125
85767/87500,True,0.0044549038287270588,79,0,0.0044549038287270588,0.02487601222045234,0.010619728550548536,1,RUN,1/50,shared_gate,0.029607657142857142,0.010619728550548536,20,0.011616894879318216,7,False,0.037840039280150145,0,False,5.1440329218107002e-05,0.97039234285714282,1619,1.1102230246251565e-16,0.004454903828727058,199/200,2,0.019901885529269855,0.98019428571428568,8490933/8750000,43,20,0.029607657142857142,0.010107526571245714
85767/87500,True,0.0040913939119846714,79,0,0.0040913939119846714,0.068815428571428569,0.031128935716197671,2,RUN,1/10,shared_gate,0.068815428571428569,0.031128935716197671,20,0.013208681243785783,9,False,0.04765719639040164,1,False,5.1440329218107002e-05,0.93118457142857147,1619,1.1102230246251565e-16,0.0040913939119846705,199/200,2,0.059501809346269051,0.98019428571428568,1629573/1750000,43,20,0.068815428571428569,0.027859276274612245
3096/4825,False,6.2263824389999215e-31,5000,0.27107289999999995,0.27107289999999995,0.21828052013634641,0.12871619224014494,0,NOT_RUN_prespecified_scaling,0,shared_gate,0.35834196891191711,0.12871619224014494,40,0.12108652795605244,192,,0.17797825355145175,23,,5.1440329218107002e-05,0.64165803108808295,811,,,9/10,0,0.21828052013634641,0.64165803108808295,3096/4825,44,40,0.21828052013634641,0.060824816773604663
3096/4825,False,1.8171704141423107e-11,5000,0.28330769201935402,0.2833076920375257,0.23083036334416557,0.13278773664532981,1,NOT_RUN_prespecified_scaling,1/50,shared_gate,0.36475854922279793,0.13278773664532981,40,0.099154074613876472,152,,0.15229347974948734,18,,5.1440329218107002e-05,0.63524145077720207,811,,,9/10,0,0.22609771493498296,0.64165803108808295,76626/120625,44,40,0.25820497488945976,0.06178886470616661
3096/4825,False,9.0858520707115536e-11,5000,0.33224686009677018,0.33224686018762872,0.28043573433596869,0.1485359639859857,2,NOT_RUN_prespecified_scaling,1/10,shared_gate,0.39042487046632124,0.1485359639859857,40,0.11509210929685339,181,,0.13630867884962625,15,,5.1440329218107002e-05,0.60957512953367876,811,,,9/10,0,0.25736649412952911,0.64165803108808295,14706/24125,44,40,0.39042487046632124,0.064821606378694732
426619/482500,False,1.4725424227020584e-51,5000,0.030000000000000027,0.030000000000000027,0.061467200663499498,0.033016301930213182,0,NOT_RUN_prespecified_scaling,0,shared_gate,0.11581554404145078,0.033016301930213182,40,0.041677141867587357,52,,0.08397721581833846,6,,5.1440329218107002e-05,0.88418445595854922,811,,,97/100,1,0.061467200663499498,0.88418445595854922,426619/482500,44,40,0.061467200663499498,0.026692854937313753
426619/482500,False,1.5079422155395152e-11,5000,0.039400005401670962,0.039400005416750386,0.075807076512256169,0.037862473082266715,1,NOT_RUN_prespecified_scaling,1/50,shared_gate,0.12465738860103627,0.037862473082266715,40,0.047721246893137011,62,,0.090287796043485732,7,,5.1440329218107002e-05,0.87534261139896374,811,,,97/100,1,0.070852528656864505,0.88418445595854922,42235281/48250000,44,40,0.097968019336311066,0.030152822010766033
426619/482500,False,7.5397110776975756e-11,5000,0.077000027008354704,0.07700002708375181,0.13262259499888515,0.056724377026178489,2,NOT_RUN_prespecified_scaling,1/10,shared_gate,0.16002476683937825,0.056724377026178489,40,0.044108237597569301,56,,0.11407657748359903,11,,5.1440329218107002e-05,0.83997523316062173,811,,,97/100,1,0.10839384063032452,0.88418445595854922,8105761/9650000,44,40,0.16002476683937825,0.042429126000257722
1891791/1930000,True,0.0041948179229717173,91,0,0.0041948179229717173,0.0099976686323244787,0.0052169942803304342,0,NOT_RUN_prespecified_scaling,0,shared_gate,0.019797409326424872,0.0052169942803304342,40,0.01767855357126636,15,,0.055989882596446917,2,,5.1440329218107002e-05,0.98020259067357518,811,,,199/200,2,0.0099976686323244787,0.98020259067357518,1891791/1930000,44,40,0.0099976686323244787,0.0050387602565840697
1891791/1930000,True,0.0041109215646032322,91,0,0.0041109215646032322,0.024871819164493863,0.010309116581474679,1,NOT_RUN_prespecified_scaling,1/50,shared_gate,0.029599435233160623,0.010309116581474679,40,0.0081351799559529689,3,,0.055989882596446917,2,,5.1440329218107002e-05,0.97040056476683934,811,,,199/200,2,0.019897691946001234,0.98020259067357518,187287309/193000000,44,40,0.029599435233160623,0.0098089825600128598
1891791/1930000,True,0.003775336131129293,91,0,0.003775336131129293,0.068807538860103629,0.030162900376901669,2,NOT_RUN_prespecified_scaling,1/10,shared_gate,0.068807538860103629,0.030162900376901669,40,0.013208681243785783,9,,0.055989882596446917,2,,5.1440329218107002e-05,0.9311924611398964,811,,,199/200,2,0.059497785200708253,0.98020259067357518,35944029/38600000,44,40,0.068807538860103629,0.026968277536201644
4/5,True,2.9079999999999945e-09,63,0,2.9079999999999945e-09,0.1111111111111111,0.015064025925794028,0,RUN,0,linear,0.20000000000000001,0.015064025925794028,12,0.004810214036859487,0,False,0.037840039280150145,0,False,5.1440329218107002e-05,0.80000000000000004,1619,1.1102230246251565e-16,2.9079999999999941e-09,9/10,0,0.1111111111111111,0.80000000000000004,4/5,45,12,0.1111111111111111,0.0097884297520661155
4/5,True,9.7659099840000004e-05,63,0,9.7659099840000004e-05,0.12491071428571429,0.02072085444081273,1,RUN,1/50,linear,0.20799999999999999,0.02072085444081273,12,0.004810214036859487,0,False,0.037840039280150145,0,False,5.1440329218107002e-05,0.79200000000000004,1619,1.1102230246251565e-16,9.7659099840000004e-05,9/10,0,0.12,0.80000000000000004,99/125,45,12,0.14866817155756207,0.013272462809917356
4/5,True,0.00048828386720000002,63,0,0.00048828386720000002,0.17954545454545454,0.042961667855268795,2,RUN,1/10,linear,0.23999999999999999,0.042961667855268795,12,0.0060747581777851924,1,False,0.037840039280150145,0,False,5.1440329218107002e-05,0.76000000000000001,1619,1.1102230246251565e-16,0.00048828386720000002,9/10,0,0.15555555555555556,0.80000000000000004,19/25,45,12,0.23999999999999999,0.025928595041322312
47/50,True,1.7714700000000173e-17,23,0,1.7714700000000173e-17,0.030927835051546393,0.0035690694663216157,0,RUN,0,linear,0.059999999999999998,0.0035690694663216157,12,0.004810214036859487,0,False,0.037840039280150145,0,False,5.1440329218107002e-05,0.93999999999999995,1619,2.2204460492503131e-16,1.7714700000000173e-17,97/100,1,0.030927835051546393,0.93999999999999995,47/50,45,12,0.030927835051546393,0.0031649256198347108
47/50,True,9.765625000017361e-06,23,0,9.765625000017361e-06,0.045587900134673155,0.0091248821188583233,1,RUN,1/50,linear,0.069400000000000003,0.0091248821188583233,12,0.004810214036859487,0,False,0.037840039280150145,0,False,5.1440329218107002e-05,0.93059999999999998,1619,2.2204460492503131e-16,9.765625000017361e-06,97/100,1,0.040618556701030928,0.93999999999999995,4653/5000,45,12,0.066791583795666284,0.0079750687603305781
47/50,True,4.8828125000015947e-05,23,0,4.8828125000015947e-05,0.10369783412572636,0.030925410682309262,2,RUN,1/10,linear,0.107,0.030925410682309262,12,0.004810214036859487,0,False,0.037840039280150145,0,False,5.1440329218107002e-05,0.89300000000000002,1619,2.2204460492503131e-16,4.8828125000015947e-05,97/100,1,0.079381443298969068,0.93999999999999995,893/1000,45,12,0.107,0.025448441322314049
99/100,True,2.4414062500000267e-28,25,0,2.4414062500000267e-28,0.0050251256281407036,0.00055176420221849981,0,RUN,0,linear,0.01,0.00055176420221849981,12,0.004810214036859487,0,False,0.037840039280150145,0,False,5.1440329218107002e-05,0.98999999999999999,1619,2.2204460492503131e-16,2.4414062500000258e-28,199/200,2,0.0050251256281407036,0.98999999999999999,99/100,45,12,0.0050251256281407036,0.00054108264462809919
99/100,True,4.8828125000000001e-06,25,0,4.8828125000000001e-06,0.019900000000000001,0.0060804133213545834,1,RUN,1/50,linear,0.019900000000000001,0.0060804133213545834,12,0.004810214036859487,0,False,0.037840039280150145,0,False,5.1440329218107002e-05,0.98009999999999997,1619,2.2204460492503131e-16,4.8828125000000001e-06,199/200,2,0.014974874371859296,0.98999999999999999,9801/10000,45,12,0.019900000000000001,0.0058765526446280993
99/100,True,2.4414062500000001e-05,25,0,2.4414062500000001e-05,0.059499999999999997,0.027762447538060023,2,RUN,1/10,linear,0.059499999999999997,0.027762447538060023,12,0.0060747581777851924,1,False,0.037840039280150145,0,False,5.1440329218107002e-05,0.9405,1619,2.2204460492503131e-16,2.4414062500000001e-05,199/200,2,0.054773869346733665,0.98999999999999999,1881/2000,45,12,0.059499999999999997,0.025258232644628099
476/725,True,0.084622514020426962,1171,0,0.084622514020426962,0.20732722731057451,0.1329748407877907,0,RUN,0,shared_gate,0.34344827586206894,0.1329748407877907,16,0.11945421782476352,189,False,0.19785680812243389,27,False,5.1440329218107002e-05,0.65655172413793106,271,1.1102230246251565e-16,0.084622514020426809,9/10,0,0.20732722731057451,0.65655172413793106,476/725,46,16,0.20732722731057451,0.066111296076099876
476/725,True,0.083033823505643423,1171,0,0.083033823505643423,0.22001003143181971,0.13733753741622159,1,RUN,1/50,shared_gate,0.35001379310344827,0.13733753741622159,16,0.10246909874507781,158,False,0.17797825355145175,23,False,5.1440329218107002e-05,0.64998620689655173,271,1.1102230246251565e-16,0.08303382350564327,9/10,0,0.21525395503746877,0.65655172413793106,11781/18125,46,16,0.24700424797332746,0.067259964930638128
476/725,True,0.076679061446509267,1171,0,0.076679061446509267,0.2701495073054706,0.15432340615536913,2,RUN,1/10,shared_gate,0.37627586206896552,0.15432340615536913,16,0.10907094124038146,170,False,0.16269484294741648,20,False,5.1440329218107002e-05,0.62372413793103443,271,1.1102230246251565e-16,0.076679061446509128,9/10,0,0.24696086594504579,0.65655172413793106,2261/3625,46,16,0.37627586206896552,0.070992520015854141
16121/18125,True,0.021935298922676431,51,0,0.021935298922676431,0.058517783098756056,0.033983236938339795,0,RUN,0,shared_gate,0.11056551724137931,0.033983236938339795,16,0.033622479312254865,39,False,0.096429540957684814,8,False,5.1440329218107002e-05,0.88943448275862069,271,1.1102230246251565e-16,0.021935298922676431,97/100,1,0.058517783098756056,0.88943448275862069,16121/18125,46,16,0.058517783098756056,0.027829666777645659
16121/18125,True,0.021498423998910401,51,0,0.021498423998910401,0.072888986553826501,0.039050354411831585,1,RUN,1/50,shared_gate,0.11945986206896551,0.039050354411831585,16,0.031722557586939482,36,False,0.063576388061292163,3,False,5.1440329218107002e-05,0.88054013793103447,271,1.1102230246251565e-16,0.021498423998910401,97/100,1,0.067932605267768495,0.88943448275862069,1595979/1812500,46,16,0.094956653299642466,0.031508132528145862
16121/18125,True,0.019750924303846288,51,0,0.019750924303846288,0.1298310852737519,0.058844843130261559,2,RUN,1/10,shared_gate,0.15503724137931035,0.058844843130261559,16,0.027862370531991275,30,False,0.08397721581833846,6,False,5.1440329218107002e-05,0.8449627586206897,271,1.1102230246251565e-16,0.019750924303846288,97/100,1,0.10559189394381825,0.88943448275862069,306299/362500,46,16,0.15503724137931035,0.044639808131906461
142263/145000,True,0.0046378448440916441,33,0,0.0046378448440916441,0.0095278542659514107,0.0053625636686729199,0,RUN,0,shared_gate,0.018875862068965518,0.0053625636686729199,16,0.013208681243785783,9,False,0.055989882596446917,2,False,5.1440329218107002e-05,0.98112413793103448,271,2.2204460492503131e-16,0.0046378448440916433,199/200,2,0.0095278542659514107,0.98112413793103448,142263/145000,46,16,0.0095278542659514107,0.0051898592667459376
142263/145000,True,0.0045453931229910609,33,0,0.0045453931229910609,0.024406760318705156,0.010655846315045731,1,RUN,1/50,shared_gate,0.028687103448275863,0.010655846315045731,16,0.0081351799559529689,3,False,0.037840039280150145,0,False,5.1440329218107002e-05,0.97131289655172415,271,2.2204460492503131e-16,0.00454539312299106,199/200,2,0.019432575723291896,0.98112413793103448,14084037/14500000,46,16,0.028687103448275863,0.01016152445452715
142263/145000,True,0.0041755862385887306,33,0,0.0041755862385887306,0.067932068965517248,0.031356677159841979,2,RUN,1/10,shared_gate,0.067932068965517248,0.031356677159841979,16,0.014740845846075136,11,False,0.04765719639040164,1,False,5.1440329218107002e-05,0.93206793103448271,271,2.2204460492503131e-16,0.0041755862385887297,199/200,2,0.059051461552653839,0.98112413793103448,2702997/2900000,46,16,0.067932068965517248,0.02812297605759017
4/5,True,2.7999999999999961e-06,19,0,2.7999999999999961e-06,0.1111111111111111,0.024411909331725965,0,RUN,0,linear,0.20000000000000001,0.024411909331725965,8,0.004810214036859487,0,False,0.037840039280150145,0,False,5.1440329218107002e-05,0.80000000000000004,1619,1.1102230246251565e-16,2.7999999999999965e-06,9/10,0,0.1111111111111111,0.80000000000000004,4/5,47,8,0.1111111111111111,0.016014568158168575
4/5,True,0.00062774399999999996,19,0,0.00062774399999999996,0.12491071428571429,0.030479850795719705,1,RUN,1/50,linear,0.20799999999999999,0.030479850795719705,8,0.0060747581777851924,1,False,0.037840039280150145,0,False,5.1440329218107002e-05,0.79200000000000004,1619,1.1102230246251565e-16,0.00062774399999999996,9/10,0,0.12,0.80000000000000004,99/125,47,8,0.14866817155756207,0.01971997502601457
4/5,True,0.0031275200000000004,19,0,0.0031275200000000004,0.17954545454545454,0.054450308157223209,2,RUN,1/10,linear,0.23999999999999999,0.054450308157223209,8,0.0090592862196964882,4,False,0.037840039280150145,0,False,5.1440329218107002e-05,0.76000000000000001,1619,1.1102230246251565e-16,0.0031275200000000004,9/10,0,0.15555555555555556,0.80000000000000004,19/25,47,8,0.23999999999999999,0.03326160249739854
47/50,True,6.5610000000000465e-13,17,0,6.5610000000000465e-13,0.030927835051546393,0.0058260256777858078,0,RUN,0,linear,0.059999999999999998,0.0058260256777858078,8,0.004810214036859487,0,False,0.037840039280150145,0,False,5.1440329218107002e-05,0.93999999999999995,1619,1.1102230246251565e-16,6.5610000000000465e-13,97/100,1,0.030927835051546393,0.93999999999999995,47/50,47,8,0.030927835051546393,0.0051780437044745059
47/50,True,7.8125000642977996e-05,17,0,7.8125000642977996e-05,0.045587900134673155,0.011746777891963342,1,RUN,1/50,linear,0.069400000000000003,0.011746777891963342,8,0.004810214036859487,0,False,0.037840039280150145,0,False,5.1440329218107002e-05,0.93059999999999998,1619,1.1102230246251565e-16,7.8125000642977996e-05,97/100,1,0.040618556701030928,0.93999999999999995,4653/5000,47,8,0.066791583795666284,0.010293821061394381
47/50,True,0.00039062500059049003,17,0,0.00039062500059049003,0.10369783412572636,0.035077894367218483,2,RUN,1/10,linear,0.107,0.035077894367218483,8,0.004810214036859487,0,False,0.037840039280150145,0,False,5.1440329218107002e-05,0.89300000000000002,1619,1.1102230246251565e-16,0.00039062500059049003,97/100,1,0.079381443298969068,0.93999999999999995,893/1000,47,8,0.107,0.02898973048907388
99/100,True,3.9062500000000283e-19,17,0,3.9062500000000283e-19,0.0050251256281407036,0.00090240881816426512,0,RUN,0,linear,0.01,0.00090240881816426512,8,0.004810214036859487,0,False,0.037840039280150145,0,False,5.1440329218107002e-05,0.98999999999999999,1619,1.1102230246251565e-16,3.9062500000000278e-19,199/200,2,0.0050251256281407036,0.98999999999999999,99/100,47,8,0.0050251256281407036,0.00088524973985431839
99/100,True,7.8125000000000381e-05,17,0,7.8125000000000381e-05,0.019900000000000001,0.0067824991204430305,1,RUN,1/50,linear,0.019900000000000001,0.0067824991204430305,8,0.004810214036859487,0,False,0.037840039280150145,0,False,5.1440329218107002e-05,0.98009999999999997,1619,1.1102230246251565e-16,7.8125000000000381e-05,199/200,2,0.014974874371859296,0.98999999999999999,9801/10000,47,8,0.019900000000000001,0.0065597329760665969
99/100,True,0.00039062500000000035,17,0,0.00039062500000000035,0.059499999999999997,0.029936758969600727,2,RUN,1/10,linear,0.059499999999999997,0.029936758969600727,8,0.004810214036859487,0,False,0.037840039280150145,0,False,5.1440329218107002e-05,0.9405,1619,1.1102230246251565e-16,0.00039062500000000035,199/200,2,0.054773869346733665,0.98999999999999999,1881/2000,47,8,0.059499999999999997,0.027297465920915712
7204/11375,True,2.5389999999999951e-09,135,0,2.5389999999999951e-09,0.22450078045104688,0.06086918079886345,0,RUN,0,sparse_polynomial,0.3666813186813187,0.06086918079886345,12,0.004810214036859487,0,False,0.037840039280150145,0,False,5.1440329218107002e-05,0.6333186813186813,1619,1.1102230246251565e-16,2.5389999999999951e-09,9/10,0,0.22450078045104688,0.6333186813186813,7204/11375,48,24,0.22450078045104688,0.025996564666103127
7204/11375,True,5.3713425720000002e-05,135,0,5.3713425720000002e-05,0.23697458685813338,0.065937453024899201,1,RUN,1/50,sparse_polynomial,0.37301450549450549,0.065937453024899201,12,0.004810214036859487,0,False,0.037840039280150145,0,False,5.1440329218107002e-05,0.62698549450549446,1619,1.1102230246251565e-16,5.3713425720000002e-05,9/10,0,0.23225577264653641,0.6333186813186813,178299/284375,48,24,0.26456630556920174,0.027750524494336432
7204/11375,True,0.00026855697260000003,135,0,0.00026855697260000003,0.28627461742815113,0.085778913874352533,2,RUN,1/10,sparse_polynomial,0.39834725274725274,0.085778913874352533,12,0.004810214036859487,0,False,0.037840039280150145,0,False,5.1440329218107002e-05,0.6016527472527472,1619,1.1102230246251565e-16,0.00026855697260000003,9/10,0,0.26327574142849453,0.6333186813186813,34219/56875,48,24,0.39834725274725274,0.033964178703055188
4989379/5687500,True,0,13,0,0,0.065386242552716009,0.015439370707763862,0,RUN,0,sparse_polynomial,0.12274654945054946,0.015439370707763862,12,0.004810214036859487,0,False,0.037840039280150145,0,False,5.1440329218107002e-05,0.87725345054945059,1619,2.2204460492503131e-16,0,97/100,1,0.065386242552716009,0.87725345054945059,4989379/5687500,48,24,0.065386242552716009,0.012068055535202028
4989379/5687500,True,0,13,0,0,0.079684358024998139,0.020652896088761623,1,RUN,1/50,sparse_polynomial,0.13151908395604395,0.020652896088761623,12,0.004810214036859487,0,False,0.037840039280150145,0,False,5.1440329218107002e-05,0.86848091604395605,1619,2.2204460492503131e-16,0,97/100,1,0.074732380127188858,0.87725345054945059,493948521/568750000,48,24,0.10196951488161368,0.015906142761582406
4989379/5687500,True,0,13,0,0,0.13633116451577543,0.041034108722898345,2,RUN,1/10,sparse_polynomial,0.16660922197802197,0.041034108722898345,12,0.004810214036859487,0,False,0.037840039280150145,0,False,5.1440329218107002e-05,0.83339077802197803,1619,2.2204460492503131e-16,0,97/100,1,0.11211693042508021,0.87725345054945059,94798201/113750000,48,24,0.16660922197802197,0.029719344434102086
44532477/45500000,True,0,11,0,0,0.010746377665472871,0.0024386074475191309,0,RUN,0,sparse_polynomial,0.021264241758241757,0.0024386074475191309,12,0.004810214036859487,0,False,0.037840039280150145,0,False,5.1440329218107002e-05,0.97873575824175829,1619,2.2204460492503131e-16,0,199/200,2,0.010746377665472871,0.97873575824175829,44532477/45500000,48,24,0.010746377665472871,0.0023417103433649921
44532477/45500000,True,0,11,0,0,0.025612945132009807,0.007712494036789295,1,RUN,1/50,sparse_polynomial,0.03105159934065934,0.007712494036789295,12,0.004810214036859487,0,False,0.037840039280150145,0,False,5.1440329218107002e-05,0.96894840065934063,1619,2.2204460492503131e-16,0,199/200,2,0.020638913888818142,0.97873575824175829,4408715223/4550000000,48,24,0.03105159934065934,0.0072972398065868568
44532477/45500000,True,0,11,0,0,0.070201029670329665,0.028327156120765223,2,RUN,1/10,sparse_polynomial,0.070201029670329665,0.028327156120765223,12,0.004810214036859487,0,False,0.037840039280150145,0,False,5.1440329218107002e-05,0.92979897032967029,1619,2.2204460492503131e-16,0,199/200,2,0.060209058782199225,0.97873575824175829,846117063/910000000,48,24,0.070201029670329665,0.025203510290552174
4/5,False,2.3195807999999845e-33,5000,0.10000000000000014,0.10000000000000014,0.1111111111111111,0.0047828201550707845,0,NOT_RUN_prespecified_scaling,0,linear,0.20000000000000001,0.0047828201550707845,40,0.004810214036859487,0,,0.037840039280150145,0,,5.1440329218107002e-05,0.80000000000000004,1619,,,9/10,0,0.1111111111111111,0.80000000000000004,4/5,49,40,0.1111111111111111,0.0030757154932979109
4/5,False,1.382431946694851e-11,5000,0.10800022888183608,0.1080002288956604,0.12491071428571429,0.0099766779918417578,1,NOT_RUN_prespecified_scaling,1/50,linear,0.20799999999999999,0.0099766779918417578,40,0.004810214036859487,0,,0.037840039280150145,0,,5.1440329218107002e-05,0.79200000000000004,1619,,,9/10,0,0.12,0.80000000000000004,99/125,49,40,0.14866817155756207,0.0063210742663929479
4/5,False,6.9121597334742546e-11,5000,0.14000114440917982,0.14000114447830142,0.17954545454545454,0.030258274453353877,2,NOT_RUN_prespecified_scaling,1/10,linear,0.23999999999999999,0.030258274453353877,40,0.004810214036859487,0,,0.037840039280150145,0,,5.1440329218107002e-05,0.76000000000000001,1619,,,9/10,0,0.15555555555555556,0.80000000000000004,19/25,49,40,0.23999999999999999,0.018022509358773094
47/50,True,5.3356928282544146e-53,3319,0,5.3356928282544146e-53,0.030927835051546393,0.0011242228657399576,0,NOT_RUN_prespecified_scaling,0,linear,0.059999999999999998,0.0011242228657399576,40,0.004810214036859487,0,,0.037840039280150145,0,,5.1440329218107002e-05,0.93999999999999995,1619,,,97/100,1,0.030927835051546393,0.93999999999999995,47/50,49,40,0.030927835051546393,0.00099448134283299113
47/50,True,1.420630724169314e-11,3319,0,1.420630724169314e-11,0.045587900134673155,0.0062824537245473695,1,NOT_RUN_prespecified_scaling,1/50,linear,0.069400000000000003,0.0062824537245473695,40,0.004810214036859487,0,,0.037840039280150145,0,,5.1440329218107002e-05,0.93059999999999998,1619,,,97/100,1,0.040618556701030928,0.93999999999999995,4653/5000,49,40,0.066791583795666284,0.0054751047989373266
47/50,True,7.1031536208465703e-11,3319,0,7.1031536208465703e-11,0.10369783412572636,0.026408182967010731,2,NOT_RUN_prespecified_scaling,1/10,linear,0.107,0.026408182967010731,40,0.004810214036859487,0,,0.037840039280150145,0,,5.1440329218107002e-05,0.89300000000000002,1619,,,97/100,1,0.079381443298969068,0.93999999999999995,893/1000,49,40,0.107,0.021630398623354669
99/100,True,9.0949470177296107e-93,81,0,9.0949470177296107e-93,0.0050251256281407036,0.00017344069929693429,0,NOT_RUN_prespecified_scaling,0,linear,0.01,0.00017344069929693429,40,0.004810214036859487,0,,0.037840039280150145,0,,5.1440329218107002e-05,0.98999999999999999,1619,,,199/200,2,0.0050251256281407036,0.98999999999999999,99/100,49,40,0.0050251256281407036,0.00017001871754619008
99/100,True,1.8189894035458565e-14,81,0,1.8189894035458565e-14,0.019900000000000001,0.0053223463470236454,1,NOT_RUN_prespecified_scaling,1/50,linear,0.019900000000000001,0.0053223463470236454,40,0.004810214036859487,0,,0.037840039280150145,0,,5.1440329218107002e-05,0.98009999999999997,1619,,,199/200,2,0.014974874371859296,0.98999999999999999,9801/10000,49,40,0.019900000000000001,0.0051399814261562614
99/100,True,9.0949470177292829e-14,81,0,9.0949470177292829e-14,0.059499999999999997,0.025407266694615436,2,NOT_RUN_prespecified_scaling,1/10,linear,0.059499999999999997,0.025407266694615436,40,0.004810214036859487,0,,0.037840039280150145,0,,5.1440329218107002e-05,0.9405,1619,,,199/200,2,0.054773869346733665,0.98999999999999999,1881/2000,49,40,0.059499999999999997,0.023059632260596548
4/5,True,1.7742699999999954e-11,297,0,1.7742699999999954e-11,0.1111111111111111,0.012315353140248175,0,RUN,0,linear,0.20000000000000001,0.012315353140248175,16,0.004810214036859487,0,False,0.037840039280150145,0,False,5.1440329218107002e-05,0.80000000000000004,811,0,1.7742699999999954e-11,9/10,0,0.1111111111111111,0.80000000000000004,4/5,50,16,0.1111111111111111,0.0079801038062283745
4/5,True,3.5095232231596002e-05,297,0,3.5095232231596002e-05,0.12491071428571429,0.017849516602704011,1,RUN,1/50,linear,0.20799999999999999,0.017849516602704011,16,0.004810214036859487,0,False,0.037840039280150145,0,False,5.1440329218107002e-05,0.79200000000000004,811,0,3.5095232231596002e-05,9/10,0,0.12,0.80000000000000004,99/125,50,16,0.14866817155756207,0.011399840830449827
4/5,True,0.00017547609018718,297,0,0.00017547609018718,0.17954545454545454,0.039572392504786273,2,RUN,1/10,linear,0.23999999999999999,0.039572392504786273,16,0.004810214036859487,0,False,0.037840039280150145,0,False,5.1440329218107002e-05,0.76000000000000001,811,0,0.00017547609018718,9/10,0,0.15555555555555556,0.80000000000000004,19/25,50,16,0.23999999999999999,0.02379878892733564
47/50,True,1.447948205370018e-21,69,0,1.447948205370018e-21,0.030927835051546393,0.0029116352027360537,0,RUN,0,linear,0.059999999999999998,0.0029116352027360537,16,0.004810214036859487,0,False,0.037840039280150145,0,False,5.1440329218107002e-05,0.93999999999999995,811,2.2204460492503131e-16,1.447948205370018e-21,97/100,1,0.030927835051546393,0.93999999999999995,47/50,50,16,0.030927835051546393,0.0025802335640138408
47/50,True,3.3569335937500013e-06,69,0,3.3569335937500013e-06,0.045587900134673155,0.0083607669379103453,1,RUN,1/50,linear,0.069400000000000003,0.0083607669379103453,16,0.004810214036859487,0,False,0.037840039280150145,0,False,5.1440329218107002e-05,0.93059999999999998,811,2.2204460492503131e-16,3.3569335937500013e-06,97/100,1,0.040618556701030928,0.93999999999999995,4653/5000,50,16,0.066791583795666284,0.0073016079930795846
47/50,True,1.6784667968750001e-05,69,0,1.6784667968750001e-05,0.10369783412572636,0.029712653124729316,2,RUN,1/10,linear,0.107,0.029712653124729316,16,0.004810214036859487,0,False,0.037840039280150145,0,False,5.1440329218107002e-05,0.89300000000000002,811,2.2204460492503131e-16,1.6784667968750001e-05,97/100,1,0.079381443298969068,0.93999999999999995,893/1000,50,16,0.107,0.024419905709342559
99/100,True,1.525878906250022e-37,33,0,1.525878906250022e-37,0.0050251256281407036,0.00044987649652307058,0,RUN,0,linear,0.01,0.00044987649652307058,16,0.004810214036859487,0,False,0.037840039280150145,0,False,5.1440329218107002e-05,0.98999999999999999,811,1.1102230246251565e-16,1.5258789062500216e-37,199/200,2,0.0050251256281407036,0.98999999999999999,99/100,50,16,0.0050251256281407036,0.00044112240484429064
99/100,True,3.0517578125000001e-07,33,0,3.0517578125000001e-07,0.019900000000000001,0.0058763127642371136,1,RUN,1/50,linear,0.019900000000000001,0.0058763127642371136,16,0.004810214036859487,0,False,0.037840039280150145,0,False,5.1440329218107002e-05,0.98009999999999997,811,1.1102230246251565e-16,3.0517578125000001e-07,199/200,2,0.014974874371859296,0.98999999999999999,9801/10000,50,16,0.019900000000000001,0.005678129057093426
99/100,True,1.5258789062500001e-06,33,0,1.5258789062500001e-06,0.059499999999999997,0.027129110549811455,2,RUN,1/10,linear,0.059499999999999997,0.027129110549811455,16,0.004810214036859487,0,False,0.037840039280150145,0,False,5.1440329218107002e-05,0.9405,811,1.1102230246251565e-16,1.5258789062500001e-06,199/200,2,0.054773869346733665,0.98999999999999999,1881/2000,50,16,0.059499999999999997,0.024665955666089964
4/5,False,6.824888999999985e-22,5000,1.0000000017099981e-09,1.0000000017106805e-09,0.1111111111111111,0.0063793566522816446,0,NOT_RUN_prespecified_scaling,0,linear,0.20000000000000001,0.0063793566522816446,28,0.004810214036859487,0,,0.037840039280150145,0,,5.1440329218107002e-05,0.80000000000000004,271,,,9/10,0,0.1111111111111111,0.80000000000000004,4/5,51,28,0.1111111111111111,0.0041090010405827266
4/5,False,8.4713101387024608e-08,5000,3.9120700458986053e-05,3.9205413560373076e-05,0.12491071428571429,0.011645851216967011,1,NOT_RUN_prespecified_scaling,1/50,linear,0.20799999999999999,0.011645851216967011,28,0.004810214036859487,0,,0.037840039280150145,0,,5.1440329218107002e-05,0.79200000000000004,271,,,9/10,0,0.12,0.80000000000000004,99/125,51,28,0.14866817155756207,0.0073910988553590011
4/5,False,4.2356550693512027e-07,5000,0.00019559950229492342,0.00019602306780185853,0.17954545454545454,0.03223561850904718,2,NOT_RUN_prespecified_scaling,1/10,linear,0.23999999999999999,0.03223561850904718,28,0.004810214036859487,0,,0.037840039280150145,0,,5.1440329218107002e-05,0.76000000000000001,271,,,9/10,0,0.15555555555555556,0.80000000000000004,19/25,51,28,0.23999999999999999,0.019239490114464099
47/50,True,1.2126919897286348e-38,197,0,1.2126919897286348e-38,0.030927835051546393,0.0015013381165981505,0,NOT_RUN_prespecified_scaling,0,linear,0.059999999999999998,0.0015013381165981505,28,0.004810214036859487,0,,0.037840039280150145,0,,5.1440329218107002e-05,0.93999999999999995,271,,,97/100,1,0.030927835051546393,0.93999999999999995,47/50,51,28,0.030927835051546393,0.0013285770031217481
47/50,True,2.384185791015625e-09,197,0,2.384185791015625e-09,0.045587900134673155,0.0067210490879243464,1,NOT_RUN_prespecified_scaling,1/50,linear,0.069400000000000003,0.0067210490879243464,28,0.004810214036859487,0,,0.037840039280150145,0,,5.1440329218107002e-05,0.93059999999999998,271,,,97/100,1,0.040618556701030928,0.93999999999999995,4653/5000,51,28,0.066791583795666284,0.0058599232986472427
47/50,True,1.1920928955078126e-08,197,0,1.1920928955078126e-08,0.10369783412572636,0.027106258444273095,2,NOT_RUN_prespecified_scaling,1/10,linear,0.107,0.027106258444273095,28,0.004810214036859487,0,,0.037840039280150145,0,,5.1440329218107002e-05,0.89300000000000002,271,,,97/100,1,0.079381443298969068,0.93999999999999995,893/1000,51,28,0.107,0.022218108480749219
99/100,True,3.7252902984620078e-65,57,0,3.7252902984620078e-65,0.0050251256281407036,0.00023169454151125205,0,NOT_RUN_prespecified_scaling,0,linear,0.01,0.00023169454151125205,28,0.004810214036859487,0,,0.037840039280150145,0,,5.1440329218107002e-05,0.98999999999999999,271,,,199/200,2,0.0050251256281407036,0.98999999999999999,99/100,51,28,0.0050251256281407036,0.00022713644640998958
99/100,True,7.4505805969238283e-11,57,0,7.4505805969238283e-11,0.019900000000000001,0.0054391105981902756,1,NOT_RUN_prespecified_scaling,1/50,linear,0.019900000000000001,0.0054391105981902756,28,0.004810214036859487,0,,0.037840039280150145,0,,5.1440329218107002e-05,0.98009999999999997,271,,,199/200,2,0.014974874371859296,0.98999999999999999,9801/10000,51,28,0.019900000000000001,0.0052533615530697192
99/100,True,3.7252902984619143e-10,57,0,3.7252902984619143e-10,0.059499999999999997,0.025770541534579011,2,NOT_RUN_prespecified_scaling,1/10,linear,0.059499999999999997,0.025770541534579011,28,0.004810214036859487,0,,0.037840039280150145,0,,5.1440329218107002e-05,0.9405,271,,,199/200,2,0.054773869346733665,0.98999999999999999,1881/2000,51,28,0.059499999999999997,0.023398061979708638
884/1375,True,0.080368290810000048,269,0,0.080368290810000048,0.217352810978309,0.14106671451610289,0,RUN,0,shared_gate,0.35709090909090907,0.14106671451610289,12,0.11399940557162652,179,False,0.13630867884962625,15,False,5.1440329218107002e-05,0.64290909090909087,1619,1.1102230246251565e-16,0.080368290809999993,9/10,0,0.217352810978309,0.64290909090909087,884/1375,52,12,0.217352810978309,0.067883504132231404
884/1375,True,0.079200378118800055,269,0,0.079200378118800055,0.22991396167383651,0.14570794497217401,1,RUN,1/50,shared_gate,0.36352000000000001,0.14570794497217401,12,0.095828972047081448,146,False,0.13630867884962625,15,False,5.1440329218107002e-05,0.63648000000000005,1619,1.1102230246251565e-16,0.079200378118799999,9/10,0,0.2251792828685259,0.64290909090909087,1989/3125,52,12,0.25725626051667821,0.069094962988429751
884/1375,True,0.074528727354000041,269,0,0.074528727354000041,0.27956474625248329,0.1638792598110636,2,RUN,1/10,shared_gate,0.38923636363636366,0.1638792598110636,12,0.11016779033240999,172,False,0.16269484294741648,20,False,5.1440329218107002e-05,0.6107636363636364,1619,1.1102230246251565e-16,0.074528727353999999,9/10,0,0.25648517042939356,0.64290909090909087,4199/6875,52,12,0.38923636363636366,0.073114134214876031
30409/34375,True,0.023450087235260417,55,0,0.023450087235260417,0.061218819461595457,0.035647737743702584,0,RUN,0,shared_gate,0.11537454545454545,0.035647737743702584,12,0.034879434956582273,41,False,0.063576388061292163,3,False,5.1440329218107002e-05,0.88462545454545449,1619,1.1102230246251565e-16,0.02345008723526042,97/100,1,0.061218819461595457,0.88462545454545449,30409/34375,52,12,0.061218819461595457,0.028927781871074379
30409/34375,True,0.023020147990555209,55,0,0.023020147990555209,0.075561336856704672,0.040923965907540424,1,RUN,1/50,shared_gate,0.12422080000000001,0.040923965907540424,12,0.036751696733135088,44,False,0.070688013207713632,4,False,5.1440329218107002e-05,0.87577919999999998,1619,1.1102230246251565e-16,0.023020147990555212,97/100,1,0.070606631266979497,0.88462545454545449,273681/312500,52,12,0.097714417749697816,0.032727582641211242
30409/34375,True,0.021300391011734376,55,0,0.021300391011734376,0.13238752804735113,0.061600027018372375,2,RUN,1/10,shared_gate,0.15960581818181818,0.061600027018372375,12,0.032357894169845768,37,False,0.070688013207713632,4,False,5.1440329218107002e-05,0.84039418181818182,1619,1.1102230246251565e-16,0.021300391011734379,97/100,1,0.10815787848851569,0.88462545454545449,577771/687500,52,12,0.15960581818181818,0.046361661332099173
24507/25000,True,0.0047317728990672195,25,0,0.0047317728990672195,0.0099581877310279347,0.0056057705796062809,0,RUN,0,shared_gate,0.019720000000000001,0.0056057705796062809,12,0.015489266464607616,12,False,0.037840039280150145,0,False,5.1440329218107002e-05,0.98028000000000004,1619,2.2204460492503131e-16,0.0047317728990672187,199/200,2,0.0099581877310279347,0.98028000000000004,24507/25000,52,12,0.0099581877310279347,0.0054172266809917359
24507/25000,True,0.0046420202535858747,25,0,0.0046420202535858747,0.024832737978394269,0.011089325721337254,1,RUN,1/50,shared_gate,0.029522799999999998,0.011089325721337254,12,0.016227692601344039,13,False,0.063576388061292163,3,False,5.1440329218107002e-05,0.97047720000000004,1619,2.2204460492503131e-16,0.0046420202535858738,199/200,2,0.019858605853717657,0.98028000000000004,2426193/2500000,52,12,0.029522799999999998,0.010561333304424462
24507/25000,True,0.004283009671660498,25,0,0.004283009671660498,0.068734000000000003,0.032589812861139697,2,RUN,1/10,shared_gate,0.068734000000000003,0.032589812861139697,12,0.012421428046506198,8,False,0.037840039280150145,0,False,5.1440329218107002e-05,0.93126600000000004,1619,2.2204460492503131e-16,0.0042830096716604971,199/200,2,0.059460278344476536,0.98028000000000004,465633/500000,52,12,0.068734000000000003,0.029215862041355373
274/425,True,0.083427169794569267,1445,0,0.083427169794569267,0.21602288984263232,0.13766117039472009,0,RUN,0,shared_gate,0.35529411764705882,0.13766117039472009,16,0.10632457857305726,165,False,0.19293515805409686,26,False,5.1440329218107002e-05,0.64470588235294113,811,2.2204460492503131e-16,0.0834271697945691,9/10,0,0.21602288984263232,0.64470588235294113,274/425,53,16,0.21602288984263232,0.066352422145328716
274/425,True,0.08205983489477163,1445,0,0.08205983489477163,0.22860023554419326,0.14215258362208855,1,RUN,1/50,shared_gate,0.36174117647058823,0.14215258362208855,16,0.11016779033240999,172,False,0.16782914739265051,21,False,5.1440329218107002e-05,0.63825882352941177,811,2.2204460492503131e-16,0.082059834894771463,9/10,0,0.22386266094420601,0.64470588235294113,13563/21250,53,16,0.25589624287542168,0.06750537660899654
274/425,True,0.076590495295581096,1445,0,0.076590495295581096,0.27831606595651537,0.15968845226587394,2,RUN,1/10,shared_gate,0.3875294117647059,0.15968845226587394,16,0.10191727198682467,157,False,0.13630867884962625,15,False,5.1440329218107002e-05,0.6124705882352941,811,2.2204460492503131e-16,0.076590495295580943,9/10,0,0.25522174535050074,0.64470588235294113,2603/4250,53,16,0.3875294117647059,0.071285903114186852
75247/85000,True,0.022741474361917018,97,0,0.022741474361917018,0.060862293833893924,0.034929545178958236,0,RUN,0,shared_gate,0.11474117647058824,0.034929545178958236,16,0.034251876475490835,40,False,0.063576388061292163,3,False,5.1440329218107002e-05,0.88525882352941176,811,1.1102230246251565e-16,0.022741474361917032,97/100,1,0.060862293833893924,0.88525882352941176,75247/85000,53,16,0.060862293833893924,0.028364454705882353
75247/85000,True,0.022293969093428678,97,0,0.022293969093428678,0.075208601824777316,0.040092248893889411,1,RUN,1/50,shared_gate,0.12359376470588235,0.040092248893889411,16,0.034251876475490835,40,False,0.063576388061292163,3,False,5.1440329218107002e-05,0.87640623529411765,811,1.1102230246251565e-16,0.022293969093428692,97/100,1,0.070253670895554982,0.88525882352941176,7449453/8500000,53,16,0.097350399915637126,0.032080552316830449
75247/85000,True,0.020503948019475318,97,0,0.020503948019475318,0.13205010842916542,0.060290276862662452,2,RUN,1/10,shared_gate,0.15900411764705882,0.060290276862662452,16,0.035505218394951875,42,False,0.090287796043485732,7,False,5.1440329218107002e-05,0.8409958823529412,811,1.1102230246251565e-16,0.020503948019475332,97/100,1,0.10781917914219923,0.88525882352941176,1429693/1700000,53,16,0.15900411764705882,0.045377576391349483
333333/340000,True,0.0046378448440916441,33,0,0.0046378448440916441,0.0099014900502425989,0.0055000618297967752,0,RUN,0,shared_gate,0.019608823529411765,0.0055000618297967752,16,0.014740845846075136,11,False,0.04765719639040164,1,False,5.1440329218107002e-05,0.98039117647058827,811,2.2204460492503131e-16,0.0046378448440916433,199/200,2,0.0099014900502425989,0.98039117647058827,333333/340000,53,16,0.0099014900502425989,0.0053157139078719726
333333/340000,True,0.0045453931229910609,33,0,0.0045453931229910609,0.024776614292959277,0.010880337617715981,1,RUN,1/50,shared_gate,0.029412735294117646,0.010880337617715981,16,0.013981169096920256,10,False,0.037840039280150145,0,False,5.1440329218107002e-05,0.9705872647058823,811,2.2204460492503131e-16,0.00454539312299106,199/200,2,0.019802475149740172,0.98039117647058827,32999967/34000000,53,16,0.029412735294117646,0.010362456338677335
333333/340000,True,0.0041755862385887306,33,0,0.0041755862385887306,0.068628382352941178,0.03194702092857981,2,RUN,1/10,shared_gate,0.068628382352941178,0.03194702092857981,16,0.010791750482042133,6,False,0.04765719639040164,1,False,5.1440329218107002e-05,0.93137161764705878,811,2.2204460492503131e-16,0.0041755862385887297,199/200,2,0.059406415547730469,0.98039117647058827,6333327/6800000,53,16,0.068628382352941178,0.028627092344096022
