c5,c5@1/10,c5@1/100,c5@1/20,center,exact_vector,generic,generic@1/10,generic@1/100,generic@1/20,lower,lower_interior,lp_max_error,lp_solves,m,markov,markov@1/10,markov@1/100,markov@1/20,mean_lower,original_interior,p,probe_residual,profile,radius,stage,upper,vector,vector@1/10,vector@1/100,vector@1/20
1,False,False,False,0,1,1,False,False,False,0,True,0,1,2,1,False,False,False,0,True,1/10,,constant_0,0,box,0,1,False,False,False
1,False,False,False,0,1,1,False,False,False,-1/1000,True,5.5077470362263625e-17,1,2,1,False,False,False,-1/1000,True,1/10,,constant_0,1/1000,box,1/1000,1,False,False,False
1,False,False,False,0,1,1,False,False,False,-1/200,True,5.3342746886286818e-17,1,2,1,False,False,False,-1/200,True,1/10,,constant_0,1/200,box,1/200,1,False,False,False
1,False,False,False,0,1,1,False,False,False,-1/100,True,4.3368086899420177e-18,1,2,1,False,False,False,-1/100,True,1/10,,constant_0,1/100,box,1/100,1,False,False,False
1,False,False,False,0,1,1,False,False,False,-1/50,True,8.6736173798840355e-18,1,2,1,False,False,False,-1/50,True,1/10,,constant_0,1/50,box,1/50,1,False,False,False
1,False,False,False,0,1,1,False,False,False,-1/20,True,2.0816681711721685e-17,1,2,1,False,False,False,-1/20,True,1/10,,constant_0,1/20,box,1/20,1,False,False,False
1,False,False,False,0,1,1,False,False,False,-1/10,True,1.3877787807814457e-17,1,2,1,False,False,False,-1/10,True,1/10,,constant_0,1/10,box,1/10,1,False,False,False
0.81818181818181823,False,False,False,1/10,9/11,0.90000000000000002,False,False,False,1/10,True,6.9388939039072284e-18,2,2,0.81818181818181823,False,False,False,1/10,True,1/10,0.024999999999999994,constant_1/10,0,box,1/10,0.81818181818181823,False,False,False
0.81983621474067336,False,False,False,1/10,901/1099,0.90100000000000002,False,False,False,99/1000,True,6.9388939039072284e-18,2,2,0.81983621474067336,False,False,False,99/1000,True,1/10,0.024749999999999994,constant_1/10,1/1000,box,101/1000,0.81983621474067336,False,False,False
0.82648401826484019,False,False,False,1/10,181/219,0.90500000000000003,False,False,False,19/200,True,6.9388939039072284e-18,2,2,0.82648401826484019,False,False,False,19/200,True,1/10,0.023749999999999993,constant_1/10,1/200,box,21/200,0.82648401826484019,False,False,False
0.83486238532110091,False,False,False,1/10,91/109,0.91000000000000003,False,False,False,9/100,True,2.0816681711721685e-17,2,2,0.83486238532110091,False,False,False,9/100,True,1/10,0.02250000000000002,constant_1/10,1/100,box,11/100,0.83486238532110091,False,False,False
0.85185185185185186,False,False,False,1/10,23/27,0.92000000000000004,False,False,False,2/25,True,1.0408340855860843e-17,2,2,0.85185185185185186,False,False,False,2/25,True,1/10,0.01999999999999999,constant_1/10,1/50,box,3/25,0.85185185185185186,False,False,False
0.90476190476190477,False,False,False,1/10,19/21,0.94999999999999996,False,False,False,1/20,True,1.0408340855860843e-17,2,2,0.90476190476190477,False,False,False,1/20,True,1/10,0.012500000000000011,constant_1/10,1/20,box,3/20,0.90476190476190477,False,False,False
1,False,False,False,1/10,1,1,False,False,False,0,True,0,1,2,1,False,False,False,0,True,1/10,,constant_1/10,1/10,box,1/5,1,False,False,False
0.33333333333333331,False,False,False,1/2,1/3,0.5,False,False,False,1/2,True,1.3877787807814457e-17,2,2,0.33333333333333331,False,False,False,1/2,True,1/10,0.12499999999999999,constant_1/2,0,box,1/2,0.33333333333333331,False,False,False
0.33422281521014008,False,False,False,1/2,501/1499,0.501,False,False,False,499/1000,True,1.3877787807814457e-17,2,2,0.33422281521014008,False,False,False,499/1000,True,1/10,0.12475,constant_1/2,1/1000,box,501/1000,0.33422281521014008,False,False,False
0.33779264214046822,False,False,False,1/2,101/299,0.505,False,False,False,99/200,True,0,2,2,0.33779264214046822,False,False,False,99/200,True,1/10,0.12375,constant_1/2,1/200,box,101/200,0.33779264214046822,False,False,False
0.34228187919463088,False,False,False,1/2,51/149,0.51000000000000001,False,False,False,49/100,True,2.7755575615628914e-17,2,2,0.34228187919463088,False,False,False,49/100,True,1/10,0.12250000000000003,constant_1/2,1/100,box,51/100,0.34228187919463088,False,False,False
0.35135135135135137,False,False,False,1/2,13/37,0.52000000000000002,False,False,False,12/25,True,2.7755575615628914e-17,2,2,0.35135135135135137,False,False,False,12/25,True,1/10,0.11999999999999997,constant_1/2,1/50,box,13/25,0.35135135135135137,False,False,False
0.37931034482758619,False,False,False,1/2,11/29,0.55000000000000004,False,False,False,9/20,True,1.3877787807814457e-17,2,2,0.37931034482758619,False,False,False,9/20,True,1/10,0.11250000000000002,constant_1/2,1/20,box,11/20,0.37931034482758619,False,False,False
0.42857142857142855,False,False,False,1/2,3/7,0.59999999999999998,False,False,False,2/5,True,1.3877787807814457e-17,2,2,0.42857142857142855,False,False,False,2/5,True,1/10,0.10000000000000001,constant_1/2,1/10,box,3/5,0.42857142857142855,False,False,False
0.052631578947368418,True,False,False,9/10,1/19,0.10000000000000001,True,False,False,9/10,True,2.7755575615628914e-17,2,2,0.052631578947368418,True,False,False,9/10,True,1/10,0.22499999999999998,constant_9/10,0,box,9/10,0.052631578947368418,True,False,False
0.053185887309110058,True,False,False,9/10,101/1899,0.10100000000000001,False,False,False,899/1000,True,6.9388939039072284e-18,2,2,0.053185887309110058,True,False,False,899/1000,True,1/10,0.22475000000000001,constant_9/10,1/1000,box,901/1000,0.053185887309110058,True,False,False
0.055408970976253295,True,False,False,9/10,21/379,0.105,False,False,False,179/200,True,1.7347234759768071e-18,2,2,0.055408970976253295,True,False,False,179/200,True,1/10,0.22375,constant_9/10,1/200,box,181/200,0.055408970976253295,True,False,False
0.058201058201058198,True,False,False,9/10,11/189,0.11,False,False,False,89/100,True,2.7755575615628914e-17,2,2,0.058201058201058198,True,False,False,89/100,True,1/10,0.22249999999999998,constant_9/10,1/100,box,91/100,0.058201058201058198,True,False,False
0.063829787234042548,True,False,False,9/10,3/47,0.12,False,False,False,22/25,True,0,2,2,0.063829787234042548,True,False,False,22/25,True,1/10,0.22,constant_9/10,1/50,box,23/25,0.063829787234042548,True,False,False
0.081081081081081086,True,False,False,9/10,3/37,0.14999999999999999,False,False,False,17/20,True,2.7755575615628914e-17,2,2,0.081081081081081086,True,False,False,17/20,True,1/10,0.21250000000000002,constant_9/10,1/20,box,19/20,0.081081081081081086,True,False,False
0.1111111111111111,False,False,False,9/10,1/9,0.20000000000000001,False,False,False,4/5,True,2.7755575615628914e-17,2,2,0.1111111111111111,False,False,False,4/5,True,1/10,0.20000000000000004,constant_9/10,1/10,box,1,0.1111111111111111,False,False,False
0,True,True,True,1,0,0,True,True,True,1,False,0,2,2,0,True,True,True,1,False,1/10,0.25,constant_1,0,box,1,0,True,True,True
0.00050025012506253134,True,True,True,1,1/1999,0.001,True,True,True,999/1000,True,2.7755575615628914e-17,2,2,0.00050025012506253123,True,True,True,999/1000,False,1/10,0.24975000000000003,constant_1,1/1000,box,1,0.00050025012506253123,True,True,True
0.0025062656641604009,True,True,True,1,1/399,0.0050000000000000001,True,True,True,199/200,True,2.7755575615628914e-17,2,2,0.0025062656641604009,True,True,True,199/200,False,1/10,0.24874999999999997,constant_1,1/200,box,1,0.0025062656641604009,True,True,True
0.0050251256281407036,True,True,True,1,1/199,0.01,True,True,True,99/100,True,2.3852447794681098e-18,2,2,0.0050251256281407036,True,True,True,99/100,False,1/10,0.2475,constant_1,1/100,box,1,0.0050251256281407036,True,True,True
0.010101010101010102,True,False,True,1,1/99,0.02,True,False,True,49/50,True,2.7755575615628914e-17,2,2,0.010101010101010102,True,False,True,49/50,False,1/10,0.24500000000000002,constant_1,1/50,box,1,0.010101010101010102,True,False,True
0.02564102564102564,True,False,True,1,1/39,0.050000000000000003,True,False,True,19/20,True,5.5511151231257827e-17,2,2,0.02564102564102564,True,False,True,19/20,False,1/10,0.23749999999999993,constant_1,1/20,box,1,0.02564102564102564,True,False,True
0.052631578947368418,True,False,False,1,1/19,0.10000000000000001,True,False,False,9/10,True,2.7755575615628914e-17,2,2,0.052631578947368418,True,False,False,9/10,False,1/10,0.22499999999999998,constant_1,1/10,box,1,0.052631578947368418,True,False,False
0.33333333333333331,False,False,False,1/2,1/3,0.5,False,False,False,1/2,True,1.3877787807814457e-17,2,2,0.33333333333333331,False,False,False,1/2,True,1/10,0.12499999999999999,ascending,0,box,1/2,0.33333333333333331,False,False,False
0.33422281521014008,False,False,False,1/2,501/1499,0.501,False,False,False,499/1000,True,1.3877787807814457e-17,2,2,0.33422281521014008,False,False,False,499/1000,True,1/10,0.12475,ascending,1/1000,box,501/1000,0.33422281521014008,False,False,False
0.33779264214046822,False,False,False,1/2,101/299,0.505,False,False,False,99/200,True,0,2,2,0.33779264214046822,False,False,False,99/200,True,1/10,0.12375,ascending,1/200,box,101/200,0.33779264214046822,False,False,False
0.34228187919463088,False,False,False,1/2,51/149,0.51000000000000001,False,False,False,49/100,True,2.7755575615628914e-17,2,2,0.34228187919463088,False,False,False,49/100,True,1/10,0.12250000000000003,ascending,1/100,box,51/100,0.34228187919463088,False,False,False
0.35135135135135137,False,False,False,1/2,13/37,0.52000000000000002,False,False,False,12/25,True,2.7755575615628914e-17,2,2,0.35135135135135137,False,False,False,12/25,True,1/10,0.11999999999999997,ascending,1/50,box,13/25,0.35135135135135137,False,False,False
0.37931034482758619,False,False,False,1/2,11/29,0.55000000000000004,False,False,False,9/20,True,1.3877787807814457e-17,2,2,0.37931034482758619,False,False,False,9/20,True,1/10,0.11250000000000002,ascending,1/20,box,11/20,0.37931034482758619,False,False,False
0.42857142857142855,False,False,False,1/2,3/7,0.59999999999999998,False,False,False,2/5,True,1.3877787807814457e-17,2,2,0.42857142857142855,False,False,False,2/5,True,1/10,0.10000000000000001,ascending,1/10,box,3/5,0.42857142857142855,False,False,False
0.33333333333333331,False,False,False,1/2,1/3,0.5,False,False,False,1/2,True,1.3877787807814457e-17,2,2,0.33333333333333331,False,False,False,1/2,True,1/10,0.12499999999999999,descending,0,box,1/2,0.33333333333333331,False,False,False
0.33422281521014008,False,False,False,1/2,501/1499,0.501,False,False,False,499/1000,True,1.3877787807814457e-17,2,2,0.33422281521014008,False,False,False,499/1000,True,1/10,0.12475,descending,1/1000,box,501/1000,0.33422281521014008,False,False,False
0.33779264214046822,False,False,False,1/2,101/299,0.505,False,False,False,99/200,True,0,2,2,0.33779264214046822,False,False,False,99/200,True,1/10,0.12375,descending,1/200,box,101/200,0.33779264214046822,False,False,False
0.34228187919463088,False,False,False,1/2,51/149,0.51000000000000001,False,False,False,49/100,True,2.7755575615628914e-17,2,2,0.34228187919463088,False,False,False,49/100,True,1/10,0.12250000000000003,descending,1/100,box,51/100,0.34228187919463088,False,False,False
0.35135135135135137,False,False,False,1/2,13/37,0.52000000000000002,False,False,False,12/25,True,2.7755575615628914e-17,2,2,0.35135135135135137,False,False,False,12/25,True,1/10,0.11999999999999997,descending,1/50,box,13/25,0.35135135135135137,False,False,False
0.37931034482758619,False,False,False,1/2,11/29,0.55000000000000004,False,False,False,9/20,True,1.3877787807814457e-17,2,2,0.37931034482758619,False,False,False,9/20,True,1/10,0.11250000000000002,descending,1/20,box,11/20,0.37931034482758619,False,False,False
0.42857142857142855,False,False,False,1/2,3/7,0.59999999999999998,False,False,False,2/5,True,1.3877787807814457e-17,2,2,0.42857142857142855,False,False,False,2/5,True,1/10,0.10000000000000001,descending,1/10,box,3/5,0.42857142857142855,False,False,False
1,False,False,False,0,1,1,False,False,False,0,True,0,1,2,1,False,False,False,0,True,1/10,,alternating,0,box,0,1,False,False,False
1,False,False,False,0,1,1,False,False,False,-1/1000,True,5.5077470362263625e-17,1,2,1,False,False,False,-1/1000,True,1/10,,alternating,1/1000,box,1/1000,1,False,False,False
1,False,False,False,0,1,1,False,False,False,-1/200,True,5.3342746886286818e-17,1,2,1,False,False,False,-1/200,True,1/10,,alternating,1/200,box,1/200,1,False,False,False
1,False,False,False,0,1,1,False,False,False,-1/100,True,4.3368086899420177e-18,1,2,1,False,False,False,-1/100,True,1/10,,alternating,1/100,box,1/100,1,False,False,False
1,False,False,False,0,1,1,False,False,False,-1/50,True,8.6736173798840355e-18,1,2,1,False,False,False,-1/50,True,1/10,,alternating,1/50,box,1/50,1,False,False,False
1,False,False,False,0,1,1,False,False,False,-1/20,True,2.0816681711721685e-17,1,2,1,False,False,False,-1/20,True,1/10,,alternating,1/20,box,1/20,1,False,False,False
1,False,False,False,0,1,1,False,False,False,-1/10,True,1.3877787807814457e-17,1,2,1,False,False,False,-1/10,True,1/10,,alternating,1/10,box,1/10,1,False,False,False
0,True,True,True,1,0,0,True,True,True,1,False,0,2,2,0,True,True,True,1,False,1/10,0.25,random_271,0,box,1,0,True,True,True
0.00050025012506253134,True,True,True,1,1/1999,0.001,True,True,True,999/1000,True,2.7755575615628914e-17,2,2,0.00050025012506253123,True,True,True,999/1000,False,1/10,0.24975000000000003,random_271,1/1000,box,1,0.00050025012506253123,True,True,True
0.0025062656641604009,True,True,True,1,1/399,0.0050000000000000001,True,True,True,199/200,True,2.7755575615628914e-17,2,2,0.0025062656641604009,True,True,True,199/200,False,1/10,0.24874999999999997,random_271,1/200,box,1,0.0025062656641604009,True,True,True
0.0050251256281407036,True,True,True,1,1/199,0.01,True,True,True,99/100,True,2.3852447794681098e-18,2,2,0.0050251256281407036,True,True,True,99/100,False,1/10,0.2475,random_271,1/100,box,1,0.0050251256281407036,True,True,True
0.010101010101010102,True,False,True,1,1/99,0.02,True,False,True,49/50,True,2.7755575615628914e-17,2,2,0.010101010101010102,True,False,True,49/50,False,1/10,0.24500000000000002,random_271,1/50,box,1,0.010101010101010102,True,False,True
0.02564102564102564,True,False,True,1,1/39,0.050000000000000003,True,False,True,19/20,True,5.5511151231257827e-17,2,2,0.02564102564102564,True,False,True,19/20,False,1/10,0.23749999999999993,random_271,1/20,box,1,0.02564102564102564,True,False,True
0.052631578947368418,True,False,False,1,1/19,0.10000000000000001,True,False,False,9/10,True,2.7755575615628914e-17,2,2,0.052631578947368418,True,False,False,9/10,False,1/10,0.22499999999999998,random_271,1/10,box,1,0.052631578947368418,True,False,False
1,False,False,False,0,1,1,False,False,False,0,True,0,1,2,1,False,False,False,0,True,1/10,,random_811,0,box,0,1,False,False,False
1,False,False,False,0,1,1,False,False,False,-1/1000,True,5.5077470362263625e-17,1,2,1,False,False,False,-1/1000,True,1/10,,random_811,1/1000,box,1/1000,1,False,False,False
1,False,False,False,0,1,1,False,False,False,-1/200,True,5.3342746886286818e-17,1,2,1,False,False,False,-1/200,True,1/10,,random_811,1/200,box,1/200,1,False,False,False
1,False,False,False,0,1,1,False,False,False,-1/100,True,4.3368086899420177e-18,1,2,1,False,False,False,-1/100,True,1/10,,random_811,1/100,box,1/100,1,False,False,False
1,False,False,False,0,1,1,False,False,False,-1/50,True,8.6736173798840355e-18,1,2,1,False,False,False,-1/50,True,1/10,,random_811,1/50,box,1/50,1,False,False,False
1,False,False,False,0,1,1,False,False,False,-1/20,True,2.0816681711721685e-17,1,2,1,False,False,False,-1/20,True,1/10,,random_811,1/20,box,1/20,1,False,False,False
1,False,False,False,0,1,1,False,False,False,-1/10,True,1.3877787807814457e-17,1,2,1,False,False,False,-1/10,True,1/10,,random_811,1/10,box,1/10,1,False,False,False
1,False,False,False,0,1,1,False,False,False,0,True,0,1,2,1,False,False,False,0,True,1/10,,random_1619,0,box,0,1,False,False,False
1,False,False,False,0,1,1,False,False,False,-1/1000,True,5.5077470362263625e-17,1,2,1,False,False,False,-1/1000,True,1/10,,random_1619,1/1000,box,1/1000,1,False,False,False
1,False,False,False,0,1,1,False,False,False,-1/200,True,5.3342746886286818e-17,1,2,1,False,False,False,-1/200,True,1/10,,random_1619,1/200,box,1/200,1,False,False,False
1,False,False,False,0,1,1,False,False,False,-1/100,True,4.3368086899420177e-18,1,2,1,False,False,False,-1/100,True,1/10,,random_1619,1/100,box,1/100,1,False,False,False
1,False,False,False,0,1,1,False,False,False,-1/50,True,8.6736173798840355e-18,1,2,1,False,False,False,-1/50,True,1/10,,random_1619,1/50,box,1/50,1,False,False,False
1,False,False,False,0,1,1,False,False,False,-1/20,True,2.0816681711721685e-17,1,2,1,False,False,False,-1/20,True,1/10,,random_1619,1/20,box,1/20,1,False,False,False
1,False,False,False,0,1,1,False,False,False,-1/10,True,1.3877787807814457e-17,1,2,1,False,False,False,-1/10,True,1/10,,random_1619,1/10,box,1/10,1,False,False,False
1,False,False,False,0,1,1,False,False,False,0,True,0,1,2,1,False,False,False,0,True,1/2,,constant_0,0,box,0,1,False,False,False
1,False,False,False,0,1,1,False,False,False,-1/1000,True,5.5077470362263625e-17,1,2,1,False,False,False,-1/1000,True,1/2,,constant_0,1/1000,box,1/1000,1,False,False,False
1,False,False,False,0,1,1,False,False,False,-1/200,True,5.3342746886286818e-17,1,2,1,False,False,False,-1/200,True,1/2,,constant_0,1/200,box,1/200,1,False,False,False
1,False,False,False,0,1,1,False,False,False,-1/100,True,4.3368086899420177e-18,1,2,1,False,False,False,-1/100,True,1/2,,constant_0,1/100,box,1/100,1,False,False,False
1,False,False,False,0,1,1,False,False,False,-1/50,True,8.6736173798840355e-18,1,2,1,False,False,False,-1/50,True,1/2,,constant_0,1/50,box,1/50,1,False,False,False
1,False,False,False,0,1,1,False,False,False,-1/20,True,2.0816681711721685e-17,1,2,1,False,False,False,-1/20,True,1/2,,constant_0,1/20,box,1/20,1,False,False,False
1,False,False,False,0,1,1,False,False,False,-1/10,True,1.3877787807814457e-17,1,2,1,False,False,False,-1/10,True,1/2,,constant_0,1/10,box,1/10,1,False,False,False
0.81818181818181823,False,False,False,1/10,9/11,0.90000000000000002,False,False,False,1/10,True,6.9388939039072284e-18,2,2,0.81818181818181823,False,False,False,1/10,True,1/2,0.024999999999999994,constant_1/10,0,box,1/10,0.81818181818181823,False,False,False
0.81983621474067336,False,False,False,1/10,901/1099,0.90100000000000002,False,False,False,99/1000,True,6.9388939039072284e-18,2,2,0.81983621474067336,False,False,False,99/1000,True,1/2,0.024749999999999994,constant_1/10,1/1000,box,101/1000,0.81983621474067336,False,False,False
0.82648401826484019,False,False,False,1/10,181/219,0.90500000000000003,False,False,False,19/200,True,6.9388939039072284e-18,2,2,0.82648401826484019,False,False,False,19/200,True,1/2,0.023749999999999993,constant_1/10,1/200,box,21/200,0.82648401826484019,False,False,False
0.83486238532110091,False,False,False,1/10,91/109,0.91000000000000003,False,False,False,9/100,True,2.0816681711721685e-17,2,2,0.83486238532110091,False,False,False,9/100,True,1/2,0.02250000000000002,constant_1/10,1/100,box,11/100,0.83486238532110091,False,False,False
0.85185185185185186,False,False,False,1/10,23/27,0.92000000000000004,False,False,False,2/25,True,1.0408340855860843e-17,2,2,0.85185185185185186,False,False,False,2/25,True,1/2,0.01999999999999999,constant_1/10,1/50,box,3/25,0.85185185185185186,False,False,False
0.90476190476190477,False,False,False,1/10,19/21,0.94999999999999996,False,False,False,1/20,True,1.0408340855860843e-17,2,2,0.90476190476190477,False,False,False,1/20,True,1/2,0.012500000000000011,constant_1/10,1/20,box,3/20,0.90476190476190477,False,False,False
1,False,False,False,1/10,1,1,False,False,False,0,True,0,1,2,1,False,False,False,0,True,1/2,,constant_1/10,1/10,box,1/5,1,False,False,False
0.33333333333333331,False,False,False,1/2,1/3,0.5,False,False,False,1/2,True,1.3877787807814457e-17,2,2,0.33333333333333331,False,False,False,1/2,True,1/2,0.12499999999999999,constant_1/2,0,box,1/2,0.33333333333333331,False,False,False
0.33422281521014008,False,False,False,1/2,501/1499,0.501,False,False,False,499/1000,True,1.3877787807814457e-17,2,2,0.33422281521014008,False,False,False,499/1000,True,1/2,0.12475,constant_1/2,1/1000,box,501/1000,0.33422281521014008,False,False,False
0.33779264214046822,False,False,False,1/2,101/299,0.505,False,False,False,99/200,True,0,2,2,0.33779264214046822,False,False,False,99/200,True,1/2,0.12375,constant_1/2,1/200,box,101/200,0.33779264214046822,False,False,False
0.34228187919463088,False,False,False,1/2,51/149,0.51000000000000001,False,False,False,49/100,True,2.7755575615628914e-17,2,2,0.34228187919463088,False,False,False,49/100,True,1/2,0.12250000000000003,constant_1/2,1/100,box,51/100,0.34228187919463088,False,False,False
0.35135135135135137,False,False,False,1/2,13/37,0.52000000000000002,False,False,False,12/25,True,2.7755575615628914e-17,2,2,0.35135135135135137,False,False,False,12/25,True,1/2,0.11999999999999997,constant_1/2,1/50,box,13/25,0.35135135135135137,False,False,False
0.37931034482758619,False,False,False,1/2,11/29,0.55000000000000004,False,False,False,9/20,True,1.3877787807814457e-17,2,2,0.37931034482758619,False,False,False,9/20,True,1/2,0.11250000000000002,constant_1/2,1/20,box,11/20,0.37931034482758619,False,False,False
0.42857142857142855,False,False,False,1/2,3/7,0.59999999999999998,False,False,False,2/5,True,1.3877787807814457e-17,2,2,0.42857142857142855,False,False,False,2/5,True,1/2,0.10000000000000001,constant_1/2,1/10,box,3/5,0.42857142857142855,False,False,False
0.052631578947368418,True,False,False,9/10,1/19,0.10000000000000001,True,False,False,9/10,True,2.7755575615628914e-17,2,2,0.052631578947368418,True,False,False,9/10,True,1/2,0.22499999999999998,constant_9/10,0,box,9/10,0.052631578947368418,True,False,False
0.053185887309110058,True,False,False,9/10,101/1899,0.10100000000000001,False,False,False,899/1000,True,6.9388939039072284e-18,2,2,0.053185887309110058,True,False,False,899/1000,True,1/2,0.22475000000000001,constant_9/10,1/1000,box,901/1000,0.053185887309110058,True,False,False
0.055408970976253295,True,False,False,9/10,21/379,0.105,False,False,False,179/200,True,1.7347234759768071e-18,2,2,0.055408970976253295,True,False,False,179/200,True,1/2,0.22375,constant_9/10,1/200,box,181/200,0.055408970976253295,True,False,False
0.058201058201058198,True,False,False,9/10,11/189,0.11,False,False,False,89/100,True,2.7755575615628914e-17,2,2,0.058201058201058198,True,False,False,89/100,True,1/2,0.22249999999999998,constant_9/10,1/100,box,91/100,0.058201058201058198,True,False,False
0.063829787234042548,True,False,False,9/10,3/47,0.12,False,False,False,22/25,True,0,2,2,0.063829787234042548,True,False,False,22/25,True,1/2,0.22,constant_9/10,1/50,box,23/25,0.063829787234042548,True,False,False
0.081081081081081086,True,False,False,9/10,3/37,0.14999999999999999,False,False,False,17/20,True,2.7755575615628914e-17,2,2,0.081081081081081086,True,False,False,17/20,True,1/2,0.21250000000000002,constant_9/10,1/20,box,19/20,0.081081081081081086,True,False,False
0.1111111111111111,False,False,False,9/10,1/9,0.20000000000000001,False,False,False,4/5,True,2.7755575615628914e-17,2,2,0.1111111111111111,False,False,False,4/5,True,1/2,0.20000000000000004,constant_9/10,1/10,box,1,0.1111111111111111,False,False,False
0,True,True,True,1,0,0,True,True,True,1,False,0,2,2,0,True,True,True,1,False,1/2,0.25,constant_1,0,box,1,0,True,True,True
0.00050025012506253134,True,True,True,1,1/1999,0.001,True,True,True,999/1000,True,2.7755575615628914e-17,2,2,0.00050025012506253123,True,True,True,999/1000,False,1/2,0.24975000000000003,constant_1,1/1000,box,1,0.00050025012506253123,True,True,True
0.0025062656641604009,True,True,True,1,1/399,0.0050000000000000001,True,True,True,199/200,True,2.7755575615628914e-17,2,2,0.0025062656641604009,True,True,True,199/200,False,1/2,0.24874999999999997,constant_1,1/200,box,1,0.0025062656641604009,True,True,True
0.0050251256281407036,True,True,True,1,1/199,0.01,True,True,True,99/100,True,2.3852447794681098e-18,2,2,0.0050251256281407036,True,True,True,99/100,False,1/2,0.2475,constant_1,1/100,box,1,0.0050251256281407036,True,True,True
0.010101010101010102,True,False,True,1,1/99,0.02,True,False,True,49/50,True,2.7755575615628914e-17,2,2,0.010101010101010102,True,False,True,49/50,False,1/2,0.24500000000000002,constant_1,1/50,box,1,0.010101010101010102,True,False,True
0.02564102564102564,True,False,True,1,1/39,0.050000000000000003,True,False,True,19/20,True,5.5511151231257827e-17,2,2,0.02564102564102564,True,False,True,19/20,False,1/2,0.23749999999999993,constant_1,1/20,box,1,0.02564102564102564,True,False,True
0.052631578947368418,True,False,False,1,1/19,0.10000000000000001,True,False,False,9/10,True,2.7755575615628914e-17,2,2,0.052631578947368418,True,False,False,9/10,False,1/2,0.22499999999999998,constant_1,1/10,box,1,0.052631578947368418,True,False,False
0.33333333333333331,False,False,False,1/2,1/3,0.5,False,False,False,1/2,True,1.3877787807814457e-17,2,2,0.33333333333333331,False,False,False,1/2,True,1/2,0.12499999999999999,ascending,0,box,1/2,0.33333333333333331,False,False,False
0.33422281521014008,False,False,False,1/2,501/1499,0.501,False,False,False,499/1000,True,1.3877787807814457e-17,2,2,0.33422281521014008,False,False,False,499/1000,True,1/2,0.12475,ascending,1/1000,box,501/1000,0.33422281521014008,False,False,False
0.33779264214046822,False,False,False,1/2,101/299,0.505,False,False,False,99/200,True,0,2,2,0.33779264214046822,False,False,False,99/200,True,1/2,0.12375,ascending,1/200,box,101/200,0.33779264214046822,False,False,False
0.34228187919463088,False,False,False,1/2,51/149,0.51000000000000001,False,False,False,49/100,True,2.7755575615628914e-17,2,2,0.34228187919463088,False,False,False,49/100,True,1/2,0.12250000000000003,ascending,1/100,box,51/100,0.34228187919463088,False,False,False
0.35135135135135137,False,False,False,1/2,13/37,0.52000000000000002,False,False,False,12/25,True,2.7755575615628914e-17,2,2,0.35135135135135137,False,False,False,12/25,True,1/2,0.11999999999999997,ascending,1/50,box,13/25,0.35135135135135137,False,False,False
0.37931034482758619,False,False,False,1/2,11/29,0.55000000000000004,False,False,False,9/20,True,1.3877787807814457e-17,2,2,0.37931034482758619,False,False,False,9/20,True,1/2,0.11250000000000002,ascending,1/20,box,11/20,0.37931034482758619,False,False,False
0.42857142857142855,False,False,False,1/2,3/7,0.59999999999999998,False,False,False,2/5,True,1.3877787807814457e-17,2,2,0.42857142857142855,False,False,False,2/5,True,1/2,0.10000000000000001,ascending,1/10,box,3/5,0.42857142857142855,False,False,False
0.33333333333333331,False,False,False,1/2,1/3,0.5,False,False,False,1/2,True,1.3877787807814457e-17,2,2,0.33333333333333331,False,False,False,1/2,True,1/2,0.12499999999999999,descending,0,box,1/2,0.33333333333333331,False,False,False
0.33422281521014008,False,False,False,1/2,501/1499,0.501,False,False,False,499/1000,True,1.3877787807814457e-17,2,2,0.33422281521014008,False,False,False,499/1000,True,1/2,0.12475,descending,1/1000,box,501/1000,0.33422281521014008,False,False,False
0.33779264214046822,False,False,False,1/2,101/299,0.505,False,False,False,99/200,True,0,2,2,0.33779264214046822,False,False,False,99/200,True,1/2,0.12375,descending,1/200,box,101/200,0.33779264214046822,False,False,False
0.34228187919463088,False,False,False,1/2,51/149,0.51000000000000001,False,False,False,49/100,True,2.7755575615628914e-17,2,2,0.34228187919463088,False,False,False,49/100,True,1/2,0.12250000000000003,descending,1/100,box,51/100,0.34228187919463088,False,False,False
0.35135135135135137,False,False,False,1/2,13/37,0.52000000000000002,False,False,False,12/25,True,2.7755575615628914e-17,2,2,0.35135135135135137,False,False,False,12/25,True,1/2,0.11999999999999997,descending,1/50,box,13/25,0.35135135135135137,False,False,False
0.37931034482758619,False,False,False,1/2,11/29,0.55000000000000004,False,False,False,9/20,True,1.3877787807814457e-17,2,2,0.37931034482758619,False,False,False,9/20,True,1/2,0.11250000000000002,descending,1/20,box,11/20,0.37931034482758619,False,False,False
0.42857142857142855,False,False,False,1/2,3/7,0.59999999999999998,False,False,False,2/5,True,1.3877787807814457e-17,2,2,0.42857142857142855,False,False,False,2/5,True,1/2,0.10000000000000001,descending,1/10,box,3/5,0.42857142857142855,False,False,False
1,False,False,False,0,1,1,False,False,False,0,True,0,1,2,1,False,False,False,0,True,1/2,,alternating,0,box,0,1,False,False,False
1,False,False,False,0,1,1,False,False,False,-1/1000,True,5.5077470362263625e-17,1,2,1,False,False,False,-1/1000,True,1/2,,alternating,1/1000,box,1/1000,1,False,False,False
1,False,False,False,0,1,1,False,False,False,-1/200,True,5.3342746886286818e-17,1,2,1,False,False,False,-1/200,True,1/2,,alternating,1/200,box,1/200,1,False,False,False
1,False,False,False,0,1,1,False,False,False,-1/100,True,4.3368086899420177e-18,1,2,1,False,False,False,-1/100,True,1/2,,alternating,1/100,box,1/100,1,False,False,False
1,False,False,False,0,1,1,False,False,False,-1/50,True,8.6736173798840355e-18,1,2,1,False,False,False,-1/50,True,1/2,,alternating,1/50,box,1/50,1,False,False,False
1,False,False,False,0,1,1,False,False,False,-1/20,True,2.0816681711721685e-17,1,2,1,False,False,False,-1/20,True,1/2,,alternating,1/20,box,1/20,1,False,False,False
1,False,False,False,0,1,1,False,False,False,-1/10,True,1.3877787807814457e-17,1,2,1,False,False,False,-1/10,True,1/2,,alternating,1/10,box,1/10,1,False,False,False
0,True,True,True,1,0,0,True,True,True,1,False,0,2,2,0,True,True,True,1,False,1/2,0.25,random_271,0,box,1,0,True,True,True
0.00050025012506253134,True,True,True,1,1/1999,0.001,True,True,True,999/1000,True,2.7755575615628914e-17,2,2,0.00050025012506253123,True,True,True,999/1000,False,1/2,0.24975000000000003,random_271,1/1000,box,1,0.00050025012506253123,True,True,True
0.0025062656641604009,True,True,True,1,1/399,0.0050000000000000001,True,True,True,199/200,True,2.7755575615628914e-17,2,2,0.0025062656641604009,True,True,True,199/200,False,1/2,0.24874999999999997,random_271,1/200,box,1,0.0025062656641604009,True,True,True
0.0050251256281407036,True,True,True,1,1/199,0.01,True,True,True,99/100,True,2.3852447794681098e-18,2,2,0.0050251256281407036,True,True,True,99/100,False,1/2,0.2475,random_271,1/100,box,1,0.0050251256281407036,True,True,True
0.010101010101010102,True,False,True,1,1/99,0.02,True,False,True,49/50,True,2.7755575615628914e-17,2,2,0.010101010101010102,True,False,True,49/50,False,1/2,0.24500000000000002,random_271,1/50,box,1,0.010101010101010102,True,False,True
0.02564102564102564,True,False,True,1,1/39,0.050000000000000003,True,False,True,19/20,True,5.5511151231257827e-17,2,2,0.02564102564102564,True,False,True,19/20,False,1/2,0.23749999999999993,random_271,1/20,box,1,0.02564102564102564,True,False,True
0.052631578947368418,True,False,False,1,1/19,0.10000000000000001,True,False,False,9/10,True,2.7755575615628914e-17,2,2,0.052631578947368418,True,False,False,9/10,False,1/2,0.22499999999999998,random_271,1/10,box,1,0.052631578947368418,True,False,False
1,False,False,False,0,1,1,False,False,False,0,True,0,1,2,1,False,False,False,0,True,1/2,,random_811,0,box,0,1,False,False,False
1,False,False,False,0,1,1,False,False,False,-1/1000,True,5.5077470362263625e-17,1,2,1,False,False,False,-1/1000,True,1/2,,random_811,1/1000,box,1/1000,1,False,False,False
1,False,False,False,0,1,1,False,False,False,-1/200,True,5.3342746886286818e-17,1,2,1,False,False,False,-1/200,True,1/2,,random_811,1/200,box,1/200,1,False,False,False
1,False,False,False,0,1,1,False,False,False,-1/100,True,4.3368086899420177e-18,1,2,1,False,False,False,-1/100,True,1/2,,random_811,1/100,box,1/100,1,False,False,False
1,False,False,False,0,1,1,False,False,False,-1/50,True,8.6736173798840355e-18,1,2,1,False,False,False,-1/50,True,1/2,,random_811,1/50,box,1/50,1,False,False,False
1,False,False,False,0,1,1,False,False,False,-1/20,True,2.0816681711721685e-17,1,2,1,False,False,False,-1/20,True,1/2,,random_811,1/20,box,1/20,1,False,False,False
1,False,False,False,0,1,1,False,False,False,-1/10,True,1.3877787807814457e-17,1,2,1,False,False,False,-1/10,True,1/2,,random_811,1/10,box,1/10,1,False,False,False
1,False,False,False,0,1,1,False,False,False,0,True,0,1,2,1,False,False,False,0,True,1/2,,random_1619,0,box,0,1,False,False,False
1,False,False,False,0,1,1,False,False,False,-1/1000,True,5.5077470362263625e-17,1,2,1,False,False,False,-1/1000,True,1/2,,random_1619,1/1000,box,1/1000,1,False,False,False
1,False,False,False,0,1,1,False,False,False,-1/200,True,5.3342746886286818e-17,1,2,1,False,False,False,-1/200,True,1/2,,random_1619,1/200,box,1/200,1,False,False,False
1,False,False,False,0,1,1,False,False,False,-1/100,True,4.3368086899420177e-18,1,2,1,False,False,False,-1/100,True,1/2,,random_1619,1/100,box,1/100,1,False,False,False
1,False,False,False,0,1,1,False,False,False,-1/50,True,8.6736173798840355e-18,1,2,1,False,False,False,-1/50,True,1/2,,random_1619,1/50,box,1/50,1,False,False,False
1,False,False,False,0,1,1,False,False,False,-1/20,True,2.0816681711721685e-17,1,2,1,False,False,False,-1/20,True,1/2,,random_1619,1/20,box,1/20,1,False,False,False
1,False,False,False,0,1,1,False,False,False,-1/10,True,1.3877787807814457e-17,1,2,1,False,False,False,-1/10,True,1/2,,random_1619,1/10,box,1/10,1,False,False,False
1,False,False,False,0,1,1,False,False,False,0,True,0,1,2,1,False,False,False,0,True,9/10,,constant_0,0,box,0,1,False,False,False
1,False,False,False,0,1,1,False,False,False,-1/1000,True,5.5077470362263625e-17,1,2,1,False,False,False,-1/1000,True,9/10,,constant_0,1/1000,box,1/1000,1,False,False,False
1,False,False,False,0,1,1,False,False,False,-1/200,True,5.3342746886286818e-17,1,2,1,False,False,False,-1/200,True,9/10,,constant_0,1/200,box,1/200,1,False,False,False
1,False,False,False,0,1,1,False,False,False,-1/100,True,4.3368086899420177e-18,1,2,1,False,False,False,-1/100,True,9/10,,constant_0,1/100,box,1/100,1,False,False,False
1,False,False,False,0,1,1,False,False,False,-1/50,True,8.6736173798840355e-18,1,2,1,False,False,False,-1/50,True,9/10,,constant_0,1/50,box,1/50,1,False,False,False
1,False,False,False,0,1,1,False,False,False,-1/20,True,2.0816681711721685e-17,1,2,1,False,False,False,-1/20,True,9/10,,constant_0,1/20,box,1/20,1,False,False,False
1,False,False,False,0,1,1,False,False,False,-1/10,True,1.3877787807814457e-17,1,2,1,False,False,False,-1/10,True,9/10,,constant_0,1/10,box,1/10,1,False,False,False
0.81818181818181823,False,False,False,1/10,9/11,0.90000000000000002,False,False,False,1/10,True,6.9388939039072284e-18,2,2,0.81818181818181823,False,False,False,1/10,True,9/10,0.024999999999999994,constant_1/10,0,box,1/10,0.81818181818181823,False,False,False
0.81983621474067336,False,False,False,1/10,901/1099,0.90100000000000002,False,False,False,99/1000,True,6.9388939039072284e-18,2,2,0.81983621474067336,False,False,False,99/1000,True,9/10,0.024749999999999994,constant_1/10,1/1000,box,101/1000,0.81983621474067336,False,False,False
0.82648401826484019,False,False,False,1/10,181/219,0.90500000000000003,False,False,False,19/200,True,6.9388939039072284e-18,2,2,0.82648401826484019,False,False,False,19/200,True,9/10,0.023749999999999993,constant_1/10,1/200,box,21/200,0.82648401826484019,False,False,False
0.83486238532110091,False,False,False,1/10,91/109,0.91000000000000003,False,False,False,9/100,True,2.0816681711721685e-17,2,2,0.83486238532110091,False,False,False,9/100,True,9/10,0.02250000000000002,constant_1/10,1/100,box,11/100,0.83486238532110091,False,False,False
0.85185185185185186,False,False,False,1/10,23/27,0.92000000000000004,False,False,False,2/25,True,1.0408340855860843e-17,2,2,0.85185185185185186,False,False,False,2/25,True,9/10,0.01999999999999999,constant_1/10,1/50,box,3/25,0.85185185185185186,False,False,False
0.90476190476190477,False,False,False,1/10,19/21,0.94999999999999996,False,False,False,1/20,True,1.0408340855860843e-17,2,2,0.90476190476190477,False,False,False,1/20,True,9/10,0.012500000000000011,constant_1/10,1/20,box,3/20,0.90476190476190477,False,False,False
1,False,False,False,1/10,1,1,False,False,False,0,True,0,1,2,1,False,False,False,0,True,9/10,,constant_1/10,1/10,box,1/5,1,False,False,False
0.33333333333333331,False,False,False,1/2,1/3,0.5,False,False,False,1/2,True,1.3877787807814457e-17,2,2,0.33333333333333331,False,False,False,1/2,True,9/10,0.12499999999999999,constant_1/2,0,box,1/2,0.33333333333333331,False,False,False
0.33422281521014008,False,False,False,1/2,501/1499,0.501,False,False,False,499/1000,True,1.3877787807814457e-17,2,2,0.33422281521014008,False,False,False,499/1000,True,9/10,0.12475,constant_1/2,1/1000,box,501/1000,0.33422281521014008,False,False,False
0.33779264214046822,False,False,False,1/2,101/299,0.505,False,False,False,99/200,True,0,2,2,0.33779264214046822,False,False,False,99/200,True,9/10,0.12375,constant_1/2,1/200,box,101/200,0.33779264214046822,False,False,False
0.34228187919463088,False,False,False,1/2,51/149,0.51000000000000001,False,False,False,49/100,True,2.7755575615628914e-17,2,2,0.34228187919463088,False,False,False,49/100,True,9/10,0.12250000000000003,constant_1/2,1/100,box,51/100,0.34228187919463088,False,False,False
0.35135135135135137,False,False,False,1/2,13/37,0.52000000000000002,False,False,False,12/25,True,2.7755575615628914e-17,2,2,0.35135135135135137,False,False,False,12/25,True,9/10,0.11999999999999997,constant_1/2,1/50,box,13/25,0.35135135135135137,False,False,False
0.37931034482758619,False,False,False,1/2,11/29,0.55000000000000004,False,False,False,9/20,True,1.3877787807814457e-17,2,2,0.37931034482758619,False,False,False,9/20,True,9/10,0.11250000000000002,constant_1/2,1/20,box,11/20,0.37931034482758619,False,False,False
0.42857142857142855,False,False,False,1/2,3/7,0.59999999999999998,False,False,False,2/5,True,1.3877787807814457e-17,2,2,0.42857142857142855,False,False,False,2/5,True,9/10,0.10000000000000001,constant_1/2,1/10,box,3/5,0.42857142857142855,False,False,False
0.052631578947368418,True,False,False,9/10,1/19,0.10000000000000001,True,False,False,9/10,True,2.7755575615628914e-17,2,2,0.052631578947368418,True,False,False,9/10,True,9/10,0.22499999999999998,constant_9/10,0,box,9/10,0.052631578947368418,True,False,False
0.053185887309110058,True,False,False,9/10,101/1899,0.10100000000000001,False,False,False,899/1000,True,6.9388939039072284e-18,2,2,0.053185887309110058,True,False,False,899/1000,True,9/10,0.22475000000000001,constant_9/10,1/1000,box,901/1000,0.053185887309110058,True,False,False
0.055408970976253295,True,False,False,9/10,21/379,0.105,False,False,False,179/200,True,1.7347234759768071e-18,2,2,0.055408970976253295,True,False,False,179/200,True,9/10,0.22375,constant_9/10,1/200,box,181/200,0.055408970976253295,True,False,False
0.058201058201058198,True,False,False,9/10,11/189,0.11,False,False,False,89/100,True,2.7755575615628914e-17,2,2,0.058201058201058198,True,False,False,89/100,True,9/10,0.22249999999999998,constant_9/10,1/100,box,91/100,0.058201058201058198,True,False,False
0.063829787234042548,True,False,False,9/10,3/47,0.12,False,False,False,22/25,True,0,2,2,0.063829787234042548,True,False,False,22/25,True,9/10,0.22,constant_9/10,1/50,box,23/25,0.063829787234042548,True,False,False
0.081081081081081086,True,False,False,9/10,3/37,0.14999999999999999,False,False,False,17/20,True,2.7755575615628914e-17,2,2,0.081081081081081086,True,False,False,17/20,True,9/10,0.21250000000000002,constant_9/10,1/20,box,19/20,0.081081081081081086,True,False,False
0.1111111111111111,False,False,False,9/10,1/9,0.20000000000000001,False,False,False,4/5,True,2.7755575615628914e-17,2,2,0.1111111111111111,False,False,False,4/5,True,9/10,0.20000000000000004,constant_9/10,1/10,box,1,0.1111111111111111,False,False,False
0,True,True,True,1,0,0,True,True,True,1,False,0,2,2,0,True,True,True,1,False,9/10,0.25,constant_1,0,box,1,0,True,True,True
0.00050025012506253134,True,True,True,1,1/1999,0.001,True,True,True,999/1000,True,2.7755575615628914e-17,2,2,0.00050025012506253123,True,True,True,999/1000,False,9/10,0.24975000000000003,constant_1,1/1000,box,1,0.00050025012506253123,True,True,True
0.0025062656641604009,True,True,True,1,1/399,0.0050000000000000001,True,True,True,199/200,True,2.7755575615628914e-17,2,2,0.0025062656641604009,True,True,True,199/200,False,9/10,0.24874999999999997,constant_1,1/200,box,1,0.0025062656641604009,True,True,True
0.0050251256281407036,True,True,True,1,1/199,0.01,True,True,True,99/100,True,2.3852447794681098e-18,2,2,0.0050251256281407036,True,True,True,99/100,False,9/10,0.2475,constant_1,1/100,box,1,0.0050251256281407036,True,True,True
0.010101010101010102,True,False,True,1,1/99,0.02,True,False,True,49/50,True,2.7755575615628914e-17,2,2,0.010101010101010102,True,False,True,49/50,False,9/10,0.24500000000000002,constant_1,1/50,box,1,0.010101010101010102,True,False,True
0.02564102564102564,True,False,True,1,1/39,0.050000000000000003,True,False,True,19/20,True,5.5511151231257827e-17,2,2,0.02564102564102564,True,False,True,19/20,False,9/10,0.23749999999999993,constant_1,1/20,box,1,0.02564102564102564,True,False,True
0.052631578947368418,True,False,False,1,1/19,0.10000000000000001,True,False,False,9/10,True,2.7755575615628914e-17,2,2,0.052631578947368418,True,False,False,9/10,False,9/10,0.22499999999999998,constant_1,1/10,box,1,0.052631578947368418,True,False,False
0.33333333333333331,False,False,False,1/2,1/3,0.5,False,False,False,1/2,True,1.3877787807814457e-17,2,2,0.33333333333333331,False,False,False,1/2,True,9/10,0.12499999999999999,ascending,0,box,1/2,0.33333333333333331,False,False,False
0.33422281521014008,False,False,False,1/2,501/1499,0.501,False,False,False,499/1000,True,1.3877787807814457e-17,2,2,0.33422281521014008,False,False,False,499/1000,True,9/10,0.12475,ascending,1/1000,box,501/1000,0.33422281521014008,False,False,False
0.33779264214046822,False,False,False,1/2,101/299,0.505,False,False,False,99/200,True,0,2,2,0.33779264214046822,False,False,False,99/200,True,9/10,0.12375,ascending,1/200,box,101/200,0.33779264214046822,False,False,False
0.34228187919463088,False,False,False,1/2,51/149,0.51000000000000001,False,False,False,49/100,True,2.7755575615628914e-17,2,2,0.34228187919463088,False,False,False,49/100,True,9/10,0.12250000000000003,ascending,1/100,box,51/100,0.34228187919463088,False,False,False
0.35135135135135137,False,False,False,1/2,13/37,0.52000000000000002,False,False,False,12/25,True,2.7755575615628914e-17,2,2,0.35135135135135137,False,False,False,12/25,True,9/10,0.11999999999999997,ascending,1/50,box,13/25,0.35135135135135137,False,False,False
0.37931034482758619,False,False,False,1/2,11/29,0.55000000000000004,False,False,False,9/20,True,1.3877787807814457e-17,2,2,0.37931034482758619,False,False,False,9/20,True,9/10,0.11250000000000002,ascending,1/20,box,11/20,0.37931034482758619,False,False,False
0.42857142857142855,False,False,False,1/2,3/7,0.59999999999999998,False,False,False,2/5,True,1.3877787807814457e-17,2,2,0.42857142857142855,False,False,False,2/5,True,9/10,0.10000000000000001,ascending,1/10,box,3/5,0.42857142857142855,False,False,False
0.33333333333333331,False,False,False,1/2,1/3,0.5,False,False,False,1/2,True,1.3877787807814457e-17,2,2,0.33333333333333331,False,False,False,1/2,True,9/10,0.12499999999999999,descending,0,box,1/2,0.33333333333333331,False,False,False
0.33422281521014008,False,False,False,1/2,501/1499,0.501,False,False,False,499/1000,True,1.3877787807814457e-17,2,2,0.33422281521014008,False,False,False,499/1000,True,9/10,0.12475,descending,1/1000,box,501/1000,0.33422281521014008,False,False,False
0.33779264214046822,False,False,False,1/2,101/299,0.505,False,False,False,99/200,True,0,2,2,0.33779264214046822,False,False,False,99/200,True,9/10,0.12375,descending,1/200,box,101/200,0.33779264214046822,False,False,False
0.34228187919463088,False,False,False,1/2,51/149,0.51000000000000001,False,False,False,49/100,True,2.7755575615628914e-17,2,2,0.34228187919463088,False,False,False,49/100,True,9/10,0.12250000000000003,descending,1/100,box,51/100,0.34228187919463088,False,False,False
0.35135135135135137,False,False,False,1/2,13/37,0.52000000000000002,False,False,False,12/25,True,2.7755575615628914e-17,2,2,0.35135135135135137,False,False,False,12/25,True,9/10,0.11999999999999997,descending,1/50,box,13/25,0.35135135135135137,False,False,False
0.37931034482758619,False,False,False,1/2,11/29,0.55000000000000004,False,False,False,9/20,True,1.3877787807814457e-17,2,2,0.37931034482758619,False,False,False,9/20,True,9/10,0.11250000000000002,descending,1/20,box,11/20,0.37931034482758619,False,False,False
0.42857142857142855,False,False,False,1/2,3/7,0.59999999999999998,False,False,False,2/5,True,1.3877787807814457e-17,2,2,0.42857142857142855,False,False,False,2/5,True,9/10,0.10000000000000001,descending,1/10,box,3/5,0.42857142857142855,False,False,False
1,False,False,False,0,1,1,False,False,False,0,True,0,1,2,1,False,False,False,0,True,9/10,,alternating,0,box,0,1,False,False,False
1,False,False,False,0,1,1,False,False,False,-1/1000,True,5.5077470362263625e-17,1,2,1,False,False,False,-1/1000,True,9/10,,alternating,1/1000,box,1/1000,1,False,False,False
1,False,False,False,0,1,1,False,False,False,-1/200,True,5.3342746886286818e-17,1,2,1,False,False,False,-1/200,True,9/10,,alternating,1/200,box,1/200,1,False,False,False
1,False,False,False,0,1,1,False,False,False,-1/100,True,4.3368086899420177e-18,1,2,1,False,False,False,-1/100,True,9/10,,alternating,1/100,box,1/100,1,False,False,False
1,False,False,False,0,1,1,False,False,False,-1/50,True,8.6736173798840355e-18,1,2,1,False,False,False,-1/50,True,9/10,,alternating,1/50,box,1/50,1,False,False,False
1,False,False,False,0,1,1,False,False,False,-1/20,True,2.0816681711721685e-17,1,2,1,False,False,False,-1/20,True,9/10,,alternating,1/20,box,1/20,1,False,False,False
1,False,False,False,0,1,1,False,False,False,-1/10,True,1.3877787807814457e-17,1,2,1,False,False,False,-1/10,True,9/10,,alternating,1/10,box,1/10,1,False,False,False
0,True,True,True,1,0,0,True,True,True,1,False,0,2,2,0,True,True,True,1,False,9/10,0.25,random_271,0,box,1,0,True,True,True
0.00050025012506253134,True,True,True,1,1/1999,0.001,True,True,True,999/1000,True,2.7755575615628914e-17,2,2,0.00050025012506253123,True,True,True,999/1000,False,9/10,0.24975000000000003,random_271,1/1000,box,1,0.00050025012506253123,True,True,True
0.0025062656641604009,True,True,True,1,1/399,0.0050000000000000001,True,True,True,199/200,True,2.7755575615628914e-17,2,2,0.0025062656641604009,True,True,True,199/200,False,9/10,0.24874999999999997,random_271,1/200,box,1,0.0025062656641604009,True,True,True
0.0050251256281407036,True,True,True,1,1/199,0.01,True,True,True,99/100,True,2.3852447794681098e-18,2,2,0.0050251256281407036,True,True,True,99/100,False,9/10,0.2475,random_271,1/100,box,1,0.0050251256281407036,True,True,True
0.010101010101010102,True,False,True,1,1/99,0.02,True,False,True,49/50,True,2.7755575615628914e-17,2,2,0.010101010101010102,True,False,True,49/50,False,9/10,0.24500000000000002,random_271,1/50,box,1,0.010101010101010102,True,False,True
0.02564102564102564,True,False,True,1,1/39,0.050000000000000003,True,False,True,19/20,True,5.5511151231257827e-17,2,2,0.02564102564102564,True,False,True,19/20,False,9/10,0.23749999999999993,random_271,1/20,box,1,0.02564102564102564,True,False,True
0.052631578947368418,True,False,False,1,1/19,0.10000000000000001,True,False,False,9/10,True,2.7755575615628914e-17,2,2,0.052631578947368418,True,False,False,9/10,False,9/10,0.22499999999999998,random_271,1/10,box,1,0.052631578947368418,True,False,False
1,False,False,False,0,1,1,False,False,False,0,True,0,1,2,1,False,False,False,0,True,9/10,,random_811,0,box,0,1,False,False,False
1,False,False,False,0,1,1,False,False,False,-1/1000,True,5.5077470362263625e-17,1,2,1,False,False,False,-1/1000,True,9/10,,random_811,1/1000,box,1/1000,1,False,False,False
1,False,False,False,0,1,1,False,False,False,-1/200,True,5.3342746886286818e-17,1,2,1,False,False,False,-1/200,True,9/10,,random_811,1/200,box,1/200,1,False,False,False
1,False,False,False,0,1,1,False,False,False,-1/100,True,4.3368086899420177e-18,1,2,1,False,False,False,-1/100,True,9/10,,random_811,1/100,box,1/100,1,False,False,False
1,False,False,False,0,1,1,False,False,False,-1/50,True,8.6736173798840355e-18,1,2,1,False,False,False,-1/50,True,9/10,,random_811,1/50,box,1/50,1,False,False,False
1,False,False,False,0,1,1,False,False,False,-1/20,True,2.0816681711721685e-17,1,2,1,False,False,False,-1/20,True,9/10,,random_811,1/20,box,1/20,1,False,False,False
1,False,False,False,0,1,1,False,False,False,-1/10,True,1.3877787807814457e-17,1,2,1,False,False,False,-1/10,True,9/10,,random_811,1/10,box,1/10,1,False,False,False
1,False,False,False,0,1,1,False,False,False,0,True,0,1,2,1,False,False,False,0,True,9/10,,random_1619,0,box,0,1,False,False,False
1,False,False,False,0,1,1,False,False,False,-1/1000,True,5.5077470362263625e-17,1,2,1,False,False,False,-1/1000,True,9/10,,random_1619,1/1000,box,1/1000,1,False,False,False
1,False,False,False,0,1,1,False,False,False,-1/200,True,5.3342746886286818e-17,1,2,1,False,False,False,-1/200,True,9/10,,random_1619,1/200,box,1/200,1,False,False,False
1,False,False,False,0,1,1,False,False,False,-1/100,True,4.3368086899420177e-18,1,2,1,False,False,False,-1/100,True,9/10,,random_1619,1/100,box,1/100,1,False,False,False
1,False,False,False,0,1,1,False,False,False,-1/50,True,8.6736173798840355e-18,1,2,1,False,False,False,-1/50,True,9/10,,random_1619,1/50,box,1/50,1,False,False,False
1,False,False,False,0,1,1,False,False,False,-1/20,True,2.0816681711721685e-17,1,2,1,False,False,False,-1/20,True,9/10,,random_1619,1/20,box,1/20,1,False,False,False
1,False,False,False,0,1,1,False,False,False,-1/10,True,1.3877787807814457e-17,1,2,1,False,False,False,-1/10,True,9/10,,random_1619,1/10,box,1/10,1,False,False,False
1,False,False,False,"0,0",1,1,False,False,False,"0,0",True,0,1,3,1,False,False,False,0,True,1/10,,constant_0,0,box,"0,0",1,False,False,False
1,False,False,False,"0,0",1,1,False,False,False,"-1/1000,-1/1000",True,5.5077470362263625e-17,1,3,1,False,False,False,-1/1000,True,1/10,,constant_0,1/1000,box,"1/1000,1/1000",1,False,False,False
1,False,False,False,"0,0",1,1,False,False,False,"-1/200,-1/200",True,5.3342746886286818e-17,1,3,1,False,False,False,-1/200,True,1/10,,constant_0,1/200,box,"1/200,1/200",1,False,False,False
1,False,False,False,"0,0",1,1,False,False,False,"-1/100,-1/100",True,4.3368086899420177e-18,1,3,1,False,False,False,-1/100,True,1/10,,constant_0,1/100,box,"1/100,1/100",1,False,False,False
1,False,False,False,"0,0",1,1,False,False,False,"-1/50,-1/50",True,8.6736173798840355e-18,1,3,1,False,False,False,-1/50,True,1/10,,constant_0,1/50,box,"1/50,1/50",1,False,False,False
1,False,False,False,"0,0",1,1,False,False,False,"-1/20,-1/20",True,2.0816681711721685e-17,1,3,1,False,False,False,-1/20,True,1/10,,constant_0,1/20,box,"1/20,1/20",1,False,False,False
1,False,False,False,"0,0",1,1,False,False,False,"-1/10,-1/10",True,1.3877787807814457e-17,1,3,1,False,False,False,-1/10,True,1/10,,constant_0,1/10,box,"1/10,1/10",1,False,False,False
0.85135135135135132,False,False,False,"1/10,1/10",9/11,0.90000000000000002,False,False,False,"1/10,1/10",True,2.7755575615628914e-17,2,3,0.81818181818181823,False,False,False,1/10,True,1/10,0.024999999999999994,constant_1/10,0,box,"1/10,1/10",0.81818181818181823,False,False,False
0.85275824770146025,False,False,False,"1/10,1/10",901/1099,0.90100000000000002,False,False,False,"99/1000,99/1000",True,6.9388939039072284e-18,2,3,0.81983621474067336,False,False,False,99/1000,True,1/10,0.024749999999999994,constant_1/10,1/1000,box,"101/1000,101/1000",0.81983621474067336,False,False,False
0.85840108401084014,False,False,False,"1/10,1/10",181/219,0.90500000000000003,False,False,False,"19/200,19/200",True,2.7755575615628914e-17,2,3,0.82648401826484019,False,False,False,19/200,True,1/10,0.023749999999999993,constant_1/10,1/200,box,"21/200,21/200",0.82648401826484019,False,False,False
0.86548913043478259,False,False,False,"1/10,1/10",91/109,0.91000000000000003,False,False,False,"9/100,9/100",True,2.0816681711721685e-17,2,3,0.83486238532110091,False,False,False,9/100,True,1/10,0.02250000000000002,constant_1/10,1/100,box,"11/100,11/100",0.83486238532110091,False,False,False
0.8797814207650273,False,False,False,"1/10,1/10",23/27,0.92000000000000004,False,False,False,"2/25,2/25",True,1.0408340855860843e-17,2,3,0.85185185185185186,False,False,False,2/25,True,1/10,0.01999999999999999,constant_1/10,1/50,box,"3/25,3/25",0.85185185185185186,False,False,False
0.92361111111111116,False,False,False,"1/10,1/10",19/21,0.94999999999999996,False,False,False,"1/20,1/20",True,1.7347234759768071e-17,2,3,0.90476190476190477,False,False,False,1/20,True,1/10,0.012499999999999983,constant_1/10,1/20,box,"3/20,3/20",0.90476190476190477,False,False,False
1,False,False,False,"1/10,1/10",1,1,False,False,False,"0,0",True,0,1,3,1,False,False,False,0,True,1/10,,constant_1/10,1/10,box,"1/5,1/5",1,False,False,False
0.36602540378443865,False,False,False,"1/2,1/2",1/3,0.5,False,False,False,"1/2,1/2",True,0,2,3,0.33333333333333331,False,False,False,1/2,True,1/10,0.125,constant_1/2,0,box,"1/2,1/2",0.33333333333333331,False,False,False
0.3670259811345154,False,False,False,"1/2,1/2",501/1499,0.501,False,False,False,"499/1000,499/1000",True,0,2,3,0.33422281521014008,False,False,False,499/1000,True,1/10,0.12475,constant_1/2,1/1000,box,"501/1000,501/1000",0.33422281521014008,False,False,False
0.37103983742088908,False,False,False,"1/2,1/2",101/299,0.505,False,False,False,"99/200,99/200",True,0,2,3,0.33779264214046822,False,False,False,99/200,True,1/10,0.12375,constant_1/2,1/200,box,"101/200,101/200",0.33779264214046822,False,False,False
0.37608313688698503,False,False,False,"1/2,1/2",51/149,0.51000000000000001,False,False,False,"49/100,49/100",True,0,2,3,0.34228187919463088,False,False,False,49/100,True,1/10,0.1225,constant_1/2,1/100,box,"51/100,51/100",0.34228187919463088,False,False,False
0.3862563131083086,False,False,False,"1/2,1/2",13/37,0.52000000000000002,False,False,False,"12/25,12/25",True,1.3877787807814457e-17,2,3,0.35135135135135137,False,False,False,12/25,True,1/10,0.12000000000000001,constant_1/2,1/50,box,"13/25,13/25",0.35135135135135137,False,False,False
0.4174675786448736,False,False,False,"1/2,1/2",11/29,0.55000000000000004,False,False,False,"9/20,9/20",True,1.3877787807814457e-17,2,3,0.37931034482758619,False,False,False,9/20,True,1/10,0.11249999999999999,constant_1/2,1/20,box,"11/20,11/20",0.37931034482758619,False,False,False
0.4717797887081347,False,False,False,"1/2,1/2",3/7,0.59999999999999998,False,False,False,"2/5,2/5",True,1.3877787807814457e-17,2,3,0.42857142857142855,False,False,False,2/5,True,1/10,0.099999999999999992,constant_1/2,1/10,box,"3/5,3/5",0.42857142857142855,False,False,False
0.053939201416945651,True,False,False,"9/10,9/10",1/19,0.10000000000000001,True,False,False,"9/10,9/10",True,2.7755575615628914e-17,2,3,0.052631578947368418,True,False,False,9/10,True,1/10,0.22499999999999998,constant_9/10,0,box,"9/10,9/10",0.052631578947368418,True,False,False
0.054520319657635825,True,False,False,"9/10,9/10",101/1899,0.10100000000000001,False,False,False,"899/1000,899/1000",True,6.9388939039072284e-18,2,3,0.053185887309110058,True,False,False,899/1000,True,1/10,0.22475000000000001,constant_9/10,1/1000,box,"901/1000,901/1000",0.053185887309110058,True,False,False
0.056853455107455077,True,False,False,"9/10,9/10",21/379,0.105,False,False,False,"179/200,179/200",True,1.7347234759768071e-18,2,3,0.055408970976253295,True,False,False,179/200,True,1/10,0.22375,constant_9/10,1/200,box,"181/200,181/200",0.055408970976253295,True,False,False
0.059789450352024071,True,False,False,"9/10,9/10",11/189,0.11,False,False,False,"89/100,89/100",True,2.7755575615628914e-17,2,3,0.058201058201058198,True,False,False,89/100,True,1/10,0.22249999999999998,constant_9/10,1/100,box,"91/100,91/100",0.058201058201058198,True,False,False
0.065727233402951127,True,False,False,"9/10,9/10",3/47,0.12,False,False,False,"22/25,22/25",True,0,2,3,0.063829787234042548,True,False,False,22/25,True,1/10,0.22,constant_9/10,1/50,box,"23/25,23/25",0.063829787234042548,True,False,False
0.084077084613470215,True,False,False,"9/10,9/10",3/37,0.14999999999999999,False,False,False,"17/20,17/20",True,2.7755575615628914e-17,2,3,0.081081081081081086,True,False,False,17/20,True,1/10,0.21250000000000002,constant_9/10,1/20,box,"19/20,19/20",0.081081081081081086,True,False,False
0.116515138991168,False,False,False,"9/10,9/10",1/9,0.20000000000000001,False,False,False,"4/5,4/5",True,1.3877787807814457e-17,2,3,0.1111111111111111,False,False,False,4/5,True,1/10,0.20000000000000001,constant_9/10,1/10,box,"1,1",0.1111111111111111,False,False,False
0,True,True,True,"1,1",0,0,True,True,True,"1,1",False,0,2,3,0,True,True,True,1,False,1/10,0.25,constant_1,0,box,"1,1",0,True,True,True
0.00050037518752337894,True,True,True,"1,1",1/1999,0.001,True,True,True,"999/1000,999/1000",True,2.7755575615628914e-17,2,3,0.00050025012506253123,True,True,True,999/1000,False,1/10,0.24975000000000003,constant_1,1/1000,box,"1,1",0.00050025012506253123,True,True,True
0.0025093984519644614,True,True,True,"1,1",1/399,0.0050000000000000001,True,True,True,"199/200,199/200",True,2.7755575615628914e-17,2,3,0.0025062656641604009,True,True,True,199/200,False,1/10,0.24874999999999997,constant_1,1/200,box,"1,1",0.0025062656641604009,True,True,True
0.0050376877284598609,True,True,True,"1,1",1/199,0.01,True,True,True,"99/100,99/100",True,2.3852447794681098e-18,2,3,0.0050251256281407036,True,True,True,99/100,False,1/10,0.2475,constant_1,1/100,box,"1,1",0.0050251256281407036,True,True,True
0.010151503558925067,True,False,True,"1,1",1/99,0.02,True,False,True,"49/50,49/50",True,4.3368086899420177e-18,2,3,0.010101010101010102,True,False,True,49/50,False,1/10,0.245,constant_1,1/50,box,"1,1",0.010101010101010102,True,False,True
0.025961064797156753,True,False,True,"1,1",1/39,0.050000000000000003,True,False,True,"19/20,19/20",True,1.1275702593849246e-17,2,3,0.02564102564102564,True,False,True,19/20,False,1/10,0.23749999999999999,constant_1,1/20,box,"1,1",0.02564102564102564,True,False,True
0.053939201416945651,True,False,False,"1,1",1/19,0.10000000000000001,True,False,False,"9/10,9/10",True,2.7755575615628914e-17,2,3,0.052631578947368418,True,False,False,9/10,False,1/10,0.22499999999999998,constant_1,1/10,box,"1,1",0.052631578947368418,True,False,False
0.31746757864487363,False,False,False,"0,1",0,0.45000000000000001,False,False,False,"0,1",False,0,2,3,0.21428571428571427,False,False,False,11/20,False,1/10,0.10000000000000001,ascending,0,box,"0,1",0,True,True,True
0.318410514116586,False,False,False,"0,1",7/7990,0.45100000000000001,False,False,False,"-1/1000,999/1000",True,1.6263032587282567e-19,2,3,0.21515368120085776,False,False,False,549/1000,False,1/10,0.099787500000000001,ascending,1/1000,box,"1/1000,1",0.00087609511889862328,True,True,True
0.32219374997747763,False,False,False,"0,1",7/1590,0.45500000000000002,False,False,False,"-1/200,199/200",True,1.3877787807814457e-17,2,3,0.21863799283154123,False,False,False,109/200,False,1/10,0.098937500000000012,ascending,1/200,box,"1/200,1",0.0044025157232704401,True,True,True
0.32694867206772976,False,False,False,"0,1",7/790,0.46000000000000002,False,False,False,"-1/100,99/100",True,1.3877787807814457e-17,2,3,0.22302158273381295,False,False,False,27/50,False,1/10,0.09787499999999999,ascending,1/100,box,"1/100,1",0.0088607594936708865,True,True,True
0.33654486323559729,False,False,False,"0,1",7/390,0.46999999999999997,False,False,False,"-1/50,49/50",True,2.7755575615628914e-17,2,3,0.2318840579710145,False,False,False,53/100,False,1/10,0.095749999999999974,ascending,1/50,box,"1/50,1",0.017948717948717947,True,False,True
0.36602540378443865,False,False,False,"0,1",7/150,0.5,False,False,False,"-1/20,19/20",True,1.3877787807814457e-17,2,3,0.25925925925925924,False,False,False,1/2,False,1/10,0.089374999999999982,ascending,1/20,box,"1/20,1",0.046666666666666669,True,False,True
0.4174675786448736,False,False,False,"0,1",1/10,0.55000000000000004,False,False,False,"-1/10,9/10",True,1.3877787807814457e-17,2,3,0.30769230769230771,False,False,False,9/20,False,1/10,0.078750000000000014,ascending,1/10,box,"1/10,1",0.10000000000000001,True,False,False
0.4174675786448736,False,False,False,"1,0",0,0.55000000000000004,False,False,False,"1,0",False,6.9388939039072284e-18,2,3,0.4375,False,False,False,9/20,False,1/10,0.024999999999999994,descending,0,box,"1,0",0,True,True,True
0.41852579212378466,False,False,False,"1,0",3/1990,0.55100000000000005,False,False,False,"999/1000,-1/1000",True,3.4694469519536142e-17,2,3,0.43839899937460913,False,False,False,449/1000,False,1/10,0.02492631909547742,descending,1/1000,box,"1,1/1000",0.001507537688442211,True,True,True
0.42277013085263543,False,False,False,"1,0",1/130,0.55500000000000005,False,False,False,"199/200,-1/200",True,2.4286128663675299e-17,2,3,0.44200626959247646,False,False,False,89/200,False,1/10,0.024658653846153872,descending,1/200,box,"1,1/200",0.0076923076923076927,True,True,True
0.42810137656842823,False,False,False,"1,0",3/190,0.56000000000000005,False,False,False,"99/100,-1/100",True,6.9388939039072284e-18,2,3,0.44654088050314467,False,False,False,11/25,False,1/10,0.024388157894736848,descending,1/100,box,"1,1/100",0.015789473684210527,True,False,True
0.43884981440983228,False,False,False,"1,0",1/30,0.56999999999999995,False,False,False,"49/50,-1/50",True,1.0408340855860843e-17,2,3,0.45569620253164556,False,False,False,43/100,False,1/10,0.024083333333333345,descending,1/50,box,"1,1/50",0.033333333333333333,True,False,True
0.4717797887081347,False,False,False,"1,0",1/10,0.59999999999999998,False,False,False,"19/20,-1/20",True,1.0408340855860843e-17,2,3,0.4838709677419355,False,False,False,2/5,False,1/10,0.025625000000000009,descending,1/20,box,"1,1/20",0.10000000000000001,True,False,False
0.52891979156234725,False,False,False,"1,0",3/10,0.65000000000000002,False,False,False,"9/10,-1/10",True,1.3877787807814457e-17,2,3,0.53333333333333333,False,False,False,7/20,False,1/10,0.043749999999999983,descending,1/10,box,"1,1/10",0.29999999999999999,False,False,False
0.31746757864487363,False,False,False,"0,1",0,0.45000000000000001,False,False,False,"0,1",False,0,2,3,0.21428571428571427,False,False,False,11/20,False,1/10,0.10000000000000001,alternating,0,box,"0,1",0,True,True,True
0.318410514116586,False,False,False,"0,1",7/7990,0.45100000000000001,False,False,False,"-1/1000,999/1000",True,1.6263032587282567e-19,2,3,0.21515368120085776,False,False,False,549/1000,False,1/10,0.099787500000000001,alternating,1/1000,box,"1/1000,1",0.00087609511889862328,True,True,True
0.32219374997747763,False,False,False,"0,1",7/1590,0.45500000000000002,False,False,False,"-1/200,199/200",True,1.3877787807814457e-17,2,3,0.21863799283154123,False,False,False,109/200,False,1/10,0.098937500000000012,alternating,1/200,box,"1/200,1",0.0044025157232704401,True,True,True
0.32694867206772976,False,False,False,"0,1",7/790,0.46000000000000002,False,False,False,"-1/100,99/100",True,1.3877787807814457e-17,2,3,0.22302158273381295,False,False,False,27/50,False,1/10,0.09787499999999999,alternating,1/100,box,"1/100,1",0.0088607594936708865,True,True,True
0.33654486323559729,False,False,False,"0,1",7/390,0.46999999999999997,False,False,False,"-1/50,49/50",True,2.7755575615628914e-17,2,3,0.2318840579710145,False,False,False,53/100,False,1/10,0.095749999999999974,alternating,1/50,box,"1/50,1",0.017948717948717947,True,False,True
0.36602540378443865,False,False,False,"0,1",7/150,0.5,False,False,False,"-1/20,19/20",True,1.3877787807814457e-17,2,3,0.25925925925925924,False,False,False,1/2,False,1/10,0.089374999999999982,alternating,1/20,box,"1/20,1",0.046666666666666669,True,False,True
0.4174675786448736,False,False,False,"0,1",1/10,0.55000000000000004,False,False,False,"-1/10,9/10",True,1.3877787807814457e-17,2,3,0.30769230769230771,False,False,False,9/20,False,1/10,0.078750000000000014,alternating,1/10,box,"1/10,1",0.10000000000000001,True,False,False
0.076332386531270016,True,False,False,"1,3/4",0,0.13750000000000001,False,False,False,"1,3/4",False,0,2,3,0.092105263157894732,True,False,False,69/80,False,1/10,0.19375000000000001,random_271,0,box,"1,3/4",0,True,True,True
0.076946721982660032,True,False,False,"1,3/4",3/4990,0.13850000000000001,False,False,False,"999/1000,749/1000",True,2.7755575615628914e-17,2,3,0.092680358083201686,True,False,False,1723/2000,False,1/10,0.1935177104208417,random_271,1/1000,box,"1,751/1000",0.00060120240480961921,True,True,True
0.079413149656893223,True,False,False,"1,3/4",1/330,0.14249999999999999,False,False,False,"199/200,149/200",True,3.2526065174565133e-19,2,3,0.09498680738786279,True,False,False,343/400,False,1/10,0.19259280303030302,random_271,1/200,box,"1,151/200",0.0030303030303030303,True,True,True
0.082516711080609512,True,False,False,"1,3/4",3/490,0.14749999999999999,False,False,False,"99/100,37/50",True,6.5052130349130266e-19,2,3,0.097883597883597878,True,False,False,341/400,False,1/10,0.19144642857142857,random_271,1/100,box,"1,19/25",0.0061224489795918364,True,True,True
0.088792784252084714,True,False,False,"1,3/4",1/80,0.1575,False,False,False,"49/50,73/100",True,1.3010426069826053e-18,2,3,0.10372340425531915,False,False,False,337/400,False,1/10,0.18918750000000001,random_271,1/50,box,"1,77/100",0.012500000000000001,True,False,True
0.10818249141601471,False,False,False,"1,3/4",1/30,0.1875,False,False,False,"19/20,7/10",True,1.7347234759768071e-18,2,3,0.12162162162162163,False,False,False,13/16,False,1/10,0.18270833333333333,random_271,1/20,box,"1,4/5",0.033333333333333333,True,False,True
0.14243438988691329,False,False,False,"1,3/4",3/40,0.23749999999999999,False,False,False,"9/10,13/20",True,0,2,3,0.15277777777777779,False,False,False,61/80,False,1/10,0.173125,random_271,1/10,box,"1,17/20",0.074999999999999997,True,False,False
0.45793451792768419,False,False,False,"0,3/4",1/4,0.58750000000000002,False,False,False,"0,3/4",True,0,2,3,0.36538461538461536,False,False,False,33/80,True,1/10,0.084375000000000006,random_811,0,box,"0,3/4",0.25,False,False,False
0.45903561098900486,False,False,False,"0,3/4",1757/6990,0.58850000000000002,False,False,False,"-1/1000,749/1000",True,2.7755575615628914e-17,2,3,0.36643571978444955,False,False,False,823/2000,True,1/10,0.084189431330472131,random_811,1/1000,box,"1/1000,751/1000",0.25135908440629473,False,False,False
0.46345134766529872,False,False,False,"0,3/4",357/1390,0.59250000000000003,False,False,False,"-1/200,149/200",True,2.7755575615628914e-17,2,3,0.37065637065637064,False,False,False,163/400,True,1/10,0.08345008992805758,random_811,1/200,box,"1/200,151/200",0.2568345323741007,False,False,False
0.46899655765240977,False,False,False,"0,3/4",91/345,0.59750000000000003,False,False,False,"-1/100,37/50",True,1.3877787807814457e-17,2,3,0.37596899224806202,False,False,False,161/400,True,1/10,0.082532608695652182,random_811,1/100,box,"1/100,19/25",0.26376811594202898,False,False,False
0.48017190283634087,False,False,False,"0,3/4",189/680,0.60750000000000004,False,False,False,"-1/50,73/100",True,0,2,3,0.38671875,False,False,False,157/400,True,1/10,0.080720588235294113,random_811,1/50,box,"1/50,77/100",0.27794117647058825,False,False,False
0.51437299536477921,False,False,False,"0,3/4",21/65,0.63749999999999996,False,False,False,"-1/20,7/10",True,0,2,3,0.41999999999999998,False,False,False,29/80,True,1/10,0.075480769230769226,random_811,1/20,box,"1/20,4/5",0.32307692307692309,False,False,False
0.57359042992236409,False,False,False,"0,3/4",49/120,0.6875,False,False,False,"-1/10,13/20",True,1.3877787807814457e-17,2,3,0.47916666666666669,False,False,False,5/16,True,1/10,0.067500000000000018,random_811,1/10,box,"1/10,17/20",0.40833333333333333,False,False,False
0.31746757864487363,False,False,False,"0,1",0,0.45000000000000001,False,False,False,"0,1",False,0,2,3,0.21428571428571427,False,False,False,11/20,False,1/10,0.10000000000000001,random_1619,0,box,"0,1",0,True,True,True
0.318410514116586,False,False,False,"0,1",7/7990,0.45100000000000001,False,False,False,"-1/1000,999/1000",True,1.6263032587282567e-19,2,3,0.21515368120085776,False,False,False,549/1000,False,1/10,0.099787500000000001,random_1619,1/1000,box,"1/1000,1",0.00087609511889862328,True,True,True
0.32219374997747763,False,False,False,"0,1",7/1590,0.45500000000000002,False,False,False,"-1/200,199/200",True,1.3877787807814457e-17,2,3,0.21863799283154123,False,False,False,109/200,False,1/10,0.098937500000000012,random_1619,1/200,box,"1/200,1",0.0044025157232704401,True,True,True
0.32694867206772976,False,False,False,"0,1",7/790,0.46000000000000002,False,False,False,"-1/100,99/100",True,1.3877787807814457e-17,2,3,0.22302158273381295,False,False,False,27/50,False,1/10,0.09787499999999999,random_1619,1/100,box,"1/100,1",0.0088607594936708865,True,True,True
0.33654486323559729,False,False,False,"0,1",7/390,0.46999999999999997,False,False,False,"-1/50,49/50",True,2.7755575615628914e-17,2,3,0.2318840579710145,False,False,False,53/100,False,1/10,0.095749999999999974,random_1619,1/50,box,"1/50,1",0.017948717948717947,True,False,True
0.36602540378443865,False,False,False,"0,1",7/150,0.5,False,False,False,"-1/20,19/20",True,1.3877787807814457e-17,2,3,0.25925925925925924,False,False,False,1/2,False,1/10,0.089374999999999982,random_1619,1/20,box,"1/20,1",0.046666666666666669,True,False,True
0.4174675786448736,False,False,False,"0,1",1/10,0.55000000000000004,False,False,False,"-1/10,9/10",True,1.3877787807814457e-17,2,3,0.30769230769230771,False,False,False,9/20,False,1/10,0.078750000000000014,random_1619,1/10,box,"1/10,1",0.10000000000000001,True,False,False
1,False,False,False,"0,0",1,1,False,False,False,"0,0",True,0,1,3,1,False,False,False,0,True,1/2,,constant_0,0,box,"0,0",1,False,False,False
1,False,False,False,"0,0",1,1,False,False,False,"-1/1000,-1/1000",True,4.3368086899420177e-19,1,3,1,False,False,False,-1/1000,True,1/2,,constant_0,1/1000,box,"1/1000,1/1000",1,False,False,False
1,False,False,False,"0,0",1,1,False,False,False,"-1/200,-1/200",True,2.1684043449710089e-18,1,3,1,False,False,False,-1/200,True,1/2,,constant_0,1/200,box,"1/200,1/200",1,False,False,False
1,False,False,False,"0,0",1,1,False,False,False,"-1/100,-1/100",True,4.3368086899420177e-18,1,3,1,False,False,False,-1/100,True,1/2,,constant_0,1/100,box,"1/100,1/100",1,False,False,False
1,False,False,False,"0,0",1,1,False,False,False,"-1/50,-1/50",True,8.6736173798840355e-18,1,3,1,False,False,False,-1/50,True,1/2,,constant_0,1/50,box,"1/50,1/50",1,False,False,False
1,False,False,False,"0,0",1,1,False,False,False,"-1/20,-1/20",True,2.0816681711721685e-17,1,3,1,False,False,False,-1/20,True,1/2,,constant_0,1/20,box,"1/20,1/20",1,False,False,False
1,False,False,False,"0,0",1,1,False,False,False,"-1/10,-1/10",True,1.3877787807814457e-17,1,3,1,False,False,False,-1/10,True,1/2,,constant_0,1/10,box,"1/10,1/10",1,False,False,False
0.83333333333333337,False,False,False,"1/10,1/10",9/11,0.90000000000000002,False,False,False,"1/10,1/10",True,2.7755575615628914e-17,2,3,0.81818181818181823,False,False,False,1/10,True,1/2,0.024999999999999994,constant_1/10,0,box,"1/10,1/10",0.81818181818181823,False,False,False
0.83487768717568567,False,False,False,"1/10,1/10",901/1099,0.90100000000000002,False,False,False,"99/1000,99/1000",True,6.9388939039072284e-18,2,3,0.81983621474067336,False,False,False,99/1000,True,1/2,0.024749999999999994,constant_1/10,1/1000,box,"101/1000,101/1000",0.81983621474067336,False,False,False
0.84107806691449816,False,False,False,"1/10,1/10",181/219,0.90500000000000003,False,False,False,"19/200,19/200",True,3.4694469519536142e-17,2,3,0.82648401826484019,False,False,False,19/200,True,1/2,0.023749999999999966,constant_1/10,1/200,box,"21/200,21/200",0.82648401826484019,False,False,False
0.84888059701492535,False,False,False,"1/10,1/10",91/109,0.91000000000000003,False,False,False,"9/100,9/100",True,2.0816681711721685e-17,2,3,0.83486238532110091,False,False,False,9/100,True,1/2,0.02250000000000002,constant_1/10,1/100,box,"11/100,11/100",0.83486238532110091,False,False,False
0.86466165413533835,False,False,False,"1/10,1/10",23/27,0.92000000000000004,False,False,False,"2/25,2/25",True,3.8163916471489756e-17,2,3,0.85185185185185186,False,False,False,2/25,True,1/2,0.019999999999999962,constant_1/10,1/50,box,"3/25,3/25",0.85185185185185186,False,False,False
0.91346153846153844,False,False,False,"1/10,1/10",19/21,0.94999999999999996,False,False,False,"1/20,1/20",True,1.0408340855860843e-17,2,3,0.90476190476190477,False,False,False,1/20,True,1/2,0.012500000000000011,constant_1/10,1/20,box,"3/20,3/20",0.90476190476190477,False,False,False
1,False,False,False,"1/10,1/10",1,1,False,False,False,"0,0",True,0,1,3,1,False,False,False,0,True,1/2,,constant_1/10,1/10,box,"1/5,1/5",1,False,False,False
0.35714285714285715,False,False,False,"1/2,1/2",1/3,0.5,False,False,False,"1/2,1/2",True,1.3877787807814457e-17,2,3,0.33333333333333331,False,False,False,1/2,True,1/2,0.12499999999999999,constant_1/2,0,box,"1/2,1/2",0.33333333333333331,False,False,False
0.35806174957118353,False,False,False,"1/2,1/2",501/1499,0.501,False,False,False,"499/1000,499/1000",True,0,2,3,0.33422281521014008,False,False,False,499/1000,True,1/2,0.12475,constant_1/2,1/1000,box,"501/1000,501/1000",0.33422281521014008,False,False,False
0.36174785100286533,False,False,False,"1/2,1/2",101/299,0.505,False,False,False,"99/200,99/200",True,0,2,3,0.33779264214046822,False,False,False,99/200,True,1/2,0.12375,constant_1/2,1/200,box,"101/200,101/200",0.33779264214046822,False,False,False
0.36637931034482757,False,False,False,"1/2,1/2",51/149,0.51000000000000001,False,False,False,"49/100,49/100",True,0,2,3,0.34228187919463088,False,False,False,49/100,True,1/2,0.1225,constant_1/2,1/100,box,"51/100,51/100",0.34228187919463088,False,False,False
0.37572254335260113,False,False,False,"1/2,1/2",13/37,0.52000000000000002,False,False,False,"12/25,12/25",True,1.3877787807814457e-17,2,3,0.35135135135135137,False,False,False,12/25,True,1/2,0.11999999999999998,constant_1/2,1/50,box,"13/25,13/25",0.35135135135135137,False,False,False
0.40441176470588236,False,False,False,"1/2,1/2",11/29,0.55000000000000004,False,False,False,"9/20,9/20",True,1.3877787807814457e-17,2,3,0.37931034482758619,False,False,False,9/20,True,1/2,0.11249999999999999,constant_1/2,1/20,box,"11/20,11/20",0.37931034482758619,False,False,False
0.45454545454545453,False,False,False,"1/2,1/2",3/7,0.59999999999999998,False,False,False,"2/5,2/5",True,1.3877787807814457e-17,2,3,0.42857142857142855,False,False,False,2/5,True,1/2,0.099999999999999992,constant_1/2,1/10,box,"3/5,3/5",0.42857142857142855,False,False,False
0.053939201416945651,True,False,False,"9/10,9/10",1/19,0.10000000000000001,True,False,False,"9/10,9/10",True,2.7755575615628914e-17,2,3,0.052631578947368418,True,False,False,9/10,True,1/2,0.22499999999999998,constant_9/10,0,box,"9/10,9/10",0.052631578947368418,True,False,False
0.054520319657635825,True,False,False,"9/10,9/10",101/1899,0.10100000000000001,False,False,False,"899/1000,899/1000",True,3.4694469519536142e-18,2,3,0.053185887309110058,True,False,False,899/1000,True,1/2,0.22475000000000001,constant_9/10,1/1000,box,"901/1000,901/1000",0.053185887309110058,True,False,False
0.056853455107455077,True,False,False,"9/10,9/10",21/379,0.105,False,False,False,"179/200,179/200",True,5.2041704279304213e-18,2,3,0.055408970976253295,True,False,False,179/200,True,1/2,0.22375,constant_9/10,1/200,box,"181/200,181/200",0.055408970976253295,True,False,False
0.059789450352024071,True,False,False,"9/10,9/10",11/189,0.11,False,False,False,"89/100,89/100",True,2.7755575615628914e-17,2,3,0.058201058201058198,True,False,False,89/100,True,1/2,0.22249999999999998,constant_9/10,1/100,box,"91/100,91/100",0.058201058201058198,True,False,False
0.065727233402951127,True,False,False,"9/10,9/10",3/47,0.12,False,False,False,"22/25,22/25",True,2.7755575615628914e-17,2,3,0.063829787234042548,True,False,False,22/25,True,1/2,0.22000000000000003,constant_9/10,1/50,box,"23/25,23/25",0.063829787234042548,True,False,False
0.084077084613470215,True,False,False,"9/10,9/10",3/37,0.14999999999999999,False,False,False,"17/20,17/20",True,6.9388939039072284e-18,2,3,0.081081081081081086,True,False,False,17/20,True,1/2,0.21249999999999999,constant_9/10,1/20,box,"19/20,19/20",0.081081081081081086,True,False,False
0.116515138991168,False,False,False,"9/10,9/10",1/9,0.20000000000000001,False,False,False,"4/5,4/5",True,1.0408340855860843e-17,2,3,0.1111111111111111,False,False,False,4/5,True,1/2,0.20000000000000001,constant_9/10,1/10,box,"1,1",0.1111111111111111,False,False,False
0,True,True,True,"1,1",0,0,True,True,True,"1,1",False,0,2,3,0,True,True,True,1,False,1/2,0.25,constant_1,0,box,"1,1",0,True,True,True
0.00050037518752337894,True,True,True,"1,1",1/1999,0.001,True,True,True,"999/1000,999/1000",True,2.7105054312137611e-19,2,3,0.00050025012506253123,True,True,True,999/1000,False,1/2,0.24975,constant_1,1/1000,box,"1,1",0.00050025012506253123,True,True,True
0.0025093984519644614,True,True,True,"1,1",1/399,0.0050000000000000001,True,True,True,"199/200,199/200",True,2.7755575615628914e-17,2,3,0.0025062656641604009,True,True,True,199/200,False,1/2,0.24874999999999997,constant_1,1/200,box,"1,1",0.0025062656641604009,True,True,True
0.0050376877284598609,True,True,True,"1,1",1/199,0.01,True,True,True,"99/100,99/100",True,2.1684043449710089e-18,2,3,0.0050251256281407036,True,True,True,99/100,False,1/2,0.2475,constant_1,1/100,box,"1,1",0.0050251256281407036,True,True,True
0.010151503558925067,True,False,True,"1,1",1/99,0.02,True,False,True,"49/50,49/50",True,4.7704895589362195e-18,2,3,0.010101010101010102,True,False,True,49/50,False,1/2,0.245,constant_1,1/50,box,"1,1",0.010101010101010102,True,False,True
0.025961064797156753,True,False,True,"1,1",1/39,0.050000000000000003,True,False,True,"19/20,19/20",True,1.1275702593849246e-17,2,3,0.02564102564102564,True,False,True,19/20,False,1/2,0.23749999999999999,constant_1,1/20,box,"1,1",0.02564102564102564,True,False,True
0.053939201416945651,True,False,False,"1,1",1/19,0.10000000000000001,True,False,False,"9/10,9/10",True,2.7755575615628914e-17,2,3,0.052631578947368418,True,False,False,9/10,False,1/2,0.22499999999999998,constant_1,1/10,box,"1,1",0.052631578947368418,True,False,False
0.15138781886599734,False,False,False,"0,1",0,0.25,False,False,False,"0,1",False,0,2,3,0.10000000000000001,True,False,False,3/4,False,1/2,0.16666666666666666,ascending,0,box,"0,1",0,True,True,True
0.15211098095628597,False,False,False,"0,1",5/7994,0.251,False,False,False,"-1/1000,999/1000",True,2.7755575615628914e-17,2,3,0.10066039623774264,False,False,False,749/1000,False,1/2,0.16643750000000002,ascending,1/1000,box,"1/1000,1",0.00062546910182636974,True,True,True
0.1550138887817232,False,False,False,"0,1",5/1594,0.255,False,False,False,"-1/200,199/200",True,9.7578195523695399e-19,2,3,0.10330992978936811,False,False,False,149/200,False,1/2,0.16552083333333334,ascending,1/200,box,"1/200,1",0.0031367628607277291,True,True,True
0.15866567754643884,False,False,False,"0,1",5/794,0.26000000000000001,False,False,False,"-1/100,99/100",True,2.1684043449710089e-18,2,3,0.10663983903420524,False,False,False,37/50,False,1/2,0.16437499999999999,ascending,1/100,box,"1/100,1",0.0062972292191435771,True,True,True
0.16604687377391145,False,False,False,"0,1",5/394,0.27000000000000002,False,False,False,"-1/50,49/50",True,2.7755575615628914e-17,2,3,0.11336032388663968,False,False,False,73/100,False,1/2,0.16208333333333336,ascending,1/50,box,"1/50,1",0.012690355329949238,True,False,True
0.18881944173155887,False,False,False,"0,1",5/154,0.29999999999999999,False,False,False,"-1/20,19/20",True,1.214306433183765e-17,2,3,0.13402061855670103,False,False,False,7/10,False,1/2,0.15520833333333334,ascending,1/20,box,"1/20,1",0.032467532467532464,True,False,True
0.22891979156234729,False,False,False,"0,1",5/74,0.34999999999999998,False,False,False,"-1/10,9/10",True,2.7755575615628914e-17,2,3,0.1702127659574468,False,False,False,13/20,False,1/2,0.14375000000000002,ascending,1/10,box,"1/10,1",0.067567567567567571,True,False,False
0.625,False,False,False,"1,0",5/8,0.75,False,False,False,"1,0",False,0,2,3,0.625,False,False,False,1/4,False,1/2,0.0625,descending,0,box,"1,0",0.625,False,False,False
0.62625083388925951,False,False,False,"1,0",2503/3997,0.751,False,False,False,"999/1000,-1/1000",True,0,2,3,0.62621966474856139,False,False,False,249/1000,False,1/2,0.06225,descending,1/1000,box,"1,1/1000",0.62621966474856139,False,False,False
0.63127090301003341,False,False,False,"1,0",503/797,0.755,False,False,False,"199/200,-1/200",True,2.7755575615628914e-17,2,3,0.6311166875784191,False,False,False,49/200,False,1/2,0.061249999999999971,descending,1/200,box,"1,1/200",0.6311166875784191,False,False,False
0.63758389261744963,False,False,False,"1,0",253/397,0.76000000000000001,False,False,False,"99/100,-1/100",True,2.7755575615628914e-17,2,3,0.63727959697732994,False,False,False,6/25,False,1/2,0.05999999999999997,descending,1/100,box,"1,1/100",0.63727959697732994,False,False,False
0.65033783783783783,False,False,False,"1,0",128/197,0.77000000000000002,False,False,False,"49/50,-1/50",True,2.7755575615628914e-17,2,3,0.64974619289340096,False,False,False,23/100,False,1/2,0.057499999999999996,descending,1/50,box,"1,1/50",0.64974619289340096,False,False,False
0.68965517241379315,False,False,False,"1,0",53/77,0.80000000000000004,False,False,False,"19/20,-1/20",True,5.5511151231257827e-17,2,3,0.68831168831168832,False,False,False,1/5,False,1/2,0.049999999999999961,descending,1/20,box,"1,1/20",0.68831168831168832,False,False,False
0.7589285714285714,False,False,False,"1,0",28/37,0.84999999999999998,False,False,False,"9/10,-1/10",True,2.0816681711721685e-17,2,3,0.7567567567567568,False,False,False,3/20,False,1/2,0.037499999999999978,descending,1/10,box,"1,1/10",0.7567567567567568,False,False,False
0.15138781886599734,False,False,False,"0,1",0,0.25,False,False,False,"0,1",False,0,2,3,0.10000000000000001,True,False,False,3/4,False,1/2,0.16666666666666666,alternating,0,box,"0,1",0,True,True,True
0.15211098095628597,False,False,False,"0,1",5/7994,0.251,False,False,False,"-1/1000,999/1000",True,2.7755575615628914e-17,2,3,0.10066039623774264,False,False,False,749/1000,False,1/2,0.16643750000000002,alternating,1/1000,box,"1/1000,1",0.00062546910182636974,True,True,True
0.1550138887817232,False,False,False,"0,1",5/1594,0.255,False,False,False,"-1/200,199/200",True,9.7578195523695399e-19,2,3,0.10330992978936811,False,False,False,149/200,False,1/2,0.16552083333333334,alternating,1/200,box,"1/200,1",0.0031367628607277291,True,True,True
0.15866567754643884,False,False,False,"0,1",5/794,0.26000000000000001,False,False,False,"-1/100,99/100",True,2.1684043449710089e-18,2,3,0.10663983903420524,False,False,False,37/50,False,1/2,0.16437499999999999,alternating,1/100,box,"1/100,1",0.0062972292191435771,True,True,True
0.16604687377391145,False,False,False,"0,1",5/394,0.27000000000000002,False,False,False,"-1/50,49/50",True,2.7755575615628914e-17,2,3,0.11336032388663968,False,False,False,73/100,False,1/2,0.16208333333333336,alternating,1/50,box,"1/50,1",0.012690355329949238,True,False,True
0.18881944173155887,False,False,False,"0,1",5/154,0.29999999999999999,False,False,False,"-1/20,19/20",True,1.214306433183765e-17,2,3,0.13402061855670103,False,False,False,7/10,False,1/2,0.15520833333333334,alternating,1/20,box,"1/20,1",0.032467532467532464,True,False,True
0.22891979156234729,False,False,False,"0,1",5/74,0.34999999999999998,False,False,False,"-1/10,9/10",True,2.7755575615628914e-17,2,3,0.1702127659574468,False,False,False,13/20,False,1/2,0.14375000000000002,alternating,1/10,box,"1/10,1",0.067567567567567571,True,False,False
0.10818249141601471,False,False,False,"1,3/4",0,0.1875,False,False,False,"1,3/4",False,2.7755575615628914e-17,2,3,0.11363636363636363,False,False,False,13/16,False,1/2,0.17708333333333331,random_271,0,box,"1,3/4",0,True,True,True
0.10884354998554752,False,False,False,"1,3/4",1/994,0.1885,False,False,False,"999/1000,749/1000",True,2.7755575615628914e-17,2,3,0.11424413316354375,False,False,False,1623/2000,False,1/2,0.17693875754527161,random_271,1/1000,box,"1,751/1000",0.001006036217303823,True,True,True
0.11149741566557193,False,False,False,"1,3/4",1/194,0.1925,False,False,False,"199/200,149/200",True,2.7755575615628914e-17,2,3,0.11668185961713765,False,False,False,323/400,False,1/2,0.17638638316151201,random_271,1/200,box,"1,151/200",0.0051546391752577319,True,True,True
0.11483649769318564,False,False,False,"1,3/4",1/94,0.19750000000000001,False,False,False,"99/100,37/50",True,4.3368086899420177e-19,2,3,0.11974405850091407,False,False,False,321/400,False,1/2,0.17575797872340426,random_271,1/100,box,"1,19/25",0.010638297872340425,True,False,True
0.12158765991014231,False,False,False,"1,3/4",1/44,0.20749999999999999,False,False,False,"49/50,73/100",True,2.7755575615628914e-17,2,3,0.12591911764705882,False,False,False,317/400,False,1/2,0.17473484848484847,random_271,1/50,box,"1,77/100",0.022727272727272728,True,False,True
0.14243438988691329,False,False,False,"1,3/4",1/14,0.23749999999999999,False,False,False,"19/20,7/10",True,6.9388939039072284e-18,2,3,0.14485981308411214,False,False,False,61/80,False,1/2,0.17425595238095237,random_271,1/20,box,"1,4/5",0.071428571428571425,True,False,False
0.17921534135059042,False,False,False,"1,3/4",37/208,0.28749999999999998,False,False,False,"9/10,13/20",True,2.7755575615628914e-17,2,3,0.17788461538461539,False,False,False,57/80,False,1/2,0.17812499999999998,random_271,1/10,box,"1,17/20",0.17788461538461539,False,False,False
0.30172413793103448,False,False,False,"0,3/4",5/28,0.4375,False,False,False,"0,3/4",True,2.7755575615628914e-17,2,3,0.25,False,False,False,9/16,True,1/2,0.12723214285714288,random_811,0,box,"0,3/4",0.17857142857142858,False,False,False
0.30258073419817832,False,False,False,"0,3/4",1255/6994,0.4385,False,False,False,"-1/1000,749/1000",True,0,2,3,0.25083388925950634,False,False,False,1123/2000,True,1/2,0.12699747998284244,random_811,1/1000,box,"1/1000,751/1000",0.17943951958821847,False,False,False
0.30601659751037347,False,False,False,"0,3/4",15/82,0.4425,False,False,False,"-1/200,149/200",True,0,2,3,0.25418060200668896,False,False,False,223/400,True,1/2,0.1260594512195122,random_811,1/200,box,"1/200,151/200",0.18292682926829268,False,False,False
0.31033287101248264,False,False,False,"0,3/4",65/347,0.44750000000000001,False,False,False,"-1/100,37/50",True,1.3877787807814457e-17,2,3,0.25838926174496646,False,False,False,221/400,True,1/2,0.12488832853025936,random_811,1/100,box,"1/100,19/25",0.18731988472622479,False,False,False
0.31903765690376568,False,False,False,"0,3/4",135/688,0.45750000000000002,False,False,False,"-1/50,73/100",True,1.3877787807814457e-17,2,3,0.26689189189189189,False,False,False,217/400,True,1/2,0.12255087209302325,random_811,1/50,box,"1/50,77/100",0.19622093023255813,False,False,False
0.34574468085106386,False,False,False,"0,3/4",15/67,0.48749999999999999,False,False,False,"-1/20,7/10",True,1.3877787807814457e-17,2,3,0.29310344827586204,False,False,False,41/80,True,1/2,0.11557835820895521,random_811,1/20,box,"1/20,4/5",0.22388059701492538,False,False,False
0.39233576642335766,False,False,False,"0,3/4",35/128,0.53749999999999998,False,False,False,"-1/10,13/20",True,0,2,3,0.3392857142857143,False,False,False,37/80,True,1/2,0.10410156249999999,random_811,1/10,box,"1/10,17/20",0.2734375,False,False,False
0.15138781886599734,False,False,False,"0,1",0,0.25,False,False,False,"0,1",False,0,2,3,0.10000000000000001,True,False,False,3/4,False,1/2,0.16666666666666666,random_1619,0,box,"0,1",0,True,True,True
0.15211098095628597,False,False,False,"0,1",5/7994,0.251,False,False,False,"-1/1000,999/1000",True,2.7755575615628914e-17,2,3,0.10066039623774264,False,False,False,749/1000,False,1/2,0.16643750000000002,random_1619,1/1000,box,"1/1000,1",0.00062546910182636974,True,True,True
0.1550138887817232,False,False,False,"0,1",5/1594,0.255,False,False,False,"-1/200,199/200",True,9.7578195523695399e-19,2,3,0.10330992978936811,False,False,False,149/200,False,1/2,0.16552083333333334,random_1619,1/200,box,"1/200,1",0.0031367628607277291,True,True,True
0.15866567754643884,False,False,False,"0,1",5/794,0.26000000000000001,False,False,False,"-1/100,99/100",True,2.1684043449710089e-18,2,3,0.10663983903420524,False,False,False,37/50,False,1/2,0.16437499999999999,random_1619,1/100,box,"1/100,1",0.0062972292191435771,True,True,True
0.16604687377391145,False,False,False,"0,1",5/394,0.27000000000000002,False,False,False,"-1/50,49/50",True,2.7755575615628914e-17,2,3,0.11336032388663968,False,False,False,73/100,False,1/2,0.16208333333333336,random_1619,1/50,box,"1/50,1",0.012690355329949238,True,False,True
0.18881944173155887,False,False,False,"0,1",5/154,0.29999999999999999,False,False,False,"-1/20,19/20",True,1.214306433183765e-17,2,3,0.13402061855670103,False,False,False,7/10,False,1/2,0.15520833333333334,random_1619,1/20,box,"1/20,1",0.032467532467532464,True,False,True
0.22891979156234729,False,False,False,"0,1",5/74,0.34999999999999998,False,False,False,"-1/10,9/10",True,2.7755575615628914e-17,2,3,0.1702127659574468,False,False,False,13/20,False,1/2,0.14375000000000002,random_1619,1/10,box,"1/10,1",0.067567567567567571,True,False,False
1,False,False,False,"0,0",1,1,False,False,False,"0,0",True,0,1,3,1,False,False,False,0,True,9/10,,constant_0,0,box,"0,0",1,False,False,False
1,False,False,False,"0,0",1,1,False,False,False,"-1/1000,-1/1000",True,5.5077470362263625e-17,1,3,1,False,False,False,-1/1000,True,9/10,,constant_0,1/1000,box,"1/1000,1/1000",1,False,False,False
1,False,False,False,"0,0",1,1,False,False,False,"-1/200,-1/200",True,5.3342746886286818e-17,1,3,1,False,False,False,-1/200,True,9/10,,constant_0,1/200,box,"1/200,1/200",1,False,False,False
1,False,False,False,"0,0",1,1,False,False,False,"-1/100,-1/100",True,5.1174342541315809e-17,1,3,1,False,False,False,-1/100,True,9/10,,constant_0,1/100,box,"1/100,1/100",1,False,False,False
1,False,False,False,"0,0",1,1,False,False,False,"-1/50,-1/50",True,8.6736173798840355e-18,1,3,1,False,False,False,-1/50,True,9/10,,constant_0,1/50,box,"1/50,1/50",1,False,False,False
1,False,False,False,"0,0",1,1,False,False,False,"-1/20,-1/20",True,2.0816681711721685e-17,1,3,1,False,False,False,-1/20,True,9/10,,constant_0,1/20,box,"1/20,1/20",1,False,False,False
1,False,False,False,"0,0",1,1,False,False,False,"-1/10,-1/10",True,4.163336342344337e-17,1,3,1,False,False,False,-1/10,True,9/10,,constant_0,1/10,box,"1/10,1/10",1,False,False,False
0.82075471698113212,False,False,False,"1/10,1/10",9/11,0.90000000000000002,False,False,False,"1/10,1/10",True,2.7755575615628914e-17,2,3,0.81818181818181823,False,False,False,1/10,True,9/10,0.024999999999999994,constant_1/10,0,box,"1/10,1/10",0.81818181818181823,False,False,False
0.82239078433841117,False,False,False,"1/10,1/10",901/1099,0.90100000000000002,False,False,False,"99/1000,99/1000",True,6.9388939039072284e-18,2,3,0.81983621474067336,False,False,False,99/1000,True,9/10,0.024749999999999994,constant_1/10,1/1000,box,"101/1000,101/1000",0.81983621474067336,False,False,False
0.82896399241945673,False,False,False,"1/10,1/10",181/219,0.90500000000000003,False,False,False,"19/200,19/200",True,3.4694469519536142e-17,2,3,0.82648401826484019,False,False,False,19/200,True,9/10,0.023749999999999966,constant_1/10,1/200,box,"21/200,21/200",0.82648401826484019,False,False,False
0.83724619289340096,False,False,False,"1/10,1/10",91/109,0.91000000000000003,False,False,False,"9/100,9/100",True,2.7755575615628914e-17,2,3,0.83486238532110091,False,False,False,9/100,True,9/10,0.02250000000000002,constant_1/10,1/100,box,"11/100,11/100",0.83486238532110091,False,False,False
0.85403329065300893,False,False,False,"1/10,1/10",23/27,0.92000000000000004,False,False,False,"2/25,2/25",True,1.0408340855860843e-17,2,3,0.85185185185185186,False,False,False,2/25,True,9/10,0.01999999999999999,constant_1/10,1/50,box,"3/25,3/25",0.85185185185185186,False,False,False
0.90625,False,False,False,"1/10,1/10",19/21,0.94999999999999996,False,False,False,"1/20,1/20",True,1.0408340855860843e-17,2,3,0.90476190476190477,False,False,False,1/20,True,9/10,0.012500000000000011,constant_1/10,1/20,box,"3/20,3/20",0.90476190476190477,False,False,False
1,False,False,False,"1/10,1/10",1,1,False,False,False,"0,0",True,0,1,3,1,False,False,False,0,True,9/10,,constant_1/10,1/10,box,"1/5,1/5",1,False,False,False
0.33720930232558138,False,False,False,"1/2,1/2",1/3,0.5,False,False,False,"1/2,1/2",True,1.3877787807814457e-17,2,3,0.33333333333333331,False,False,False,1/2,True,9/10,0.125,constant_1/2,0,box,"1/2,1/2",0.33333333333333331,False,False,False
0.33810388159731919,False,False,False,"1/2,1/2",501/1499,0.501,False,False,False,"499/1000,499/1000",True,1.3877787807814457e-17,2,3,0.33422281521014008,False,False,False,499/1000,True,9/10,0.12475000000000001,constant_1/2,1/1000,box,"501/1000,501/1000",0.33422281521014008,False,False,False
0.34169388707419507,False,False,False,"1/2,1/2",101/299,0.505,False,False,False,"99/200,99/200",True,0,2,3,0.33779264214046822,False,False,False,99/200,True,9/10,0.12375,constant_1/2,1/200,box,"101/200,101/200",0.33779264214046822,False,False,False
0.34620786516853935,False,False,False,"1/2,1/2",51/149,0.51000000000000001,False,False,False,"49/100,49/100",True,0,2,3,0.34228187919463088,False,False,False,49/100,True,9/10,0.1225,constant_1/2,1/100,box,"51/100,51/100",0.34228187919463088,False,False,False
0.35532516493873706,False,False,False,"1/2,1/2",13/37,0.52000000000000002,False,False,False,"12/25,12/25",True,0,2,3,0.35135135135135137,False,False,False,12/25,True,9/10,0.12,constant_1/2,1/50,box,"13/25,13/25",0.35135135135135137,False,False,False
0.38341346153846156,False,False,False,"1/2,1/2",11/29,0.55000000000000004,False,False,False,"9/20,9/20",True,1.3877787807814457e-17,2,3,0.37931034482758619,False,False,False,9/20,True,9/10,0.11249999999999999,constant_1/2,1/20,box,"11/20,11/20",0.37931034482758619,False,False,False
0.43283582089552236,False,False,False,"1/2,1/2",3/7,0.59999999999999998,False,False,False,"2/5,2/5",True,1.3877787807814457e-17,2,3,0.42857142857142855,False,False,False,2/5,True,9/10,0.10000000000000001,constant_1/2,1/10,box,"3/5,3/5",0.42857142857142855,False,False,False
0.05350553505535055,True,False,False,"9/10,9/10",1/19,0.10000000000000001,True,False,False,"9/10,9/10",True,6.9388939039072284e-18,2,3,0.052631578947368418,True,False,False,9/10,True,9/10,0.22500000000000001,constant_9/10,0,box,"9/10,9/10",0.052631578947368418,True,False,False
0.054068522483940042,True,False,False,"9/10,9/10",101/1899,0.10100000000000001,False,False,False,"899/1000,899/1000",True,6.9388939039072284e-18,2,3,0.053185887309110058,True,False,False,899/1000,True,9/10,0.22475000000000001,constant_9/10,1/1000,box,"901/1000,901/1000",0.053185887309110058,True,False,False
0.056326304106548278,True,False,False,"9/10,9/10",21/379,0.105,False,False,False,"179/200,179/200",True,5.2041704279304213e-18,2,3,0.055408970976253295,True,False,False,179/200,True,9/10,0.22375,constant_9/10,1/200,box,"181/200,181/200",0.055408970976253295,True,False,False
0.059161721068249261,True,False,False,"9/10,9/10",11/189,0.11,False,False,False,"89/100,89/100",True,2.7755575615628914e-17,2,3,0.058201058201058198,True,False,False,89/100,True,9/10,0.22249999999999998,constant_9/10,1/100,box,"91/100,91/100",0.058201058201058198,True,False,False
0.064876957494407153,True,False,False,"9/10,9/10",3/47,0.12,False,False,False,"22/25,22/25",True,3.4694469519536142e-18,2,3,0.063829787234042548,True,False,False,22/25,True,9/10,0.22,constant_9/10,1/50,box,"23/25,23/25",0.063829787234042548,True,False,False
0.082386363636363633,True,False,False,"9/10,9/10",3/37,0.14999999999999999,False,False,False,"17/20,17/20",True,6.9388939039072284e-18,2,3,0.081081081081081086,True,False,False,17/20,True,9/10,0.21249999999999999,constant_9/10,1/20,box,"19/20,19/20",0.081081081081081086,True,False,False
0.11284046692607004,False,False,False,"9/10,9/10",1/9,0.20000000000000001,False,False,False,"4/5,4/5",True,1.0408340855860843e-17,2,3,0.1111111111111111,False,False,False,4/5,True,9/10,0.20000000000000001,constant_9/10,1/10,box,"1,1",0.1111111111111111,False,False,False
0,True,True,True,"1,1",0,0,True,True,True,"1,1",False,0,2,3,0,True,True,True,1,False,9/10,0.25,constant_1,0,box,"1,1",0,True,True,True
0.00050037518752337894,True,True,True,"1,1",1/1999,0.001,True,True,True,"999/1000,999/1000",True,2.7755575615628914e-17,2,3,0.00050025012506253123,True,True,True,999/1000,False,9/10,0.24975000000000003,constant_1,1/1000,box,"1,1",0.00050025012506253123,True,True,True
0.0025093984519644614,True,True,True,"1,1",1/399,0.0050000000000000001,True,True,True,"199/200,199/200",True,2.7755575615628914e-17,2,3,0.0025062656641604009,True,True,True,199/200,False,9/10,0.24874999999999997,constant_1,1/200,box,"1,1",0.0025062656641604009,True,True,True
0.0050376877284598609,True,True,True,"1,1",1/199,0.01,True,True,True,"99/100,99/100",True,2.1684043449710089e-18,2,3,0.0050251256281407036,True,True,True,99/100,False,9/10,0.2475,constant_1,1/100,box,"1,1",0.0050251256281407036,True,True,True
0.010151503558925067,True,False,True,"1,1",1/99,0.02,True,False,True,"49/50,49/50",True,4.7704895589362195e-18,2,3,0.010101010101010102,True,False,True,49/50,False,9/10,0.245,constant_1,1/50,box,"1,1",0.010101010101010102,True,False,True
0.025961064797156753,True,False,True,"1,1",1/39,0.050000000000000003,True,False,True,"19/20,19/20",True,1.0408340855860843e-17,2,3,0.02564102564102564,True,False,True,19/20,False,9/10,0.23749999999999999,constant_1,1/20,box,"1,1",0.02564102564102564,True,False,True
0.05350553505535055,True,False,False,"1,1",1/19,0.10000000000000001,True,False,False,"9/10,9/10",True,6.9388939039072284e-18,2,3,0.052631578947368418,True,False,False,9/10,False,9/10,0.22500000000000001,constant_1,1/10,box,"1,1",0.052631578947368418,True,False,False
0.025961064797156753,True,False,True,"0,1",0,0.050000000000000003,True,False,True,"0,1",False,0,2,3,0.017241379310344827,True,False,True,19/20,False,9/10,0.23333333333333334,ascending,0,box,"0,1",0,True,True,True
0.026500384418171308,True,False,True,"0,1",1/1930,0.050999999999999997,True,False,False,"-1/1000,999/1000",True,2.7755575615628914e-17,2,3,0.017767810936691393,True,False,True,949/1000,False,9/10,0.23308749999999998,ascending,1/1000,box,"1/1000,1",0.00051813471502590671,True,True,True
0.028665753736876586,True,False,True,"0,1",29/11170,0.055,True,False,False,"-1/200,199/200",True,9.7578195523695399e-19,2,3,0.019878997407087293,True,False,True,189/200,False,9/10,0.23210416666666667,ascending,1/200,box,"1/200,1",0.0025962399283795882,True,True,True
0.031390755566471307,True,False,True,"0,1",29/5570,0.059999999999999998,True,False,False,"-1/100,99/100",True,2.3852447794681098e-18,2,3,0.022530329289428077,True,False,True,47/50,False,9/10,0.230875,ascending,1/100,box,"1/100,1",0.0052064631956912025,True,True,True
0.036882267441860468,True,False,True,"0,1",29/2770,0.070000000000000007,True,False,False,"-1/50,49/50",True,4.3368086899420177e-18,2,3,0.027874564459930314,True,False,True,93/100,False,9/10,0.22841666666666666,ascending,1/50,box,"1/50,1",0.010469314079422382,True,False,True
0.05350553505535055,True,False,False,"0,1",29/1090,0.10000000000000001,True,False,False,"-1/20,19/20",True,9.540979117872439e-18,2,3,0.044247787610619468,True,False,True,9/10,False,9/10,0.22104166666666666,ascending,1/20,box,"1/20,1",0.026605504587155965,True,False,True
0.082386363636363633,True,False,False,"0,1",29/530,0.14999999999999999,False,False,False,"-1/10,9/10",True,2.7755575615628914e-17,2,3,0.072727272727272724,True,False,False,17/20,False,9/10,0.20875000000000002,ascending,1/10,box,"1/10,1",0.054716981132075473,True,False,False
0.90625,False,False,False,"1,0",29/32,0.94999999999999996,False,False,False,"1,0",False,1.0408340855860843e-17,2,3,0.90625,False,False,False,1/20,False,9/10,0.012500000000000011,descending,0,box,"1,0",0.90625,False,False,False
0.90804030027657057,False,False,False,"1,0",2903/3197,0.95099999999999996,False,False,False,"999/1000,-1/1000",True,5.5511151231257827e-17,2,3,0.90803878636221458,False,False,False,49/1000,False,9/10,0.012250000000000039,descending,1/1000,box,"1,1/1000",0.90803878636221458,False,False,False
0.91523463317911435,False,False,False,"1,0",583/637,0.95499999999999996,False,False,False,"199/200,-1/200",True,3.8163916471489756e-17,2,3,0.9152276295133438,False,False,False,9/200,False,9/10,0.011250000000000038,descending,1/200,box,"1,1/200",0.9152276295133438,False,False,False
0.92430278884462147,False,False,False,"1,0",293/317,0.95999999999999996,False,False,False,"99/100,-1/100",True,2.7755575615628914e-17,2,3,0.9242902208201893,False,False,False,1/25,False,9/10,0.010000000000000009,descending,1/100,box,"1,1/100",0.9242902208201893,False,False,False
0.94269436997319034,False,False,False,"1,0",148/157,0.96999999999999997,False,False,False,"49/50,-1/50",True,6.9388939039072284e-18,2,3,0.9426751592356688,False,False,False,3/100,False,9/10,0.0075000000000000067,descending,1/50,box,"1,1/50",0.9426751592356688,False,False,False
1,False,False,False,"1,0",1,1,False,False,False,"19/20,-1/20",True,0,1,3,1,False,False,False,0,False,9/10,,descending,1/20,box,"1,1/20",1,False,False,False
1,False,False,False,"1,0",1,1,False,False,False,"9/10,-1/10",True,7.6327832942979512e-17,1,3,1,False,False,False,-1/20,False,9/10,,descending,1/10,box,"1,1/10",1,False,False,False
0.025961064797156753,True,False,True,"0,1",0,0.050000000000000003,True,False,True,"0,1",False,0,2,3,0.017241379310344827,True,False,True,19/20,False,9/10,0.23333333333333334,alternating,0,box,"0,1",0,True,True,True
0.026500384418171308,True,False,True,"0,1",1/1930,0.050999999999999997,True,False,False,"-1/1000,999/1000",True,2.7755575615628914e-17,2,3,0.017767810936691393,True,False,True,949/1000,False,9/10,0.23308749999999998,alternating,1/1000,box,"1/1000,1",0.00051813471502590671,True,True,True
0.028665753736876586,True,False,True,"0,1",29/11170,0.055,True,False,False,"-1/200,199/200",True,9.7578195523695399e-19,2,3,0.019878997407087293,True,False,True,189/200,False,9/10,0.23210416666666667,alternating,1/200,box,"1/200,1",0.0025962399283795882,True,True,True
0.031390755566471307,True,False,True,"0,1",29/5570,0.059999999999999998,True,False,False,"-1/100,99/100",True,2.3852447794681098e-18,2,3,0.022530329289428077,True,False,True,47/50,False,9/10,0.230875,alternating,1/100,box,"1/100,1",0.0052064631956912025,True,True,True
0.036882267441860468,True,False,True,"0,1",29/2770,0.070000000000000007,True,False,False,"-1/50,49/50",True,4.3368086899420177e-18,2,3,0.027874564459930314,True,False,True,93/100,False,9/10,0.22841666666666666,alternating,1/50,box,"1/50,1",0.010469314079422382,True,False,True
0.05350553505535055,True,False,False,"0,1",29/1090,0.10000000000000001,True,False,False,"-1/20,19/20",True,9.540979117872439e-18,2,3,0.044247787610619468,True,False,True,9/10,False,9/10,0.22104166666666666,alternating,1/20,box,"1/20,1",0.026605504587155965,True,False,True
0.082386363636363633,True,False,False,"0,1",29/530,0.14999999999999999,False,False,False,"-1/10,9/10",True,2.7755575615628914e-17,2,3,0.072727272727272724,True,False,False,17/20,False,9/10,0.20875000000000002,alternating,1/10,box,"1/10,1",0.054716981132075473,True,False,False
0.13679245283018868,False,False,False,"1,3/4",29/212,0.23749999999999999,False,False,False,"1,3/4",False,0,2,3,0.13679245283018868,False,False,False,61/80,False,9/10,0.19062499999999999,random_271,0,box,"1,3/4",0.13679245283018868,False,False,False
0.13744485513294386,False,False,False,"1,3/4",728/5297,0.23849999999999999,False,False,False,"999/1000,749/1000",True,2.7755575615628914e-17,2,3,0.13743628468944685,False,False,False,1523/2000,False,9/10,0.19037500000000002,random_271,1/1000,box,"1,751/1000",0.13743628468944685,False,False,False
0.14006174068910576,False,False,False,"1,3/4",148/1057,0.24249999999999999,False,False,False,"199/200,149/200",True,2.7755575615628914e-17,2,3,0.14001892147587511,False,False,False,303/400,False,9/10,0.18937500000000002,random_271,1/200,box,"1,151/200",0.14001892147587511,False,False,False
0.14334931096464948,False,False,False,"1,3/4",151/1054,0.2475,False,False,False,"99/100,37/50",True,5.5511151231257827e-17,2,3,0.14326375711574951,False,False,False,301/400,False,9/10,0.18812500000000004,random_271,1/100,box,"1,19/25",0.14326375711574951,False,False,False
0.149979915645712,False,False,False,"1,3/4",157/1048,0.25750000000000001,False,False,False,"49/50,73/100",True,2.7755575615628914e-17,2,3,0.14980916030534353,False,False,False,297/400,False,9/10,0.18562499999999998,random_271,1/50,box,"1,77/100",0.14980916030534353,False,False,False
0.17032686414708886,False,False,False,"1,3/4",35/206,0.28749999999999998,False,False,False,"19/20,7/10",True,2.7755575615628914e-17,2,3,0.16990291262135923,False,False,False,57/80,False,9/10,0.17812499999999998,random_271,1/20,box,"1,4/5",0.16990291262135923,False,False,False
0.20583596214511041,False,False,False,"1,3/4",41/200,0.33750000000000002,False,False,False,"9/10,13/20",True,2.7755575615628914e-17,2,3,0.20499999999999999,False,False,False,53/80,False,9/10,0.16562500000000002,random_271,1/10,box,"1,17/20",0.20499999999999999,False,False,False
0.17032686414708886,False,False,False,"0,3/4",29/196,0.28749999999999998,False,False,False,"0,3/4",True,6.9388939039072284e-18,2,3,0.16176470588235295,False,False,False,57/80,True,9/10,0.17519132653061226,random_811,0,box,"0,3/4",0.14795918367346939,False,False,False
0.17101712930787785,False,False,False,"0,3/4",7279/48970,0.28849999999999998,False,False,False,"-1/1000,749/1000",True,6.9388939039072284e-18,2,3,0.16244849911712772,False,False,False,1423/2000,True,9/10,0.174942850214417,random_811,1/1000,box,"1/1000,751/1000",0.14864202573003879,False,False,False
0.1737861094038107,False,False,False,"0,3/4",1479/9770,0.29249999999999998,False,False,False,"-1/200,149/200",True,0,2,3,0.16519174041297935,False,False,False,283/400,True,9/10,0.17394901484135109,random_811,1/200,box,"1/200,151/200",0.15138178096212895,False,False,False
0.17726525580439695,False,False,False,"0,3/4",377/2435,0.29749999999999999,False,False,False,"-1/100,37/50",True,0,2,3,0.16863905325443787,False,False,False,281/400,True,9/10,0.17270687885010266,random_811,1/100,box,"1/100,19/25",0.15482546201232034,False,False,False
0.18428394296342218,False,False,False,"0,3/4",783/4840,0.3075,False,False,False,"-1/50,73/100",True,0,2,3,0.17559523809523808,False,False,False,277/400,True,9/10,0.17022314049586776,random_811,1/50,box,"1/50,77/100",0.16177685950413223,False,False,False
0.20583596214511041,False,False,False,"0,3/4",87/475,0.33750000000000002,False,False,False,"-1/20,7/10",True,2.7755575615628914e-17,2,3,0.19696969696969696,False,False,False,53/80,True,9/10,0.16277631578947366,random_811,1/20,box,"1/20,4/5",0.1831578947368421,False,False,False
0.2434994582881907,False,False,False,"0,3/4",203/920,0.38750000000000001,False,False,False,"-1/10,13/20",True,2.7755575615628914e-17,2,3,0.234375,False,False,False,49/80,True,9/10,0.15038043478260868,random_811,1/10,box,"1/10,17/20",0.22065217391304348,False,False,False
0.025961064797156753,True,False,True,"0,1",0,0.050000000000000003,True,False,True,"0,1",False,0,2,3,0.017241379310344827,True,False,True,19/20,False,9/10,0.23333333333333334,random_1619,0,box,"0,1",0,True,True,True
0.026500384418171308,True,False,True,"0,1",1/1930,0.050999999999999997,True,False,False,"-1/1000,999/1000",True,2.7755575615628914e-17,2,3,0.017767810936691393,True,False,True,949/1000,False,9/10,0.23308749999999998,random_1619,1/1000,box,"1/1000,1",0.00051813471502590671,True,True,True
0.028665753736876586,True,False,True,"0,1",29/11170,0.055,True,False,False,"-1/200,199/200",True,9.7578195523695399e-19,2,3,0.019878997407087293,True,False,True,189/200,False,9/10,0.23210416666666667,random_1619,1/200,box,"1/200,1",0.0025962399283795882,True,True,True
0.031390755566471307,True,False,True,"0,1",29/5570,0.059999999999999998,True,False,False,"-1/100,99/100",True,2.3852447794681098e-18,2,3,0.022530329289428077,True,False,True,47/50,False,9/10,0.230875,random_1619,1/100,box,"1/100,1",0.0052064631956912025,True,True,True
0.036882267441860468,True,False,True,"0,1",29/2770,0.070000000000000007,True,False,False,"-1/50,49/50",True,4.3368086899420177e-18,2,3,0.027874564459930314,True,False,True,93/100,False,9/10,0.22841666666666666,random_1619,1/50,box,"1/50,1",0.010469314079422382,True,False,True
0.05350553505535055,True,False,False,"0,1",29/1090,0.10000000000000001,True,False,False,"-1/20,19/20",True,9.540979117872439e-18,2,3,0.044247787610619468,True,False,True,9/10,False,9/10,0.22104166666666666,random_1619,1/20,box,"1/20,1",0.026605504587155965,True,False,True
0.082386363636363633,True,False,False,"0,1",29/530,0.14999999999999999,False,False,False,"-1/10,9/10",True,2.7755575615628914e-17,2,3,0.072727272727272724,True,False,False,17/20,False,9/10,0.20875000000000002,random_1619,1/10,box,"1/10,1",0.054716981132075473,True,False,False
1,False,False,False,"0,0,0",1,1,False,False,False,"0,0,0",True,0,1,4,1,False,False,False,0,True,1/10,,constant_0,0,box,"0,0,0",1,False,False,False
1,False,False,False,"0,0,0",1,1,False,False,False,"-1/1000,-1/1000,-1/1000",True,5.5077470362263625e-17,1,4,1,False,False,False,-1/1000,True,1/10,,constant_0,1/1000,box,"1/1000,1/1000,1/1000",1,False,False,False
1,False,False,False,"0,0,0",1,1,False,False,False,"-1/200,-1/200,-1/200",True,5.3342746886286818e-17,1,4,1,False,False,False,-1/200,True,1/10,,constant_0,1/200,box,"1/200,1/200,1/200",1,False,False,False
1,False,False,False,"0,0,0",1,1,False,False,False,"-1/100,-1/100,-1/100",True,4.3368086899420177e-18,1,4,1,False,False,False,-1/100,True,1/10,,constant_0,1/100,box,"1/100,1/100,1/100",1,False,False,False
1,False,False,False,"0,0,0",1,1,False,False,False,"-1/50,-1/50,-1/50",True,8.6736173798840355e-18,1,4,1,False,False,False,-1/50,True,1/10,,constant_0,1/50,box,"1/50,1/50,1/50",1,False,False,False
1,False,False,False,"0,0,0",1,1,False,False,False,"-1/20,-1/20,-1/20",True,2.0816681711721685e-17,1,4,1,False,False,False,-1/20,True,1/10,,constant_0,1/20,box,"1/20,1/20,1/20",1,False,False,False
1,False,False,False,"0,0,0",1,1,False,False,False,"-1/10,-1/10,-1/10",True,1.3877787807814457e-17,1,4,1,False,False,False,-1/10,True,1/10,,constant_0,1/10,box,"1/10,1/10,1/10",1,False,False,False
0.85283593330127394,False,False,False,"1/10,1/10,1/10",9/11,0.90000000000000002,False,False,False,"1/10,1/10,1/10",True,3.4694469519536142e-17,2,4,0.81818181818181823,False,False,False,1/10,True,1/10,0.024999999999999967,constant_1/10,0,box,"1/10,1/10,1/10",0.81818181818181823,False,False,False
0.8542508232239211,False,False,False,"1/10,1/10,1/10",901/1099,0.90100000000000002,False,False,False,"99/1000,99/1000,99/1000",True,6.9388939039072284e-18,2,4,0.81983621474067336,False,False,False,99/1000,True,1/10,0.024749999999999994,constant_1/10,1/1000,box,"101/1000,101/1000,101/1000",0.81983621474067336,False,False,False
0.85992188816973858,False,False,False,"1/10,1/10,1/10",181/219,0.90500000000000003,False,False,False,"19/200,19/200,19/200",True,3.4694469519536142e-17,2,4,0.82648401826484019,False,False,False,19/200,True,1/10,0.023749999999999966,constant_1/10,1/200,box,"21/200,21/200,21/200",0.82648401826484019,False,False,False
0.86703660057771992,False,False,False,"1/10,1/10,1/10",91/109,0.91000000000000003,False,False,False,"9/100,9/100,9/100",True,2.0816681711721685e-17,2,4,0.83486238532110091,False,False,False,9/100,True,1/10,0.02250000000000002,constant_1/10,1/100,box,"11/100,11/100,11/100",0.83486238532110091,False,False,False
0.88135225503521031,False,False,False,"1/10,1/10,1/10",23/27,0.92000000000000004,False,False,False,"2/25,2/25,2/25",True,1.0408340855860843e-17,2,4,0.85185185185185186,False,False,False,2/25,True,1/10,0.01999999999999999,constant_1/10,1/50,box,"3/25,3/25,3/25",0.85185185185185186,False,False,False
0.92498801529721475,False,False,False,"1/10,1/10,1/10",19/21,0.94999999999999996,False,False,False,"1/20,1/20,1/20",True,1.0408340855860843e-17,2,4,0.90476190476190477,False,False,False,1/20,True,1/10,0.012500000000000011,constant_1/10,1/20,box,"3/20,3/20,3/20",0.90476190476190477,False,False,False
1,False,False,False,"1/10,1/10,1/10",1,1,False,False,False,"0,0,0",True,0,1,4,1,False,False,False,0,True,1/10,,constant_1/10,1/10,box,"1/5,1/5,1/5",1,False,False,False
0.37739115633356973,False,False,False,"1/2,1/2,1/2",1/3,0.5,False,False,False,"1/2,1/2,1/2",True,1.3877787807814457e-17,2,4,0.33333333333333331,False,False,False,1/2,True,1/10,0.12499999999999999,constant_1/2,0,box,"1/2,1/2,1/2",0.33333333333333331,False,False,False
0.37836465741039726,False,False,False,"1/2,1/2,1/2",501/1499,0.501,False,False,False,"499/1000,499/1000,499/1000",True,1.3877787807814457e-17,2,4,0.33422281521014008,False,False,False,499/1000,True,1/10,0.12475000000000001,constant_1/2,1/1000,box,"501/1000,501/1000,501/1000",0.33422281521014008,False,False,False
0.38226870723904327,False,False,False,"1/2,1/2,1/2",101/299,0.505,False,False,False,"99/200,99/200,99/200",True,1.3877787807814457e-17,2,4,0.33779264214046822,False,False,False,99/200,True,1/10,0.12374999999999999,constant_1/2,1/200,box,"101/200,101/200,101/200",0.33779264214046822,False,False,False
0.3871714248325081,False,False,False,"1/2,1/2,1/2",51/149,0.51000000000000001,False,False,False,"49/100,49/100,49/100",True,0,2,4,0.34228187919463088,False,False,False,49/100,True,1/10,0.1225,constant_1/2,1/100,box,"51/100,51/100,51/100",0.34228187919463088,False,False,False
0.39705271002235598,False,False,False,"1/2,1/2,1/2",13/37,0.52000000000000002,False,False,False,"12/25,12/25,12/25",True,0,2,4,0.35135135135135137,False,False,False,12/25,True,1/10,0.12,constant_1/2,1/50,box,"13/25,13/25,13/25",0.35135135135135137,False,False,False
0.42730953424851709,False,False,False,"1/2,1/2,1/2",11/29,0.55000000000000004,False,False,False,"9/20,9/20,9/20",True,1.3877787807814457e-17,2,4,0.37931034482758619,False,False,False,9/20,True,1/10,0.1125,constant_1/2,1/20,box,"11/20,11/20,11/20",0.37931034482758619,False,False,False
0.47982012540170532,False,False,False,"1/2,1/2,1/2",3/7,0.59999999999999998,False,False,False,"2/5,2/5,2/5",True,0,2,4,0.42857142857142855,False,False,False,2/5,True,1/10,0.10000000000000001,constant_1/2,1/10,box,"3/5,3/5,3/5",0.42857142857142855,False,False,False
0.05523431780746365,True,False,False,"9/10,9/10,9/10",1/19,0.10000000000000001,True,False,False,"9/10,9/10,9/10",True,6.9388939039072284e-18,2,4,0.052631578947368418,True,False,False,9/10,True,1/10,0.22500000000000001,constant_9/10,0,box,"9/10,9/10,9/10",0.052631578947368418,True,False,False
0.055841723007177033,True,False,False,"9/10,9/10,9/10",101/1899,0.10100000000000001,False,False,False,"899/1000,899/1000,899/1000",True,6.9388939039072284e-18,2,4,0.053185887309110058,True,False,False,899/1000,True,1/10,0.22475000000000001,constant_9/10,1/1000,box,"901/1000,901/1000,901/1000",0.053185887309110058,True,False,False
0.058282650087561817,True,False,False,"9/10,9/10,9/10",21/379,0.105,False,False,False,"179/200,179/200,179/200",True,5.2041704279304213e-18,2,4,0.055408970976253295,True,False,False,179/200,True,1/10,0.22375,constant_9/10,1/200,box,"181/200,181/200,181/200",0.055408970976253295,True,False,False
0.061359321721943721,True,False,False,"9/10,9/10,9/10",11/189,0.11,False,False,False,"89/100,89/100,89/100",True,2.7755575615628914e-17,2,4,0.058201058201058198,True,False,False,89/100,True,1/10,0.22249999999999998,constant_9/10,1/100,box,"91/100,91/100,91/100",0.058201058201058198,True,False,False
0.067598157450382126,True,False,False,"9/10,9/10,9/10",3/47,0.12,False,False,False,"22/25,22/25,22/25",True,2.7755575615628914e-17,2,4,0.063829787234042548,True,False,False,22/25,True,1/10,0.21999999999999997,constant_9/10,1/50,box,"23/25,23/25,23/25",0.063829787234042548,True,False,False
0.087006322402557665,True,False,False,"9/10,9/10,9/10",3/37,0.14999999999999999,False,False,False,"17/20,17/20,17/20",True,2.7755575615628914e-17,2,4,0.081081081081081086,True,False,False,17/20,True,1/10,0.21250000000000002,constant_9/10,1/20,box,"19/20,19/20,19/20",0.081081081081081086,True,False,False
0.12169905660283019,False,False,False,"9/10,9/10,9/10",1/9,0.20000000000000001,False,False,False,"4/5,4/5,4/5",True,1.0408340855860843e-17,2,4,0.1111111111111111,False,False,False,4/5,True,1/10,0.20000000000000001,constant_9/10,1/10,box,"1,1,1",0.1111111111111111,False,False,False
0,True,True,True,"1,1,1",0,0,True,True,True,"1,1,1",False,0,2,4,0,True,True,True,1,False,1/10,0.25,constant_1,0,box,"1,1,1",0,True,True,True
0.00050050024987468742,True,True,True,"1,1,1",1/1999,0.001,True,True,True,"999/1000,999/1000,999/1000",True,2.7755575615628914e-17,2,4,0.00050025012506253123,True,True,True,999/1000,False,1/10,0.24975000000000003,constant_1,1/1000,box,"1,1,1",0.00050025012506253123,True,True,True
0.0025125311708969985,True,True,True,"1,1,1",1/399,0.0050000000000000001,True,True,True,"199/200,199/200,199/200",True,2.7755575615628914e-17,2,4,0.0025062656641604009,True,True,True,199/200,False,1/10,0.24874999999999997,constant_1,1/200,box,"1,1,1",0.0025062656641604009,True,True,True
0.0050502487186595713,True,True,True,"1,1,1",1/199,0.01,True,True,True,"99/100,99/100,99/100",True,1.951563910473908e-18,2,4,0.0050251256281407036,True,True,True,99/100,False,1/10,0.2475,constant_1,1/100,box,"1,1,1",0.0050251256281407036,True,True,True
0.01020197899443011,True,False,True,"1,1,1",1/99,0.02,True,False,True,"49/50,49/50,49/50",True,3.903127820947816e-18,2,4,0.010101010101010102,True,False,True,49/50,False,1/10,0.245,constant_1,1/50,box,"1,1,1",0.010101010101010102,True,False,True
0.026280369900428795,True,False,True,"1,1,1",1/39,0.050000000000000003,True,False,True,"19/20,19/20,19/20",True,1.214306433183765e-17,2,4,0.02564102564102564,True,False,True,19/20,False,1/10,0.23749999999999999,constant_1,1/20,box,"1,1,1",0.02564102564102564,True,False,True
0.05523431780746365,True,False,False,"1,1,1",1/19,0.10000000000000001,True,False,False,"9/10,9/10,9/10",True,6.9388939039072284e-18,2,4,0.052631578947368418,True,False,False,9/10,False,1/10,0.22500000000000001,constant_1,1/10,box,"1,1,1",0.052631578947368418,True,False,False
0.32998006271941593,False,False,False,"0,1/2,1",0,0.45000000000000001,False,False,False,"0,1/2,1",False,0,2,4,0.21428571428571427,False,False,False,11/20,False,1/10,0.10000000000000001,ascending,0,box,"0,1/2,1",0,True,True,True
0.33090429630367718,False,False,False,"0,1/2,1",107/93800,0.45100000000000001,False,False,False,"-1/1000,499/1000,999/1000",True,1.0842021724855044e-19,2,4,0.21515368120085776,False,False,False,549/1000,False,1/10,0.099824484275053305,ascending,1/1000,box,"1/1000,501/1000,1",0.0011407249466950959,True,True,True
0.3346109101525781,False,False,False,"0,1/2,1",107/18600,0.45500000000000002,False,False,False,"-1/200,99/200,199/200",True,1.3877787807814457e-17,2,4,0.21863799283154123,False,False,False,109/200,False,1/10,0.099128125000000011,ascending,1/200,box,"1/200,101/200,1",0.0057526881720430106,True,True,True
0.33926601283212254,False,False,False,"0,1/2,1",107/9200,0.46000000000000002,False,False,False,"-1/100,49/100,99/100",True,1.3877787807814457e-17,2,4,0.22302158273381295,False,False,False,27/50,False,1/10,0.098270788043478247,ascending,1/100,box,"1/100,51/100,1",0.011630434782608695,True,False,True
0.34864935838021299,False,False,False,"0,1/2,1",107/4500,0.46999999999999997,False,False,False,"-1/50,12/25,49/50",True,2.7755575615628914e-17,2,4,0.2318840579710145,False,False,False,53/100,False,1/10,0.096601666666666641,ascending,1/50,box,"1/50,13/25,1",0.023777777777777776,True,False,True
0.37739115633356973,False,False,False,"0,1/2,1",107/1680,0.5,False,False,False,"-1/20,9/20,19/20",True,1.3877787807814457e-17,2,4,0.25925925925925924,False,False,False,1/2,False,1/10,0.091997767857142837,ascending,1/20,box,"1/20,11/20,1",0.063690476190476186,True,False,False
0.42730953424851709,False,False,False,"0,1/2,1",107/740,0.55000000000000004,False,False,False,"-1/10,2/5,9/10",True,1.3877787807814457e-17,2,4,0.30769230769230771,False,False,False,9/20,False,1/10,0.085996621621621611,ascending,1/10,box,"1/10,3/5,1",0.14459459459459459,False,False,False
0.42730953424851709,False,False,False,"1,1/2,0",33/106,0.55000000000000004,False,False,False,"1,1/2,0",False,1.3877787807814457e-17,2,4,0.4375,False,False,False,9/20,False,1/10,0.087264150943396235,descending,0,box,"1,1/2,0",0.31132075471698112,False,False,False
0.42833407231715748,False,False,False,"1,1/2,0",33093/105800,0.55100000000000005,False,False,False,"999/1000,499/1000,-1/1000",True,1.3877787807814457e-17,2,4,0.43839899937460913,False,False,False,449/1000,False,1/10,0.087143557419659748,descending,1/1000,box,"1,501/1000,1/1000",0.31278827977315687,False,False,False
0.4324426091773988,False,False,False,"1,1/2,0",2231/7000,0.55500000000000005,False,False,False,"199/200,99/200,-1/200",True,4.163336342344337e-17,2,4,0.44200626959247646,False,False,False,89/200,False,1/10,0.08666866071428575,descending,1/200,box,"1,101/200,1/200",0.31871428571428573,False,False,False
0.4376016938722625,False,False,False,"1,1/2,0",261/800,0.56000000000000005,False,False,False,"99/100,49/100,-1/100",True,1.3877787807814457e-17,2,4,0.44654088050314467,False,False,False,11/25,False,1/10,0.086092187499999986,descending,1/100,box,"1,51/100,1/100",0.32624999999999998,False,False,False
0.44799821131250855,False,False,False,"1,1/2,0",581/1700,0.56999999999999995,False,False,False,"49/50,12/25,-1/50",True,1.3877787807814457e-17,2,4,0.45569620253164556,False,False,False,43/100,False,1/10,0.084998529411764723,descending,1/50,box,"1,13/25,1/50",0.34176470588235291,False,False,False
0.47982012540170532,False,False,False,"1,1/2,0",251/640,0.59999999999999998,False,False,False,"19/20,9/20,-1/20",True,1.3877787807814457e-17,2,4,0.4838709677419355,False,False,False,2/5,False,1/10,0.08223632812499998,descending,1/20,box,"1,11/20,1/20",0.39218750000000002,False,False,False
0.5349995276779993,False,False,False,"1,1/2,0",423/860,0.65000000000000002,False,False,False,"9/10,2/5,-1/10",True,1.3877787807814457e-17,2,4,0.53333333333333333,False,False,False,7/20,False,1/10,0.079723837209302317,descending,1/10,box,"1,3/5,1/10",0.49186046511627907,False,False,False
0.52374678721025492,False,False,False,"0,1,0",0,0.64000000000000001,False,False,False,"0,1,0",False,5.2041704279304213e-18,2,4,0.48201438848920863,False,False,False,9/25,False,1/10,0.0062500000000000056,alternating,0,box,"0,1,0",0,True,True,True
0.52486714985844218,False,False,False,"0,1,0",33/4900,0.64100000000000001,False,False,False,"-1/1000,999/1000,-1/1000",True,1.7347234759768071e-17,2,4,0.48308135349172066,False,False,False,359/1000,False,1/10,0.0070443112244898132,alternating,1/1000,box,"1/1000,1,1/1000",0.0067346938775510205,True,True,True
0.52935950631621398,False,False,False,"0,1,0",11/300,0.64500000000000002,False,False,False,"-1/200,199/200,-1/200",True,1.7347234759768071e-18,2,4,0.48736462093862815,False,False,False,71/200,False,1/10,0.010722916666666665,alternating,1/200,box,"1/200,1,1/200",0.036666666666666667,True,False,True
0.5349995276779993,False,False,False,"0,1,0",33/400,0.65000000000000002,False,False,False,"-1/100,99/100,-1/100",True,3.4694469519536142e-18,2,4,0.49275362318840582,False,False,False,7/20,False,1/10,0.016731250000000003,alternating,1/100,box,"1/100,1,1/100",0.082500000000000004,True,False,False
0.54636172346356637,False,False,False,"0,1,0",11/50,0.66000000000000003,False,False,False,"-1/50,49/50,-1/50",True,0,2,4,0.5036496350364964,False,False,False,17/50,False,1/10,0.036424999999999999,alternating,1/50,box,"1/50,1,1/50",0.22,False,False,False
0.58110975869012504,False,False,False,"0,1,0",36/67,0.68999999999999995,False,False,False,"-1/20,19/20,-1/20",True,0,2,4,0.53731343283582089,False,False,False,31/100,False,1/10,0.077499999999999999,alternating,1/20,box,"1/20,1,1/20",0.53731343283582089,False,False,False
0.64125335224314006,False,False,False,"0,1,0",77/129,0.73999999999999999,False,False,False,"-1/10,9/10,-1/10",True,2.7755575615628914e-17,2,4,0.5968992248062015,False,False,False,13/50,False,1/10,0.064999999999999974,alternating,1/10,box,"1/10,1,1/10",0.5968992248062015,False,False,False
0.10921996464448523,False,False,False,"1,3/4,3/4",0,0.1825,False,False,False,"1,3/4,3/4",False,0,2,4,0.11681296421336934,False,False,False,327/400,False,1/10,0.17734374999999999,random_271,0,box,"1,3/4,3/4",0,True,True,True
0.10992325388730795,False,False,False,"1,3/4,3/4",27/24050,0.1835,False,False,False,"999/1000,749/1000,749/1000",True,2.7755575615628914e-17,2,4,0.1174165653290096,False,False,False,1633/2000,False,1/10,0.17722840046777549,random_271,1/1000,box,"1,751/1000,751/1000",0.0011226611226611226,True,True,True
0.11274827905431649,False,False,False,"1,3/4,3/4",9/1550,0.1875,False,False,False,"199/200,149/200,149/200",True,4.3368086899420177e-19,2,4,0.11983750846310089,False,False,False,13/16,False,1/10,0.17680877016129032,random_271,1/200,box,"1,151/200,151/200",0.0058064516129032262,True,True,True
0.11630628803354413,False,False,False,"1,3/4,3/4",27/2225,0.1925,False,False,False,"99/100,37/50,37/50",True,2.7755575615628914e-17,2,4,0.12287847929395791,False,False,False,323/400,False,1/10,0.1763866573033708,random_271,1/100,box,"1,19/25,19/25",0.012134831460674157,True,False,True
0.12351152914612117,False,False,False,"1,3/4,3/4",2/75,0.20250000000000001,False,False,False,"49/50,73/100,73/100",True,2.7755575615628914e-17,2,4,0.12901023890784982,False,False,False,319/400,False,1/10,0.17594791666666665,random_271,1/50,box,"1,77/100,77/100",0.026666666666666668,True,False,True
0.14584253931209304,False,False,False,"1,3/4,3/4",9/95,0.23250000000000001,False,False,False,"19/20,7/10,7/10",True,0,2,4,0.14781401804302569,False,False,False,307/400,False,1/10,0.17992434210526315,random_271,1/20,box,"1,4/5,4/5",0.094736842105263161,True,False,False
0.18544232955832163,False,False,False,"1,3/4,3/4",253/1401,0.28249999999999997,False,False,False,"9/10,13/20,13/20",True,1.3877787807814457e-17,2,4,0.18058529621698788,False,False,False,287/400,False,1/10,0.17937500000000001,random_271,1/10,box,"1,17/20,17/20",0.18058529621698788,False,False,False
0.42220238833029267,False,False,False,"0,3/4,1/2",14/45,0.54500000000000004,False,False,False,"0,3/4,1/2",True,0,2,4,0.34767025089605735,False,False,False,91/200,True,1/10,0.107375,random_811,0,box,"0,3/4,1/2",0.31111111111111112,False,False,False
0.42322174709749272,False,False,False,"0,3/4,1/2",70173/224800,0.54600000000000004,False,False,False,"-1/1000,749/1000,499/1000",True,1.3877787807814457e-17,2,4,0.34863701578192252,False,False,False,227/500,True,1/10,0.1071434397241993,random_811,1/1000,box,"1/1000,751/1000,501/1000",0.31215747330960852,False,False,False
0.42730953424851709,False,False,False,"0,3/4,1/2",14173/44800,0.55000000000000004,False,False,False,"-1/200,149/200,99/200",True,1.3877787807814457e-17,2,4,0.35251798561151076,False,False,False,9/20,True,1/10,0.10621782924107144,random_811,1/200,box,"1/200,151/200,101/200",0.31636160714285716,False,False,False
0.4324426091773988,False,False,False,"0,3/4,1/2",7173/22300,0.55500000000000005,False,False,False,"-1/100,37/50,49/100",True,1.3877787807814457e-17,2,4,0.35740072202166068,False,False,False,89/200,True,1/10,0.10506224775784752,random_811,1/100,box,"1/100,19/25,51/100",0.32165919282511213,False,False,False
0.44278686823798974,False,False,False,"0,3/4,1/2",3673/11050,0.56499999999999995,False,False,False,"-1/50,73/100,12/25",True,1.3877787807814457e-17,2,4,0.36727272727272725,False,False,False,87/200,True,1/10,0.10275593891402715,random_811,1/50,box,"1/50,77/100,13/25",0.33239819004524884,False,False,False
0.47445016089093478,False,False,False,"0,3/4,1/2",1573/4300,0.59499999999999997,False,False,False,"-1/20,7/10,9/20",True,1.3877787807814457e-17,2,4,0.39776951672862454,False,False,False,81/200,True,1/10,0.09587747093023255,random_811,1/20,box,"1/20,4/5,11/20",0.36581395348837209,False,False,False
0.52935950631621398,False,False,False,"0,3/4,1/2",873/2050,0.64500000000000002,False,False,False,"-1/10,13/20,2/5",True,0,2,4,0.45173745173745172,False,False,False,71/200,True,1/10,0.084560060975609752,random_811,1/10,box,"1/10,17/20,3/5",0.42585365853658536,False,False,False
0.42475272524304836,False,False,False,"0,1,1/4",0,0.54749999999999999,False,False,False,"0,1,1/4",False,0,2,4,0.37207285342584562,False,False,False,181/400,False,1/10,0.046093750000000003,random_1619,0,box,"0,1,1/4",0,True,True,True
0.42577467162326194,False,False,False,"0,1,1/4",33/10025,0.54849999999999999,False,False,False,"-1/1000,999/1000,249/1000",True,1.3877787807814457e-17,2,4,0.3730255164034022,False,False,False,903/2000,False,1/10,0.046311371571072305,random_1619,1/1000,box,"1/1000,1,251/1000",0.0032917705735660847,True,True,True
0.42987282551967959,False,False,False,"0,1,1/4",3/175,0.55249999999999999,False,False,False,"-1/200,199/200,49/200",True,0,2,4,0.37684943429068757,False,False,False,179/400,False,1/10,0.047296428571428573,random_1619,1/200,box,"1/200,1,51/200",0.017142857142857144,True,False,True
0.43501889528990179,False,False,False,"0,1,1/4",66/1825,0.5575,False,False,False,"-1/100,99/100,6/25",True,0,2,4,0.38165938864628823,False,False,False,177/400,False,1/10,0.048813784246575342,random_1619,1/100,box,"1/100,1,13/50",0.036164383561643837,True,False,True
0.44538926378109533,False,False,False,"0,1,1/4",132/1625,0.5675,False,False,False,"-1/50,49/50,23/100",True,6.9388939039072284e-18,2,4,0.39138082673702729,False,False,False,173/400,False,1/10,0.05302490384615384,random_1619,1/50,box,"1/50,1,27/100",0.081230769230769231,True,False,False
0.47713181061431298,False,False,False,"0,1,1/4",66/205,0.59750000000000003,False,False,False,"-1/20,19/20,1/5",True,0,2,4,0.42138364779874216,False,False,False,161/400,False,1/10,0.083333079268292684,random_1619,1/20,box,"1/20,1,3/10",0.32195121951219513,False,False,False
0.53217610032214835,False,False,False,"0,1,1/4",1951/4285,0.64749999999999996,False,False,False,"-1/10,9/10,3/20",True,0,2,4,0.47437092264678471,False,False,False,141/400,False,1/10,0.084929186114352392,random_1619,1/10,box,"1/10,1,7/20",0.45530921820303383,False,False,False
1,False,False,False,"0,0,0",1,1,False,False,False,"0,0,0",True,0,1,4,1,False,False,False,0,True,1/2,,constant_0,0,box,"0,0,0",1,False,False,False
1,False,False,False,"0,0,0",1,1,False,False,False,"-1/1000,-1/1000,-1/1000",True,5.5077470362263625e-17,1,4,1,False,False,False,-1/1000,True,1/2,,constant_0,1/1000,box,"1/1000,1/1000,1/1000",1,False,False,False
1,False,False,False,"0,0,0",1,1,False,False,False,"-1/200,-1/200,-1/200",True,5.3342746886286818e-17,1,4,1,False,False,False,-1/200,True,1/2,,constant_0,1/200,box,"1/200,1/200,1/200",1,False,False,False
1,False,False,False,"0,0,0",1,1,False,False,False,"-1/100,-1/100,-1/100",True,4.3368086899420177e-18,1,4,1,False,False,False,-1/100,True,1/2,,constant_0,1/100,box,"1/100,1/100,1/100",1,False,False,False
1,False,False,False,"0,0,0",1,1,False,False,False,"-1/50,-1/50,-1/50",True,8.6736173798840355e-18,1,4,1,False,False,False,-1/50,True,1/2,,constant_0,1/50,box,"1/50,1/50,1/50",1,False,False,False
1,False,False,False,"0,0,0",1,1,False,False,False,"-1/20,-1/20,-1/20",True,2.0816681711721685e-17,1,4,1,False,False,False,-1/20,True,1/2,,constant_0,1/20,box,"1/20,1/20,1/20",1,False,False,False
1,False,False,False,"0,0,0",1,1,False,False,False,"-1/10,-1/10,-1/10",True,4.163336342344337e-17,1,4,1,False,False,False,-1/10,True,1/2,,constant_0,1/10,box,"1/10,1/10,1/10",1,False,False,False
0.84530386740331487,False,False,False,"1/10,1/10,1/10",9/11,0.90000000000000002,False,False,False,"1/10,1/10,1/10",True,3.4694469519536142e-17,2,4,0.81818181818181823,False,False,False,1/10,True,1/2,0.024999999999999967,constant_1/10,0,box,"1/10,1/10,1/10",0.81818181818181823,False,False,False
0.84675769804853773,False,False,False,"1/10,1/10,1/10",901/1099,0.90100000000000002,False,False,False,"99/1000,99/1000,99/1000",True,2.7755575615628914e-17,2,4,0.81983621474067336,False,False,False,99/1000,True,1/2,0.024749999999999994,constant_1/10,1/1000,box,"101/1000,101/1000,101/1000",0.81983621474067336,False,False,False
0.85259074535882517,False,False,False,"1/10,1/10,1/10",181/219,0.90500000000000003,False,False,False,"19/200,19/200,19/200",True,3.4694469519536142e-17,2,4,0.82648401826484019,False,False,False,19/200,True,1/2,0.023749999999999966,constant_1/10,1/200,box,"21/200,21/200,21/200",0.82648401826484019,False,False,False
0.8599221789883269,False,False,False,"1/10,1/10,1/10",91/109,0.91000000000000003,False,False,False,"9/100,9/100,9/100",True,6.9388939039072284e-18,2,4,0.83486238532110091,False,False,False,9/100,True,1/2,0.022499999999999992,constant_1/10,1/100,box,"11/100,11/100,11/100",0.83486238532110091,False,False,False
0.87472035794183445,False,False,False,"1/10,1/10,1/10",23/27,0.92000000000000004,False,False,False,"2/25,2/25,2/25",True,1.0408340855860843e-17,2,4,0.85185185185185186,False,False,False,2/25,True,1/2,0.01999999999999999,constant_1/10,1/50,box,"3/25,3/25,3/25",0.85185185185185186,False,False,False
0.92022792022792022,False,False,False,"1/10,1/10,1/10",19/21,0.94999999999999996,False,False,False,"1/20,1/20,1/20",True,1.7347234759768071e-17,2,4,0.90476190476190477,False,False,False,1/20,True,1/2,0.012499999999999983,constant_1/10,1/20,box,"3/20,3/20,3/20",0.90476190476190477,False,False,False
1,False,False,False,"1/10,1/10,1/10",1,1,False,False,False,"0,0,0",True,0,1,4,1,False,False,False,0,True,1/2,,constant_1/10,1/10,box,"1/5,1/5,1/5",1,False,False,False
0.36391691251201813,False,False,False,"1/2,1/2,1/2",1/3,0.5,False,False,False,"1/2,1/2,1/2",True,1.3877787807814457e-17,2,4,0.33333333333333331,False,False,False,1/2,True,1/2,0.125,constant_1/2,0,box,"1/2,1/2,1/2",0.33333333333333331,False,False,False
0.36489901111392342,False,False,False,"1/2,1/2,1/2",501/1499,0.501,False,False,False,"499/1000,499/1000,499/1000",True,0,2,4,0.33422281521014008,False,False,False,499/1000,True,1/2,0.12475,constant_1/2,1/1000,box,"501/1000,501/1000,501/1000",0.33422281521014008,False,False,False
0.36883890309133333,False,False,False,"1/2,1/2,1/2",101/299,0.505,False,False,False,"99/200,99/200,99/200",True,0,2,4,0.33779264214046822,False,False,False,99/200,True,1/2,0.12375,constant_1/2,1/200,box,"101/200,101/200,101/200",0.33779264214046822,False,False,False
0.37378967594240348,False,False,False,"1/2,1/2,1/2",51/149,0.51000000000000001,False,False,False,"49/100,49/100,49/100",True,1.3877787807814457e-17,2,4,0.34228187919463088,False,False,False,49/100,True,1/2,0.1225,constant_1/2,1/100,box,"51/100,51/100,51/100",0.34228187919463088,False,False,False
0.38377781643915221,False,False,False,"1/2,1/2,1/2",13/37,0.52000000000000002,False,False,False,"12/25,12/25,12/25",True,1.3877787807814457e-17,2,4,0.35135135135135137,False,False,False,12/25,True,1/2,0.11999999999999998,constant_1/2,1/50,box,"13/25,13/25,13/25",0.35135135135135137,False,False,False
0.41443908876482149,False,False,False,"1/2,1/2,1/2",11/29,0.55000000000000004,False,False,False,"9/20,9/20,9/20",True,1.3877787807814457e-17,2,4,0.37931034482758619,False,False,False,9/20,True,1/2,0.11249999999999999,constant_1/2,1/20,box,"11/20,11/20,11/20",0.37931034482758619,False,False,False
0.46788644515801125,False,False,False,"1/2,1/2,1/2",3/7,0.59999999999999998,False,False,False,"2/5,2/5,2/5",True,1.3877787807814457e-17,2,4,0.42857142857142855,False,False,False,2/5,True,1/2,0.099999999999999992,constant_1/2,1/10,box,"3/5,3/5,3/5",0.42857142857142855,False,False,False
0.055020191286271475,True,False,False,"9/10,9/10,9/10",1/19,0.10000000000000001,True,False,False,"9/10,9/10,9/10",True,2.7755575615628914e-17,2,4,0.052631578947368418,True,False,False,9/10,True,1/2,0.22499999999999998,constant_9/10,0,box,"9/10,9/10,9/10",0.052631578947368418,True,False,False
0.055608388868826221,True,False,False,"9/10,9/10,9/10",101/1899,0.10100000000000001,False,False,False,"899/1000,899/1000,899/1000",True,6.9388939039072284e-18,2,4,0.053185887309110058,True,False,False,899/1000,True,1/2,0.22475000000000001,constant_9/10,1/1000,box,"901/1000,901/1000,901/1000",0.053185887309110058,True,False,False
0.057969062520455084,True,False,False,"9/10,9/10,9/10",21/379,0.105,False,False,False,"179/200,179/200,179/200",True,1.7347234759768071e-18,2,4,0.055408970976253295,True,False,False,179/200,True,1/2,0.22375,constant_9/10,1/200,box,"181/200,181/200,181/200",0.055408970976253295,True,False,False
0.060937720049741677,True,False,False,"9/10,9/10,9/10",11/189,0.11,False,False,False,"89/100,89/100,89/100",True,2.7755575615628914e-17,2,4,0.058201058201058198,True,False,False,89/100,True,1/2,0.22249999999999998,constant_9/10,1/100,box,"91/100,91/100,91/100",0.058201058201058198,True,False,False
0.066934914758640024,True,False,False,"9/10,9/10,9/10",3/47,0.12,False,False,False,"22/25,22/25,22/25",True,0,2,4,0.063829787234042548,True,False,False,22/25,True,1/2,0.22,constant_9/10,1/50,box,"23/25,23/25,23/25",0.063829787234042548,True,False,False
0.085414942271410832,True,False,False,"9/10,9/10,9/10",3/37,0.14999999999999999,False,False,False,"17/20,17/20,17/20",True,2.7755575615628914e-17,2,4,0.081081081081081086,True,False,False,17/20,True,1/2,0.21250000000000002,constant_9/10,1/20,box,"19/20,19/20,19/20",0.081081081081081086,True,False,False
0.11790607101489008,False,False,False,"9/10,9/10,9/10",1/9,0.20000000000000001,False,False,False,"4/5,4/5,4/5",True,6.9388939039072284e-18,2,4,0.1111111111111111,False,False,False,4/5,True,1/2,0.20000000000000001,constant_9/10,1/10,box,"1,1,1",0.1111111111111111,False,False,False
0,True,True,True,"1,1,1",0,0,True,True,True,"1,1,1",False,0,2,4,0,True,True,True,1,False,1/2,0.25,constant_1,0,box,"1,1,1",0,True,True,True
0.00050050024987468742,True,True,True,"1,1,1",1/1999,0.001,True,True,True,"999/1000,999/1000,999/1000",True,2.7755575615628914e-17,2,4,0.00050025012506253123,True,True,True,999/1000,False,1/2,0.24975000000000003,constant_1,1/1000,box,"1,1,1",0.00050025012506253123,True,True,True
0.0025125311708969985,True,True,True,"1,1,1",1/399,0.0050000000000000001,True,True,True,"199/200,199/200,199/200",True,2.7755575615628914e-17,2,4,0.0025062656641604009,True,True,True,199/200,False,1/2,0.24874999999999997,constant_1,1/200,box,"1,1,1",0.0025062656641604009,True,True,True
0.0050502487186595713,True,True,True,"1,1,1",1/199,0.01,True,True,True,"99/100,99/100,99/100",True,2.3852447794681098e-18,2,4,0.0050251256281407036,True,True,True,99/100,False,1/2,0.2475,constant_1,1/100,box,"1,1,1",0.0050251256281407036,True,True,True
0.01020197899443011,True,False,True,"1,1,1",1/99,0.02,True,False,True,"49/50,49/50,49/50",True,4.7704895589362195e-18,2,4,0.010101010101010102,True,False,True,49/50,False,1/2,0.245,constant_1,1/50,box,"1,1,1",0.010101010101010102,True,False,True
0.026280369900428795,True,False,True,"1,1,1",1/39,0.050000000000000003,True,False,True,"19/20,19/20,19/20",True,1.214306433183765e-17,2,4,0.02564102564102564,True,False,True,19/20,False,1/2,0.23749999999999999,constant_1,1/20,box,"1,1,1",0.02564102564102564,True,False,True
0.055020191286271475,True,False,False,"1,1,1",1/19,0.10000000000000001,True,False,False,"9/10,9/10,9/10",True,2.7755575615628914e-17,2,4,0.052631578947368418,True,False,False,9/10,False,1/2,0.22499999999999998,constant_1,1/10,box,"1,1,1",0.052631578947368418,True,False,False
0.15262453673535104,False,False,False,"0,1/2,1",0,0.25,False,False,False,"0,1/2,1",False,0,2,4,0.10000000000000001,True,False,False,3/4,False,1/2,0.16666666666666666,ascending,0,box,"0,1/2,1",0,True,True,True
0.15334251700799065,False,False,False,"0,1/2,1",1/1528,0.251,False,False,False,"-1/1000,499/1000,999/1000",True,1.8973538018496328e-19,2,4,0.10066039623774264,False,False,False,749/1000,False,1/2,0.16643152814136125,ascending,1/1000,box,"1/1000,501/1000,1",0.00065445026178010475,True,True,True
0.1562238855116414,False,False,False,"0,1/2,1",17/5176,0.255,False,False,False,"-1/200,99/200,199/200",True,2.7755575615628914e-17,2,4,0.10330992978936811,False,False,False,149/200,False,1/2,0.16549173267645545,ascending,1/200,box,"1/200,101/200,1",0.0032843894899536323,True,True,True
0.15984692906252376,False,False,False,"0,1/2,1",17/2576,0.26000000000000001,False,False,False,"-1/100,49/100,99/100",True,1.7347234759768071e-18,2,4,0.10663983903420524,False,False,False,37/50,False,1/2,0.16431871118012423,ascending,1/100,box,"1/100,51/100,1",0.006599378881987578,True,True,True
0.16716460686766305,False,False,False,"0,1/2,1",17/1276,0.27000000000000002,False,False,False,"-1/50,12/25,49/50",True,3.903127820947816e-18,2,4,0.11336032388663968,False,False,False,73/100,False,1/2,0.16197851358411702,ascending,1/50,box,"1/50,13/25,1",0.013322884012539185,True,False,True
0.1896993802573049,False,False,False,"0,1/2,1",17/496,0.29999999999999999,False,False,False,"-1/20,9/20,19/20",True,1.0408340855860843e-17,2,4,0.13402061855670103,False,False,False,7/10,False,1/2,0.15500672043010752,ascending,1/20,box,"1/20,11/20,1",0.034274193548387094,True,False,True
0.22925501262859627,False,False,False,"0,1/2,1",17/236,0.34999999999999998,False,False,False,"-1/10,2/5,9/10",True,0,2,4,0.1702127659574468,False,False,False,13/20,False,1/2,0.1435646186440678,ascending,1/10,box,"1/10,3/5,1",0.072033898305084748,True,False,False
0.64556962025316456,False,False,False,"1,1/2,0",5/8,0.75,False,False,False,"1,1/2,0",False,0,2,4,0.625,False,False,False,1/4,False,1/2,0.0625,descending,0,box,"1,1/2,0",0.625,False,False,False
0.64679061755914691,False,False,False,"1,1/2,0",2503/3997,0.751,False,False,False,"999/1000,499/1000,-1/1000",True,0,2,4,0.62621966474856139,False,False,False,249/1000,False,1/2,0.06225,descending,1/1000,box,"1,501/1000,1/1000",0.62621966474856139,False,False,False
0.65168824574765172,False,False,False,"1,1/2,0",503/797,0.755,False,False,False,"199/200,99/200,-1/200",True,2.7755575615628914e-17,2,4,0.6311166875784191,False,False,False,49/200,False,1/2,0.061250000000000027,descending,1/200,box,"1,101/200,1/200",0.6311166875784191,False,False,False
0.65784114052953158,False,False,False,"1,1/2,0",253/397,0.76000000000000001,False,False,False,"99/100,49/100,-1/100",True,2.7755575615628914e-17,2,4,0.63727959697732994,False,False,False,6/25,False,1/2,0.05999999999999997,descending,1/100,box,"1,51/100,1/100",0.63727959697732994,False,False,False
0.67025089605734767,False,False,False,"1,1/2,0",128/197,0.77000000000000002,False,False,False,"49/50,12/25,-1/50",True,5.5511151231257827e-17,2,4,0.64974619289340096,False,False,False,23/100,False,1/2,0.057499999999999996,descending,1/50,box,"1,13/25,1/50",0.64974619289340096,False,False,False
0.70833333333333337,False,False,False,"1,1/2,0",53/77,0.80000000000000004,False,False,False,"19/20,9/20,-1/20",True,1.3877787807814457e-17,2,4,0.68831168831168832,False,False,False,1/5,False,1/2,0.049999999999999989,descending,1/20,box,"1,11/20,1/20",0.68831168831168832,False,False,False
0.77479892761394098,False,False,False,"1,1/2,0",28/37,0.84999999999999998,False,False,False,"9/10,2/5,-1/10",True,2.0816681711721685e-17,2,4,0.7567567567567568,False,False,False,3/20,False,1/2,0.037499999999999978,descending,1/10,box,"1,3/5,1/10",0.7567567567567568,False,False,False
0.54375402187180499,False,False,False,"0,1,0",9/17,0.66666666666666663,False,False,False,"0,1,0",False,2.7755575615628914e-17,2,4,0.52941176470588236,False,False,False,1/3,False,1/2,0.083333333333333301,alternating,0,box,"0,1,0",0.52941176470588236,False,False,False
0.54493222169798639,False,False,False,"0,1,0",2253/4247,0.66766666666666663,False,False,False,"-1/1000,999/1000,-1/1000",True,2.7755575615628914e-17,2,4,0.53049211207911462,False,False,False,997/3000,False,1/2,0.083083333333333356,alternating,1/1000,box,"1/1000,1,1/1000",0.53049211207911462,False,False,False
0.54965689432660236,False,False,False,"0,1,0",453/847,0.67166666666666663,False,False,False,"-1/200,199/200,-1/200",True,1.3877787807814457e-17,2,4,0.53482880755608031,False,False,False,197/600,False,1/2,0.082083333333333341,alternating,1/200,box,"1/200,1,1/200",0.53482880755608031,False,False,False
0.55558944329680049,False,False,False,"0,1,0",114/211,0.67666666666666664,False,False,False,"-1/100,99/100,-1/100",True,1.3877787807814457e-17,2,4,0.54028436018957349,False,False,False,97/300,False,1/2,0.08083333333333334,alternating,1/100,box,"1/100,1,1/100",0.54028436018957349,False,False,False
0.56754351656257984,False,False,False,"0,1,0",231/419,0.68666666666666665,False,False,False,"-1/50,49/50,-1/50",True,2.7755575615628914e-17,2,4,0.55131264916467781,False,False,False,47/150,False,1/2,0.07833333333333331,alternating,1/50,box,"1/50,1,1/50",0.55131264916467781,False,False,False
0.60411614246822531,False,False,False,"0,1,0",24/41,0.71666666666666667,False,False,False,"-1/20,19/20,-1/20",True,2.7755575615628914e-17,2,4,0.58536585365853655,False,False,False,17/60,False,1/2,0.070833333333333304,alternating,1/20,box,"1/20,1,1/20",0.58536585365853655,False,False,False
0.66609880749574102,False,False,False,"0,1,0",51/79,0.76666666666666672,False,False,False,"-1/10,9/10,-1/10",True,4.163336342344337e-17,2,4,0.64556962025316456,False,False,False,7/30,False,1/2,0.058333333333333293,alternating,1/10,box,"1/10,1,1/10",0.64556962025316456,False,False,False
0.13787947564596351,False,False,False,"1,3/4,3/4",23/171,0.22916666666666666,False,False,False,"1,3/4,3/4",False,6.9388939039072284e-18,2,4,0.13450292397660818,False,False,False,37/48,False,1/2,0.19270833333333334,random_271,0,box,"1,3/4,3/4",0.13450292397660818,False,False,False
0.13857802785371978,False,False,False,"1,3/4,3/4",2887/21363,0.23016666666666666,False,False,False,"999/1000,749/1000,749/1000",True,2.7755575615628914e-17,2,4,0.13514019566540281,False,False,False,4619/6000,False,1/2,0.19245833333333331,random_271,1/1000,box,"1,751/1000,751/1000",0.13514019566540281,False,False,False
0.14138147050482922,False,False,False,"1,3/4,3/4",587/4263,0.23416666666666666,False,False,False,"199/200,149/200,149/200",True,0,2,4,0.13769645789350224,False,False,False,919/1200,False,1/2,0.19145833333333334,random_271,1/200,box,"1,151/200,151/200",0.13769645789350224,False,False,False
0.14490662720872871,False,False,False,"1,3/4,3/4",599/4251,0.23916666666666667,False,False,False,"99/100,37/50,37/50",True,0,2,4,0.14090802164196659,False,False,False,913/1200,False,1/2,0.19020833333333334,random_271,1/100,box,"1,19/25,19/25",0.14090802164196659,False,False,False
0.15202694000587949,False,False,False,"1,3/4,3/4",623/4227,0.24916666666666668,False,False,False,"49/50,73/100,73/100",True,2.7755575615628914e-17,2,4,0.14738585285072156,False,False,False,901/1200,False,1/2,0.18770833333333331,random_271,1/50,box,"1,77/100,77/100",0.14738585285072156,False,False,False
0.17395704439990411,False,False,False,"1,3/4,3/4",139/831,0.27916666666666667,False,False,False,"19/20,7/10,7/10",True,2.7755575615628914e-17,2,4,0.16726835138387486,False,False,False,173/240,False,1/2,0.1802083333333333,random_271,1/20,box,"1,4/5,4/5",0.16726835138387486,False,False,False
0.21246431430489088,False,False,False,"1,3/4,3/4",163/807,0.32916666666666666,False,False,False,"9/10,13/20,13/20",True,2.7755575615628914e-17,2,4,0.20198265179677818,False,False,False,161/240,False,1/2,0.16770833333333335,random_271,1/10,box,"1,17/20,17/20",0.20198265179677818,False,False,False
0.32401051420647264,False,False,False,"0,3/4,1/2",2/7,0.45833333333333331,False,False,False,"0,3/4,1/2",True,1.3877787807814457e-17,2,4,0.29729729729729731,False,False,False,13/24,True,1/2,0.13318452380952381,random_811,0,box,"0,3/4,1/2",0.2857142857142857,False,False,False
0.32494522955856364,False,False,False,"0,3/4,1/2",10023/34976,0.45933333333333332,False,False,False,"-1/1000,749/1000,499/1000",True,0,2,4,0.29813933362180872,False,False,False,811/1500,True,1/2,0.13293820762808783,random_811,1/1000,box,"1/1000,751/1000,501/1000",0.28656793229643185,False,False,False
0.32869534610568762,False,False,False,"0,3/4,1/2",2023/6976,0.46333333333333332,False,False,False,"-1/200,149/200,99/200",True,2.7755575615628914e-17,2,4,0.30151843817787416,False,False,False,161/300,True,1/2,0.13195306527140671,random_811,1/200,box,"1/200,151/200,101/200",0.28999426605504586,False,False,False
0.33340836368914706,False,False,False,"0,3/4,1/2",93/316,0.46833333333333332,False,False,False,"-1/100,37/50,49/100",True,0,2,4,0.30576713819368878,False,False,False,319/600,True,1/2,0.13072191455696203,random_811,1/100,box,"1/100,19/25,51/100",0.29430379746835444,False,False,False
0.34291926796774913,False,False,False,"0,3/4,1/2",523/1726,0.47833333333333333,False,False,False,"-1/50,73/100,12/25",True,2.7755575615628914e-17,2,4,0.31434830230010952,False,False,False,313/600,True,1/2,0.1282605494399382,random_811,1/50,box,"1/50,77/100,13/25",0.30301274623406721,False,False,False
0.37213621639542577,False,False,False,"0,3/4,1/2",223/676,0.5083333333333333,False,False,False,"-1/20,7/10,9/20",True,1.3877787807814457e-17,2,4,0.34078212290502791,False,False,False,59/120,True,1/2,0.12088418392504931,random_811,1/20,box,"1/20,4/5,11/20",0.32988165680473375,False,False,False
0.42314266737548756,False,False,False,"0,3/4,1/2",123/326,0.55833333333333335,False,False,False,"-1/10,13/20,2/5",True,0,2,4,0.38728323699421963,False,False,False,53/120,True,1/2,0.10861771472392638,random_811,1/10,box,"1/10,17/20,3/5",0.3773006134969325,False,False,False
0.38461538461538464,False,False,False,"0,1,1/4",0,0.52083333333333337,False,False,False,"0,1,1/4",False,6.9388939039072284e-18,2,4,0.37414965986394561,False,False,False,23/48,False,1/2,0.048177083333333329,random_1619,0,box,"0,1,1/4",0,True,True,True
0.38562152880685568,False,False,False,"0,1,1/4",1/121,0.52183333333333337,False,False,False,"-1/1000,999/1000,249/1000",True,1.3877787807814457e-17,2,4,0.37504765016609487,False,False,False,2869/6000,False,1/2,0.049382920110192824,random_1619,1/1000,box,"1/1000,1,251/1000",0.0082644628099173556,True,True,True
0.38965770396167165,False,False,False,"0,1,1/4",1/21,0.52583333333333337,False,False,False,"-1/200,199/200,49/200",True,0,2,4,0.37865137865137866,False,False,False,569/1200,False,1/2,0.055386904761904762,random_1619,1/200,box,"1/200,1,51/200",0.047619047619047616,True,False,True
0.39472905250083096,False,False,False,"0,1,1/4",2/17,0.53083333333333338,False,False,False,"-1/100,99/100,6/25",True,0,2,4,0.38318268967406188,False,False,False,563/1200,False,1/2,0.066798406862745102,random_1619,1/100,box,"1/100,1,13/50",0.11764705882352941,False,False,False
0.40495905061255483,False,False,False,"0,1,1/4",1321/3427,0.54083333333333339,False,False,False,"-1/50,49/50,23/100",True,2.7755575615628914e-17,2,4,0.39233526330300522,False,False,False,551/1200,False,1/2,0.11349446187141327,random_1619,1/50,box,"1/50,1,27/100",0.38546833965567551,False,False,False
0.4363509088774255,False,False,False,"0,1,1/4",278/671,0.5708333333333333,False,False,False,"-1/20,19/20,1/5",True,2.7755575615628914e-17,2,4,0.42053445850914206,False,False,False,103/240,False,1/2,0.10613861462990561,random_1619,1/20,box,"1/20,1,3/10",0.41430700447093888,False,False,False
0.49102820732495484,False,False,False,"0,1,1/4",301/647,0.62083333333333335,False,False,False,"-1/10,9/10,3/20",True,1.3877787807814457e-17,2,4,0.47016011644832606,False,False,False,91/240,False,1/2,0.093908584492529631,random_1619,1/10,box,"1/10,1,7/20",0.46522411128284391,False,False,False
1,False,False,False,"0,0,0",1,1,False,False,False,"0,0,0",True,0,1,4,1,False,False,False,0,True,9/10,,constant_0,0,box,"0,0,0",1,False,False,False
1,False,False,False,"0,0,0",1,1,False,False,False,"-1/1000,-1/1000,-1/1000",True,5.5077470362263625e-17,1,4,1,False,False,False,-1/1000,True,9/10,,constant_0,1/1000,box,"1/1000,1/1000,1/1000",1,False,False,False
1,False,False,False,"0,0,0",1,1,False,False,False,"-1/200,-1/200,-1/200",True,5.3342746886286818e-17,1,4,1,False,False,False,-1/200,True,9/10,,constant_0,1/200,box,"1/200,1/200,1/200",1,False,False,False
1,False,False,False,"0,0,0",1,1,False,False,False,"-1/100,-1/100,-1/100",True,4.3368086899420177e-18,1,4,1,False,False,False,-1/100,True,9/10,,constant_0,1/100,box,"1/100,1/100,1/100",1,False,False,False
1,False,False,False,"0,0,0",1,1,False,False,False,"-1/50,-1/50,-1/50",True,8.6736173798840355e-18,1,4,1,False,False,False,-1/50,True,9/10,,constant_0,1/50,box,"1/50,1/50,1/50",1,False,False,False
1,False,False,False,"0,0,0",1,1,False,False,False,"-1/20,-1/20,-1/20",True,2.0816681711721685e-17,1,4,1,False,False,False,-1/20,True,9/10,,constant_0,1/20,box,"1/20,1/20,1/20",1,False,False,False
1,False,False,False,"0,0,0",1,1,False,False,False,"-1/10,-1/10,-1/10",True,1.3877787807814457e-17,1,4,1,False,False,False,-1/10,True,9/10,,constant_0,1/10,box,"1/10,1/10,1/10",1,False,False,False
0.8232512636556335,False,False,False,"1/10,1/10,1/10",9/11,0.90000000000000002,False,False,False,"1/10,1/10,1/10",True,6.9388939039072284e-18,2,4,0.81818181818181823,False,False,False,1/10,True,9/10,0.024999999999999994,constant_1/10,0,box,"1/10,1/10,1/10",0.81818181818181823,False,False,False
0.82486940599924607,False,False,False,"1/10,1/10,1/10",901/1099,0.90100000000000002,False,False,False,"99/1000,99/1000,99/1000",True,6.9388939039072284e-18,2,4,0.81983621474067336,False,False,False,99/1000,True,9/10,0.024749999999999994,constant_1/10,1/1000,box,"101/1000,101/1000,101/1000",0.81983621474067336,False,False,False
0.83136969141210282,False,False,False,"1/10,1/10,1/10",181/219,0.90500000000000003,False,False,False,"19/200,19/200,19/200",True,6.9388939039072284e-18,2,4,0.82648401826484019,False,False,False,19/200,True,9/10,0.023749999999999993,constant_1/10,1/200,box,"21/200,21/200,21/200",0.82648401826484019,False,False,False
0.83955794563125952,False,False,False,"1/10,1/10,1/10",91/109,0.91000000000000003,False,False,False,"9/100,9/100,9/100",True,2.0816681711721685e-17,2,4,0.83486238532110091,False,False,False,9/100,True,9/10,0.02250000000000002,constant_1/10,1/100,box,"11/100,11/100,11/100",0.83486238532110091,False,False,False
0.85614756817729409,False,False,False,"1/10,1/10,1/10",23/27,0.92000000000000004,False,False,False,"2/25,2/25,2/25",True,1.0408340855860843e-17,2,4,0.85185185185185186,False,False,False,2/25,True,9/10,0.01999999999999999,constant_1/10,1/50,box,"3/25,3/25,3/25",0.85185185185185186,False,False,False
0.90768968747338841,False,False,False,"1/10,1/10,1/10",19/21,0.94999999999999996,False,False,False,"1/20,1/20,1/20",True,1.0408340855860843e-17,2,4,0.90476190476190477,False,False,False,1/20,True,9/10,0.012500000000000011,constant_1/10,1/20,box,"3/20,3/20,3/20",0.90476190476190477,False,False,False
1,False,False,False,"1/10,1/10,1/10",1,1,False,False,False,"0,0,0",True,0,1,4,1,False,False,False,0,True,9/10,,constant_1/10,1/10,box,"1/5,1/5,1/5",1,False,False,False
0.34103343465045594,False,False,False,"1/2,1/2,1/2",1/3,0.5,False,False,False,"1/2,1/2,1/2",True,1.3877787807814457e-17,2,4,0.33333333333333331,False,False,False,1/2,True,9/10,0.12499999999999999,constant_1/2,0,box,"1/2,1/2,1/2",0.33333333333333331,False,False,False
0.34193292513050849,False,False,False,"1/2,1/2,1/2",501/1499,0.501,False,False,False,"499/1000,499/1000,499/1000",True,0,2,4,0.33422281521014008,False,False,False,499/1000,True,9/10,0.12475,constant_1/2,1/1000,box,"501/1000,501/1000,501/1000",0.33422281521014008,False,False,False
0.3455423626484202,False,False,False,"1/2,1/2,1/2",101/299,0.505,False,False,False,"99/200,99/200,99/200",True,1.3877787807814457e-17,2,4,0.33779264214046822,False,False,False,99/200,True,9/10,0.12375000000000001,constant_1/2,1/200,box,"101/200,101/200,101/200",0.33779264214046822,False,False,False
0.35008014487256356,False,False,False,"1/2,1/2,1/2",51/149,0.51000000000000001,False,False,False,"49/100,49/100,49/100",True,0,2,4,0.34228187919463088,False,False,False,49/100,True,9/10,0.1225,constant_1/2,1/100,box,"51/100,51/100,51/100",0.34228187919463088,False,False,False
0.3592433870252697,False,False,False,"1/2,1/2,1/2",13/37,0.52000000000000002,False,False,False,"12/25,12/25,12/25",True,0,2,4,0.35135135135135137,False,False,False,12/25,True,9/10,0.12,constant_1/2,1/50,box,"13/25,13/25,13/25",0.35135135135135137,False,False,False
0.38745526464494257,False,False,False,"1/2,1/2,1/2",11/29,0.55000000000000004,False,False,False,"9/20,9/20,9/20",True,1.3877787807814457e-17,2,4,0.37931034482758619,False,False,False,9/20,True,9/10,0.11250000000000002,constant_1/2,1/20,box,"11/20,11/20,11/20",0.37931034482758619,False,False,False
0.43702934302778501,False,False,False,"1/2,1/2,1/2",3/7,0.59999999999999998,False,False,False,"2/5,2/5,2/5",True,0,2,4,0.42857142857142855,False,False,False,2/5,True,9/10,0.10000000000000001,constant_1/2,1/10,box,"3/5,3/5,3/5",0.42857142857142855,False,False,False
0.053917565014543062,True,False,False,"9/10,9/10,9/10",1/19,0.10000000000000001,True,False,False,"9/10,9/10,9/10",True,2.7755575615628914e-17,2,4,0.052631578947368418,True,False,False,9/10,True,9/10,0.22499999999999998,constant_9/10,0,box,"9/10,9/10,9/10",0.052631578947368418,True,False,False
0.054497780326298831,True,False,False,"9/10,9/10,9/10",101/1899,0.10100000000000001,False,False,False,"899/1000,899/1000,899/1000",True,6.9388939039072284e-18,2,4,0.053185887309110058,True,False,False,899/1000,True,9/10,0.22475000000000001,constant_9/10,1/1000,box,"901/1000,901/1000,901/1000",0.053185887309110058,True,False,False
0.056827164456446227,True,False,False,"9/10,9/10,9/10",21/379,0.105,False,False,False,"179/200,179/200,179/200",True,5.2041704279304213e-18,2,4,0.055408970976253295,True,False,False,179/200,True,9/10,0.22375,constant_9/10,1/200,box,"181/200,181/200,181/200",0.055408970976253295,True,False,False
0.059758156031242418,True,False,False,"9/10,9/10,9/10",11/189,0.11,False,False,False,"89/100,89/100,89/100",True,2.7755575615628914e-17,2,4,0.058201058201058198,True,False,False,89/100,True,9/10,0.22249999999999998,constant_9/10,1/100,box,"91/100,91/100,91/100",0.058201058201058198,True,False,False
0.065684881229309322,True,False,False,"9/10,9/10,9/10",3/47,0.12,False,False,False,"22/25,22/25,22/25",True,2.7755575615628914e-17,2,4,0.063829787234042548,True,False,False,22/25,True,9/10,0.22000000000000003,constant_9/10,1/50,box,"23/25,23/25,23/25",0.063829787234042548,True,False,False
0.083685545224006758,True,False,False,"9/10,9/10,9/10",3/37,0.14999999999999999,False,False,False,"17/20,17/20,17/20",True,2.7755575615628914e-17,2,4,0.081081081081081086,True,False,False,17/20,True,9/10,0.21250000000000002,constant_9/10,1/20,box,"19/20,19/20,19/20",0.081081081081081086,True,False,False
0.11455993465386971,False,False,False,"9/10,9/10,9/10",1/9,0.20000000000000001,False,False,False,"4/5,4/5,4/5",True,1.3877787807814457e-17,2,4,0.1111111111111111,False,False,False,4/5,True,9/10,0.20000000000000001,constant_9/10,1/10,box,"1,1,1",0.1111111111111111,False,False,False
0,True,True,True,"1,1,1",0,0,True,True,True,"1,1,1",False,0,2,4,0,True,True,True,1,False,9/10,0.25,constant_1,0,box,"1,1,1",0,True,True,True
0.00050050024987468742,True,True,True,"1,1,1",1/1999,0.001,True,True,True,"999/1000,999/1000,999/1000",True,2.7755575615628914e-17,2,4,0.00050025012506253123,True,True,True,999/1000,False,9/10,0.24975000000000003,constant_1,1/1000,box,"1,1,1",0.00050025012506253123,True,True,True
0.0025114365374796885,True,True,True,"1,1,1",1/399,0.0050000000000000001,True,True,True,"199/200,199/200,199/200",True,2.7755575615628914e-17,2,4,0.0025062656641604009,True,True,True,199/200,False,9/10,0.24874999999999997,constant_1,1/200,box,"1,1,1",0.0025062656641604009,True,True,True
0.0050414485626801217,True,True,True,"1,1,1",1/199,0.01,True,True,True,"99/100,99/100,99/100",True,2.3852447794681098e-18,2,4,0.0050251256281407036,True,True,True,99/100,False,9/10,0.2475,constant_1,1/100,box,"1,1,1",0.0050251256281407036,True,True,True
0.010157753974302356,True,False,True,"1,1,1",1/99,0.02,True,False,True,"49/50,49/50,49/50",True,2.7755575615628914e-17,2,4,0.010101010101010102,True,False,True,49/50,False,9/10,0.24500000000000002,constant_1,1/50,box,"1,1,1",0.010101010101010102,True,False,True
0.025966970553023931,True,False,True,"1,1,1",1/39,0.050000000000000003,True,False,True,"19/20,19/20,19/20",True,1.1275702593849246e-17,2,4,0.02564102564102564,True,False,True,19/20,False,9/10,0.23749999999999999,constant_1,1/20,box,"1,1,1",0.02564102564102564,True,False,True
0.053917565014543062,True,False,False,"1,1,1",1/19,0.10000000000000001,True,False,False,"9/10,9/10,9/10",True,2.7755575615628914e-17,2,4,0.052631578947368418,True,False,False,9/10,False,9/10,0.22499999999999998,constant_1,1/10,box,"1,1,1",0.052631578947368418,True,False,False
0.025966970553023931,True,False,True,"0,1/2,1",0,0.050000000000000003,True,False,True,"0,1/2,1",False,0,2,4,0.017241379310344827,True,False,True,19/20,False,9/10,0.23333333333333334,ascending,0,box,"0,1/2,1",0,True,True,True
0.026506073220011608,True,False,True,"0,1/2,1",561/1081400,0.050999999999999997,True,False,False,"-1/1000,499/1000,999/1000",True,2.7755575615628914e-17,2,4,0.017767810936691393,True,False,True,949/1000,False,9/10,0.23308383888940265,ascending,1/1000,box,"1/1000,501/1000,1",0.00051877196227112998,True,True,True
0.028670440340659513,True,False,True,"0,1/2,1",561/215800,0.055,True,False,False,"-1/200,99/200,199/200",True,1.0842021724855044e-18,2,4,0.019878997407087293,True,False,True,189/200,False,9/10,0.23208595246370095,ascending,1/200,box,"1/200,101/200,1",0.0025996292863762743,True,True,True
0.031393885995755558,True,False,True,"0,1/2,1",561/107600,0.059999999999999998,True,False,False,"-1/100,49/100,99/100",True,1.951563910473908e-18,2,4,0.022530329289428077,True,False,True,47/50,False,9/10,0.23083880111524163,ascending,1/100,box,"1/100,51/100,1",0.0052137546468401484,True,True,True
0.036901270392617827,True,False,True,"0,1/2,1",561/53500,0.070000000000000007,True,False,False,"-1/50,12/25,49/50",True,4.7704895589362195e-18,2,4,0.027874564459930314,True,False,True,93/100,False,9/10,0.22834519470404985,ascending,1/50,box,"1/50,13/25,1",0.010485981308411215,True,False,True
0.053917565014543062,True,False,False,"0,1/2,1",561/21040,0.10000000000000001,True,False,False,"-1/20,9/20,19/20",True,9.540979117872439e-18,2,4,0.044247787610619468,True,False,True,9/10,False,9/10,0.22087008871989861,ascending,1/20,box,"1/20,11/20,1",0.026663498098859317,True,False,True
0.083685545224006758,True,False,False,"0,1/2,1",561/10220,0.14999999999999999,False,False,False,"-1/10,2/5,9/10",True,6.9388939039072284e-18,2,4,0.072727272727272724,True,False,False,17/20,False,9/10,0.20843162915851271,ascending,1/10,box,"1/10,3/5,1",0.054892367906066539,True,False,False
0.90768968747338841,False,False,False,"1,1/2,0",29/32,0.94999999999999996,False,False,False,"1,1/2,0",False,1.0408340855860843e-17,2,4,0.90625,False,False,False,1/20,False,9/10,0.012500000000000011,descending,0,box,"1,1/2,0",0.90625,False,False,False
0.90945524157599289,False,False,False,"1,1/2,0",2903/3197,0.95099999999999996,False,False,False,"999/1000,499/1000,-1/1000",True,3.8163916471489756e-17,2,4,0.90803878636221458,False,False,False,49/1000,False,9/10,0.012250000000000039,descending,1/1000,box,"1,501/1000,1/1000",0.90803878636221458,False,False,False
0.91654905181041335,False,False,False,"1,1/2,0",583/637,0.95499999999999996,False,False,False,"199/200,99/200,-1/200",True,3.8163916471489756e-17,2,4,0.9152276295133438,False,False,False,9/200,False,9/10,0.011250000000000038,descending,1/200,box,"1,101/200,1/200",0.9152276295133438,False,False,False
0.92548803959307124,False,False,False,"1,1/2,0",293/317,0.95999999999999996,False,False,False,"99/100,49/100,-1/100",True,8.6736173798840355e-18,2,4,0.9242902208201893,False,False,False,1/25,False,9/10,0.010000000000000009,descending,1/100,box,"1,51/100,1/100",0.9242902208201893,False,False,False
0.94360921812412213,False,False,False,"1,1/2,0",148/157,0.96999999999999997,False,False,False,"49/50,12/25,-1/50",True,6.9388939039072284e-18,2,4,0.9426751592356688,False,False,False,3/100,False,9/10,0.0075000000000000067,descending,1/50,box,"1,13/25,1/50",0.9426751592356688,False,False,False
1,False,False,False,"1,1/2,0",1,1,False,False,False,"19/20,9/20,-1/20",True,0,1,4,1,False,False,False,0,False,9/10,,descending,1/20,box,"1,11/20,1/20",1,False,False,False
1,False,False,False,"1,1/2,0",1,1,False,False,False,"9/10,2/5,-1/10",True,2.0816681711721685e-17,1,4,1,False,False,False,-1/20,False,9/10,,descending,1/10,box,"1,3/5,1/10",1,False,False,False
0.83409130662935105,False,False,False,"0,1,0",281/337,0.90666666666666662,False,False,False,"0,1,0",False,2.7755575615628914e-17,2,4,0.83382789317507422,False,False,False,7/75,False,9/10,0.023333333333333317,alternating,0,box,"0,1,0",0.83382789317507422,False,False,False
0.83572801362897053,False,False,False,"0,1,0",2813/3367,0.90766666666666662,False,False,False,"-1/1000,999/1000,-1/1000",True,2.7755575615628914e-17,2,4,0.8354618354618355,False,False,False,277/3000,False,9/10,0.023083333333333345,alternating,1/1000,box,"1/1000,1,1/1000",0.8354618354618355,False,False,False
0.84230303662449668,False,False,False,"0,1,0",565/671,0.91166666666666663,False,False,False,"-1/200,199/200,-1/200",True,2.7755575615628914e-17,2,4,0.84202682563338305,False,False,False,53/600,False,9/10,0.022083333333333344,alternating,1/200,box,"1/200,1,1/200",0.84202682563338305,False,False,False
0.85058580289455543,False,False,False,"0,1,0",142/167,0.91666666666666663,False,False,False,"-1/100,99/100,-1/100",True,1.0408340855860843e-17,2,4,0.85029940119760483,False,False,False,1/12,False,9/10,0.020833333333333343,alternating,1/100,box,"1/100,1,1/100",0.85029940119760483,False,False,False
0.86736816346506795,False,False,False,"0,1,0",287/331,0.92666666666666664,False,False,False,"-1/50,49/50,-1/50",True,2.0816681711721685e-17,2,4,0.86706948640483383,False,False,False,11/150,False,9/10,0.018333333333333313,alternating,1/50,box,"1/50,1,1/50",0.86706948640483383,False,False,False
0.91951981450493725,False,False,False,"0,1,0",148/161,0.95666666666666667,False,False,False,"-1/20,19/20,-1/20",True,2.7755575615628914e-17,2,4,0.91925465838509313,False,False,False,13/300,False,9/10,0.010833333333333306,alternating,1/20,box,"1/20,1,1/20",0.91925465838509313,False,False,False
1,False,False,False,"0,1,0",1,1,False,False,False,"-1/10,9/10,-1/10",True,2.1250362580715887e-17,1,4,1,False,False,False,-1/150,False,9/10,,alternating,1/10,box,"1/10,1,1/10",1,False,False,False
0.14657080467624295,False,False,False,"1,3/4,3/4",599/4203,0.24916666666666668,False,False,False,"1,3/4,3/4",False,0,2,4,0.14251724958363074,False,False,False,901/1200,False,9/10,0.18770833333333334,random_271,0,box,"1,3/4,3/4",0.14251724958363074,False,False,False
0.14723979480945631,False,False,False,"1,3/4,3/4",3007/21003,0.25016666666666665,False,False,False,"999/1000,749/1000,749/1000",True,2.7755575615628914e-17,2,4,0.14317002333000048,False,False,False,4499/6000,False,9/10,0.18745833333333331,random_271,1/1000,box,"1,751/1000,751/1000",0.14317002333000048,False,False,False
0.14992311298229627,False,False,False,"1,3/4,3/4",611/4191,0.25416666666666665,False,False,False,"199/200,149/200,149/200",True,0,2,4,0.14578859460749224,False,False,False,179/240,False,9/10,0.18645833333333334,random_271,1/200,box,"1,151/200,151/200",0.14578859460749224,False,False,False
0.15329390667462112,False,False,False,"1,3/4,3/4",89/597,0.25916666666666666,False,False,False,"99/100,37/50,37/50",True,2.7755575615628914e-17,2,4,0.1490787269681742,False,False,False,889/1200,False,9/10,0.18520833333333331,random_271,1/100,box,"1,19/25,19/25",0.1490787269681742,False,False,False
0.16009156520486875,False,False,False,"1,3/4,3/4",647/4155,0.26916666666666667,False,False,False,"49/50,73/100,73/100",True,0,2,4,0.15571600481347775,False,False,False,877/1200,False,9/10,0.18270833333333333,random_271,1/50,box,"1,77/100,77/100",0.15571600481347775,False,False,False
0.18094449181208633,False,False,False,"1,3/4,3/4",719/4083,0.29916666666666669,False,False,False,"19/20,7/10,7/10",True,1.3877787807814457e-17,2,4,0.17609600783737447,False,False,False,841/1200,False,9/10,0.17520833333333333,random_271,1/20,box,"1,4/5,4/5",0.17609600783737447,False,False,False
0.2173126010596646,False,False,False,"1,3/4,3/4",839/3963,0.34916666666666668,False,False,False,"9/10,13/20,13/20",True,2.7755575615628914e-17,2,4,0.21170830179157205,False,False,False,781/1200,False,9/10,0.16270833333333332,random_271,1/10,box,"1,17/20,17/20",0.21170830179157205,False,False,False
0.32182155071267382,False,False,False,"0,3/4,1/2",58/183,0.47833333333333333,False,False,False,"0,3/4,1/2",True,0,2,4,0.31733914940021812,False,False,False,313/600,True,9/10,0.13034039162112931,random_811,0,box,"0,3/4,1/2",0.31693989071038253,False,False,False
0.32269675182385399,False,False,False,"0,3/4,1/2",290599/914400,0.47933333333333333,False,False,False,"-1/1000,749/1000,499/1000",True,2.7755575615628914e-17,2,4,0.31820165866433869,False,False,False,781/1500,True,9/10,0.1300905428878682,random_811,1/1000,box,"1/1000,751/1000,501/1000",0.31780293088363953,False,False,False
0.32620856976720869,False,False,False,"0,3/4,1/2",19533/60800,0.48333333333333334,False,False,False,"-1/200,149/200,99/200",True,1.3877787807814457e-17,2,4,0.32166301969365424,False,False,False,31/60,True,9/10,0.1290911526864035,random_811,1/200,box,"1/200,151/200,101/200",0.32126644736842103,False,False,False
0.33062327897803728,False,False,False,"0,3/4,1/2",29599/90900,0.48833333333333334,False,False,False,"-1/100,37/50,49/100",True,0,2,4,0.32601536772777168,False,False,False,307/600,True,9/10,0.12784192565089841,random_811,1/100,box,"1/100,19/25,51/100",0.32562156215621563,False,False,False
0.33953682318434569,False,False,False,"0,3/4,1/2",719/2150,0.49833333333333335,False,False,False,"-1/50,73/100,12/25",True,0,2,4,0.33480662983425413,False,False,False,301/600,True,9/10,0.12534350775193798,random_811,1/50,box,"1/50,77/100,13/25",0.3344186046511628,False,False,False
0.36697007278032395,False,False,False,"0,3/4,1/2",2133/5900,0.52833333333333332,False,False,False,"-1/20,7/10,9/20",True,2.7755575615628914e-17,2,4,0.36189402480270577,False,False,False,283/600,True,9/10,0.11784855225988698,random_811,1/20,box,"1/20,4/5,11/20",0.36152542372881358,False,False,False
0.41513992821787987,False,False,False,"0,3/4,1/2",3499/8550,0.57833333333333337,False,False,False,"-1/10,13/20,2/5",True,1.3877787807814457e-17,2,4,0.40956826137689617,False,False,False,253/600,True,9/10,0.10535801656920078,random_811,1/10,box,"1/10,17/20,3/5",0.40923976608187135,False,False,False
0.52470781640486819,False,False,False,"0,1,1/4",1687/3219,0.68083333333333329,False,False,False,"0,1,1/4",False,1.3877787807814457e-17,2,4,0.5240757999378689,False,False,False,383/1200,False,9/10,0.079791666666666677,random_1619,0,box,"0,1,1/4",0.5240757999378689,False,False,False
0.52585631908298192,False,False,False,"0,1,1/4",8447/16083,0.68183333333333329,False,False,False,"-1/1000,999/1000,249/1000",True,1.3877787807814457e-17,2,4,0.52521295778150845,False,False,False,1909/6000,False,9/10,0.079541666666666649,random_1619,1/1000,box,"1/1000,1,251/1000",0.52521295778150845,False,False,False
0.53046689285373705,False,False,False,"0,1,1/4",1699/3207,0.68583333333333329,False,False,False,"-1/200,199/200,49/200",True,2.7755575615628914e-17,2,4,0.52977860929217335,False,False,False,377/1200,False,9/10,0.078541666666666676,random_1619,1/200,box,"1/200,1,51/200",0.52977860929217335,False,False,False
0.53626764664167526,False,False,False,"0,1,1/4",1711/3195,0.6908333333333333,False,False,False,"-1/100,99/100,6/25",True,0,2,4,0.53552425665101722,False,False,False,371/1200,False,9/10,0.077291666666666661,random_1619,1/100,box,"1/100,1,13/50",0.53552425665101722,False,False,False
0.5479960090922078,False,False,False,"0,1,1/4",1735/3171,0.70083333333333331,False,False,False,"-1/50,49/50,23/100",True,1.3877787807814457e-17,2,4,0.54714601072216962,False,False,False,359/1200,False,9/10,0.074791666666666687,random_1619,1/50,box,"1/50,1,27/100",0.54714601072216962,False,False,False
0.5842299695177342,False,False,False,"0,1,1/4",1807/3099,0.73083333333333333,False,False,False,"-1/20,19/20,1/5",True,2.7755575615628914e-17,2,4,0.58309131978057438,False,False,False,323/1200,False,9/10,0.067291666666666639,random_1619,1/20,box,"1/20,1,3/10",0.58309131978057438,False,False,False
0.64835972662315955,False,False,False,"0,1,1/4",1927/2979,0.78083333333333338,False,False,False,"-1/10,9/10,3/20",True,2.7755575615628914e-17,2,4,0.64686136287344742,False,False,False,263/1200,False,9/10,0.054791666666666655,random_1619,1/10,box,"1/10,1,7/20",0.64686136287344742,False,False,False
1,False,False,False,"0,0,0,0",1,1,False,False,False,"0,0,0,0",True,0,1,5,1,False,False,False,0,True,1/10,,constant_0,0,box,"0,0,0,0",1,False,False,False
1,False,False,False,"0,0,0,0",1,1,False,False,False,"-1/1000,-1/1000,-1/1000,-1/1000",True,5.5077470362263625e-17,1,5,1,False,False,False,-1/1000,True,1/10,,constant_0,1/1000,box,"1/1000,1/1000,1/1000,1/1000",1,False,False,False
1,False,False,False,"0,0,0,0",1,1,False,False,False,"-1/200,-1/200,-1/200,-1/200",True,5.3342746886286818e-17,1,5,1,False,False,False,-1/200,True,1/10,,constant_0,1/200,box,"1/200,1/200,1/200,1/200",1,False,False,False
1,False,False,False,"0,0,0,0",1,1,False,False,False,"-1/100,-1/100,-1/100,-1/100",True,4.3368086899420177e-18,1,5,1,False,False,False,-1/100,True,1/10,,constant_0,1/100,box,"1/100,1/100,1/100,1/100",1,False,False,False
1,False,False,False,"0,0,0,0",1,1,False,False,False,"-1/50,-1/50,-1/50,-1/50",True,8.6736173798840355e-18,1,5,1,False,False,False,-1/50,True,1/10,,constant_0,1/50,box,"1/50,1/50,1/50,1/50",1,False,False,False
1,False,False,False,"0,0,0,0",1,1,False,False,False,"-1/20,-1/20,-1/20,-1/20",True,2.0816681711721685e-17,1,5,1,False,False,False,-1/20,True,1/10,,constant_0,1/20,box,"1/20,1/20,1/20,1/20",1,False,False,False
1,False,False,False,"0,0,0,0",1,1,False,False,False,"-1/10,-1/10,-1/10,-1/10",True,1.3877787807814457e-17,1,5,1,False,False,False,-1/10,True,1/10,,constant_0,1/10,box,"1/10,1/10,1/10,1/10",1,False,False,False
0.85854487868573914,False,False,False,"1/10,1/10,1/10,1/10",9/11,0.90000000000000002,False,False,False,"1/10,1/10,1/10,1/10",True,2.7755575615628914e-17,2,5,0.81818181818181823,False,False,False,1/10,True,1/10,0.024999999999999994,constant_1/10,0,box,"1/10,1/10,1/10,1/10",0.81818181818181823,False,False,False
0.85990473707403292,False,False,False,"1/10,1/10,1/10,1/10",901/1099,0.90100000000000002,False,False,False,"99/1000,99/1000,99/1000,99/1000",True,3.4694469519536142e-17,2,5,0.81983621474067336,False,False,False,99/1000,True,1/10,0.024749999999999966,constant_1/10,1/1000,box,"101/1000,101/1000,101/1000,101/1000",0.81983621474067336,False,False,False
0.8653550632892395,False,False,False,"1/10,1/10,1/10,1/10",181/219,0.90500000000000003,False,False,False,"19/200,19/200,19/200,19/200",True,2.7755575615628914e-17,2,5,0.82648401826484019,False,False,False,19/200,True,1/10,0.023749999999999993,constant_1/10,1/200,box,"21/200,21/200,21/200,21/200",0.82648401826484019,False,False,False
0.87219251826160149,False,False,False,"1/10,1/10,1/10,1/10",91/109,0.91000000000000003,False,False,False,"9/100,9/100,9/100,9/100",True,2.0816681711721685e-17,2,5,0.83486238532110091,False,False,False,9/100,True,1/10,0.02250000000000002,constant_1/10,1/100,box,"11/100,11/100,11/100,11/100",0.83486238532110091,False,False,False
0.8859494951522946,False,False,False,"1/10,1/10,1/10,1/10",23/27,0.92000000000000004,False,False,False,"2/25,2/25,2/25,2/25",True,1.0408340855860843e-17,2,5,0.85185185185185186,False,False,False,2/25,True,1/10,0.01999999999999999,constant_1/10,1/50,box,"3/25,3/25,3/25,3/25",0.85185185185185186,False,False,False
0.92788145680879708,False,False,False,"1/10,1/10,1/10,1/10",19/21,0.94999999999999996,False,False,False,"1/20,1/20,1/20,1/20",True,1.7347234759768071e-17,2,5,0.90476190476190477,False,False,False,1/20,True,1/10,0.012499999999999983,constant_1/10,1/20,box,"3/20,3/20,3/20,3/20",0.90476190476190477,False,False,False
1,False,False,False,"1/10,1/10,1/10,1/10",1,1,False,False,False,"0,0,0,0",True,0,1,5,1,False,False,False,0,True,1/10,,constant_1/10,1/10,box,"1/5,1/5,1/5,1/5",1,False,False,False
0.38298094592161286,False,False,False,"1/2,1/2,1/2,1/2",1/3,0.5,False,False,False,"1/2,1/2,1/2,1/2",True,1.3877787807814457e-17,2,5,0.33333333333333331,False,False,False,1/2,True,1/10,0.12499999999999999,constant_1/2,0,box,"1/2,1/2,1/2,1/2",0.33333333333333331,False,False,False
0.38399139317437403,False,False,False,"1/2,1/2,1/2,1/2",501/1499,0.501,False,False,False,"499/1000,499/1000,499/1000,499/1000",True,0,2,5,0.33422281521014008,False,False,False,499/1000,True,1/10,0.12475,constant_1/2,1/1000,box,"501/1000,501/1000,501/1000,501/1000",0.33422281521014008,False,False,False
0.38804316076586837,False,False,False,"1/2,1/2,1/2,1/2",101/299,0.505,False,False,False,"99/200,99/200,99/200,99/200",True,0,2,5,0.33779264214046822,False,False,False,99/200,True,1/10,0.12375,constant_1/2,1/200,box,"101/200,101/200,101/200,101/200",0.33779264214046822,False,False,False
0.39313029933505594,False,False,False,"1/2,1/2,1/2,1/2",51/149,0.51000000000000001,False,False,False,"49/100,49/100,49/100,49/100",True,0,2,5,0.34228187919463088,False,False,False,49/100,True,1/10,0.1225,constant_1/2,1/100,box,"51/100,51/100,51/100,51/100",0.34228187919463088,False,False,False
0.40337918818358559,False,False,False,"1/2,1/2,1/2,1/2",13/37,0.52000000000000002,False,False,False,"12/25,12/25,12/25,12/25",True,0,2,5,0.35135135135135137,False,False,False,12/25,True,1/10,0.12,constant_1/2,1/50,box,"13/25,13/25,13/25,13/25",0.35135135135135137,False,False,False
0.43471950753299377,False,False,False,"1/2,1/2,1/2,1/2",11/29,0.55000000000000004,False,False,False,"9/20,9/20,9/20,9/20",True,2.7755575615628914e-17,2,5,0.37931034482758619,False,False,False,9/20,True,1/10,0.1125,constant_1/2,1/20,box,"11/20,11/20,11/20,11/20",0.37931034482758619,False,False,False
0.48890610496960352,False,False,False,"1/2,1/2,1/2,1/2",3/7,0.59999999999999998,False,False,False,"2/5,2/5,2/5,2/5",True,1.3877787807814457e-17,2,5,0.42857142857142855,False,False,False,2/5,True,1/10,0.10000000000000001,constant_1/2,1/10,box,"3/5,3/5,3/5,3/5",0.42857142857142855,False,False,False
0.056511990494421932,True,False,False,"9/10,9/10,9/10,9/10",1/19,0.10000000000000001,True,False,False,"9/10,9/10,9/10,9/10",True,2.7755575615628914e-17,2,5,0.052631578947368418,True,False,False,9/10,True,1/10,0.22499999999999998,constant_9/10,0,box,"9/10,9/10,9/10,9/10",0.052631578947368418,True,False,False
0.057144962310518882,True,False,False,"9/10,9/10,9/10,9/10",101/1899,0.10100000000000001,False,False,False,"899/1000,899/1000,899/1000,899/1000",True,5.2041704279304213e-18,2,5,0.053185887309110058,True,False,False,899/1000,True,1/10,0.22475000000000001,constant_9/10,1/1000,box,"901/1000,901/1000,901/1000,901/1000",0.053185887309110058,True,False,False
0.059690573590665784,True,False,False,"9/10,9/10,9/10,9/10",21/379,0.105,False,False,False,"179/200,179/200,179/200,179/200",True,1.7347234759768071e-18,2,5,0.055408970976253295,True,False,False,179/200,True,1/10,0.22375,constant_9/10,1/200,box,"181/200,181/200,181/200,181/200",0.055408970976253295,True,False,False
0.062903494354995593,True,False,False,"9/10,9/10,9/10,9/10",11/189,0.11,False,False,False,"89/100,89/100,89/100,89/100",True,2.7755575615628914e-17,2,5,0.058201058201058198,True,False,False,89/100,True,1/10,0.22249999999999998,constant_9/10,1/100,box,"91/100,91/100,91/100,91/100",0.058201058201058198,True,False,False
0.069432491650938788,True,False,False,"9/10,9/10,9/10,9/10",3/47,0.12,False,False,False,"22/25,22/25,22/25,22/25",True,2.7755575615628914e-17,2,5,0.063829787234042548,True,False,False,22/25,True,1/10,0.21999999999999997,constant_9/10,1/50,box,"23/25,23/25,23/25,23/25",0.063829787234042548,True,False,False
0.089845323827755272,True,False,False,"9/10,9/10,9/10,9/10",3/37,0.14999999999999999,False,False,False,"17/20,17/20,17/20,17/20",True,2.7755575615628914e-17,2,5,0.081081081081081086,True,False,False,17/20,True,1/10,0.21250000000000002,constant_9/10,1/20,box,"19/20,19/20,19/20,19/20",0.081081081081081086,True,False,False
0.12504535584301346,False,False,False,"9/10,9/10,9/10,9/10",1/9,0.20000000000000001,False,False,False,"4/5,4/5,4/5,4/5",True,1.0408340855860843e-17,2,5,0.1111111111111111,False,False,False,4/5,True,1/10,0.20000000000000001,constant_9/10,1/10,box,"1,1,1,1",0.1111111111111111,False,False,False
0,True,True,True,"1,1,1,1",0,0,True,True,True,"1,1,1,1",False,0,2,5,0,True,True,True,1,False,1/10,0.25,constant_1,0,box,"1,1,1,1",0,True,True,True
0.00050062531206951193,True,True,True,"1,1,1,1",1/1999,0.001,True,True,True,"999/1000,999/1000,999/1000,999/1000",True,2.7755575615628914e-17,2,5,0.00050025012506253123,True,True,True,999/1000,False,1/10,0.24975000000000003,constant_1,1/1000,box,"1,1,1,1",0.00050025012506253123,True,True,True
0.0025156637914470741,True,True,True,"1,1,1,1",1/399,0.0050000000000000001,True,True,True,"199/200,199/200,199/200,199/200",True,1.1926223897340549e-18,2,5,0.0025062656641604009,True,True,True,199/200,False,1/10,0.24875,constant_1,1/200,box,"1,1,1,1",0.0025062656641604009,True,True,True
0.005062808123326097,True,True,True,"1,1,1,1",1/199,0.01,True,True,True,"99/100,99/100,99/100,99/100",True,2.1684043449710089e-18,2,5,0.0050251256281407036,True,True,True,99/100,False,1/10,0.2475,constant_1,1/100,box,"1,1,1,1",0.0050251256281407036,True,True,True
0.010252428706688948,True,False,True,"1,1,1,1",1/99,0.02,True,False,True,"49/50,49/50,49/50,49/50",True,4.7704895589362195e-18,2,5,0.010101010101010102,True,False,True,49/50,False,1/10,0.245,constant_1,1/50,box,"1,1,1,1",0.010101010101010102,True,False,True
0.026598632371090412,True,False,True,"1,1,1,1",1/39,0.050000000000000003,True,False,True,"19/20,19/20,19/20,19/20",True,1.1275702593849246e-17,2,5,0.02564102564102564,True,False,True,19/20,False,1/10,0.23749999999999999,constant_1,1/20,box,"1,1,1,1",0.02564102564102564,True,False,True
0.056511990494421932,True,False,False,"1,1,1,1",1/19,0.10000000000000001,True,False,False,"9/10,9/10,9/10,9/10",True,2.7755575615628914e-17,2,5,0.052631578947368418,True,False,False,9/10,False,1/10,0.22499999999999998,constant_1,1/10,box,"1,1,1,1",0.052631578947368418,True,False,False
0.33373673665628528,False,False,False,"0,1/3,2/3,1",0,0.45000000000000001,False,False,False,"0,1/3,2/3,1",False,1.3877787807814457e-17,2,5,0.21428571428571427,False,False,False,11/20,False,1/10,0.099999999999999992,ascending,0,box,"0,1/3,2/3,1",0,True,True,True
0.33469697657424458,False,False,False,"0,1/3,2/3,1",4321/2632000,0.45100000000000001,False,False,False,"-1/1000,997/3000,1997/3000,999/1000",True,1.0842021724855044e-19,2,5,0.21515368120085776,False,False,False,549/1000,False,1/10,0.099912095317249233,ascending,1/1000,box,"1/1000,1003/3000,2003/3000,1",0.0016417173252279635,True,True,True
0.33854801982111837,False,False,False,"0,1/3,2/3,1",4321/518400,0.45500000000000002,False,False,False,"-1/200,197/600,397/600,199/200",True,1.3877787807814457e-17,2,5,0.21863799283154123,False,False,False,109/200,False,1/10,0.09957846137152776,ascending,1/200,box,"1/200,203/600,403/600,1",0.0083352623456790127,True,True,True
0.34338450222724742,False,False,False,"0,1/3,2/3,1",4321/254200,0.46000000000000002,False,False,False,"-1/100,97/300,197/300,99/100",True,8.6736173798840355e-19,2,5,0.22302158273381295,False,False,False,27/50,False,1/10,0.099203476593233669,ascending,1/100,box,"1/100,103/300,203/300,1",0.016998426435877262,True,False,True
0.35313299169151119,False,False,False,"0,1/3,2/3,1",4321/122100,0.46999999999999997,False,False,False,"-1/50,47/150,97/150,49/50",True,1.3877787807814457e-17,2,5,0.2318840579710145,False,False,False,53/100,False,1/10,0.098604606879606871,ascending,1/50,box,"1/50,53/150,103/150,1",0.035389025389025386,True,False,True
0.38298094592161286,False,False,False,"0,1/3,2/3,1",4321/42840,0.5,False,False,False,"-1/20,17/60,37/60,19/20",True,1.3877787807814457e-17,2,5,0.25925925925925924,False,False,False,1/2,False,1/10,0.09827074579831932,ascending,1/20,box,"1/20,23/60,43/60,1",0.10086367880485528,False,False,False
0.43471950753299377,False,False,False,"0,1/3,2/3,1",8849/39080,0.55000000000000004,False,False,False,"-1/10,7/30,17/30,9/10",True,6.9388939039072284e-18,2,5,0.30769230769230771,False,False,False,9/20,False,1/10,0.099295355680655062,ascending,1/10,box,"1/10,13/30,23/30,1",0.2264329580348004,False,False,False
0.43471950753299377,False,False,False,"1,2/3,1/3,0",2679/7358,0.55000000000000004,False,False,False,"1,2/3,1/3,0",False,1.3877787807814457e-17,2,5,0.4375,False,False,False,9/20,False,1/10,0.097818700733895064,descending,0,box,"1,2/3,1/3,0",0.3640935036694754,False,False,False
0.43577943672605318,False,False,False,"1,2/3,1/3,0",2684679/7348000,0.55100000000000005,False,False,False,"999/1000,1997/3000,997/3000,-1/1000",True,1.3877787807814457e-17,2,5,0.43839899937460913,False,False,False,449/1000,False,1/10,0.097651703201551435,descending,1/1000,box,"1,2003/3000,1003/3000,1/1000",0.36536186717474145,False,False,False
0.44002894292478417,False,False,False,"1,2/3,1/3,0",180493/487200,0.55500000000000005,False,False,False,"199/200,397/600,197/600,-1/200",True,0,2,5,0.44200626959247646,False,False,False,89/200,False,1/10,0.096987462797619051,descending,1/200,box,"1,403/600,203/600,1/200",0.3704700328407225,False,False,False
0.44536281710113851,False,False,False,"1,2/3,1/3,0",273579/725800,0.56000000000000005,False,False,False,"99/100,197/300,97/300,-1/100",True,1.3877787807814457e-17,2,5,0.44654088050314467,False,False,False,11/25,False,1/10,0.096165715417470363,descending,1/100,box,"1,203/300,103/300,1/100",0.37693441719481952,False,False,False
0.4561036427644089,False,False,False,"1,2/3,1/3,0",46543/119300,0.56999999999999995,False,False,False,"49/50,97/150,47/150,-1/50",True,1.3877787807814457e-17,2,5,0.45569620253164556,False,False,False,43/100,False,1/10,0.094551487845766974,descending,1/50,box,"1,103/150,53/150,1/50",0.39013411567476947,False,False,False
0.48890610496960352,False,False,False,"1,2/3,1/3,0",19753/45720,0.59999999999999998,False,False,False,"19/20,37/60,17/60,-1/20",True,1.3877787807814457e-17,2,5,0.4838709677419355,False,False,False,2/5,False,1/10,0.089958305993000892,descending,1/20,box,"1,43/60,23/60,1/20",0.43204286964129485,False,False,False
0.54547533179362317,False,False,False,"1,2/3,1/3,0",32469/63580,0.65000000000000002,False,False,False,"9/10,17/30,7/30,-1/10",True,2.7755575615628914e-17,2,5,0.53333333333333333,False,False,False,7/20,False,1/10,0.083252398553004064,descending,1/10,box,"1,23/30,13/30,1/10",0.51067945894935518,False,False,False
0.34241519062508102,False,False,False,"0,1,0,1",0,0.45900000000000002,False,False,False,"0,1,0,1",False,0,2,5,0.26072697458321947,False,False,False,541/1000,False,1/10,0.087550000000000003,alternating,0,box,"0,1,0,1",0,True,True,True
0.34338450222724742,False,False,False,"0,1,0,1",773/874250,0.46000000000000002,False,False,False,"-1/1000,999/1000,-1/1000,999/1000",True,1.3552527156068805e-19,2,5,0.2615889511828251,False,False,False,27/50,False,1/10,0.0873477,alternating,1/1000,box,"1/1000,1,1/1000,1",0.00088418644552473551,True,True,True
0.34727181977619825,False,False,False,"0,1,0,1",773/173850,0.46400000000000002,False,False,False,"-1/200,199/200,-1/200,199/200",True,1.3877787807814457e-17,2,5,0.26504867681338268,False,False,False,67/125,False,1/10,0.08653849999999999,alternating,1/200,box,"1/200,1,1/200,1",0.0044463618061547309,True,True,True
0.35215361468810236,False,False,False,"0,1,0,1",773/86300,0.46899999999999997,False,False,False,"-1/100,99/100,-1/100,99/100",True,1.3877787807814457e-17,2,5,0.26940011007154652,False,False,False,531/1000,False,1/10,0.08552700000000002,alternating,1/100,box,"1/100,1,1/100,1",0.0089571263035921212,True,True,True
0.36199261282399331,False,False,False,"0,1,0,1",773/42525,0.47899999999999998,False,False,False,"-1/50,49/50,-1/50,49/50",True,2.6020852139652106e-18,2,5,0.27819340537545029,False,False,False,521/1000,False,1/10,0.083503999999999995,alternating,1/50,box,"1/50,1,1/50,1",0.018177542621987067,True,False,True
0.3921108795816648,False,False,False,"0,1,0,1",773/16260,0.50900000000000001,False,False,False,"-1/20,19/20,-1/20,19/20",True,2.7755575615628914e-17,2,5,0.30531975099037917,False,False,False,491/1000,False,1/10,0.077434999999999976,alternating,1/20,box,"1/20,1,1/20,1",0.047539975399753999,True,False,True
0.44429408998204634,False,False,False,"0,1,0,1",773/7505,0.55900000000000005,False,False,False,"-1/10,9/10,-1/10,9/10",True,6.9388939039072284e-18,2,5,0.35318275154004108,False,False,False,441/1000,False,1/10,0.06760600932711526,alternating,1/10,box,"1/10,1,1/10,1",0.10299800133244504,False,False,False
0.079484124545126378,True,False,False,"1,3/4,3/4,1",0,0.13500000000000001,False,False,False,"1,3/4,3/4,1",False,0,2,5,0.066756574511126099,True,False,False,173/200,False,1/10,0.20078124999999999,random_271,0,box,"1,3/4,3/4,1",0,True,True,True
0.080165246942326532,True,False,False,"1,3/4,3/4,1",101/172550,0.13600000000000001,False,False,False,"999/1000,749/1000,749/1000,999/1000",True,1.0842021724855044e-19,2,5,0.067332343813250567,True,False,False,108/125,False,1/10,0.20054181052593451,random_271,1/1000,box,"1,751/1000,751/1000,1",0.00058533758330918579,True,True,True
0.082903494354995583,True,False,False,"1,3/4,3/4,1",101/34350,0.14000000000000001,False,False,False,"199/200,149/200,149/200,199/200",True,5.4210108624275222e-19,2,5,0.069641649763353616,True,False,False,43/50,False,1/10,0.19958573962882095,random_271,1/200,box,"1,151/200,151/200,1",0.0029403202328966522,True,True,True
0.086357240257332449,True,False,False,"1,3/4,3/4,1",101/17075,0.14499999999999999,False,False,False,"99/100,37/50,37/50,99/100",True,1.3010426069826053e-18,2,5,0.072542372881355927,True,False,False,171/200,False,1/10,0.19839449121522695,random_271,1/100,box,"1,19/25,19/25,1",0.0059150805270863837,True,True,True
0.093367695768557968,True,False,False,"1,3/4,3/4,1",202/16875,0.155,False,False,False,"49/50,73/100,73/100,49/50",True,2.7755575615628914e-17,2,5,0.078391274710293113,True,False,False,169/200,False,1/10,0.19602508333333335,random_271,1/50,box,"1,77/100,77/100,1",0.011970370370370371,True,False,True
0.11445312728295277,False,False,False,"1,3/4,3/4,1",101/3255,0.185,False,False,False,"19/20,7/10,7/10,19/20",True,2.7755575615628914e-17,2,5,0.096327096327096323,True,False,False,163/200,False,1/10,0.18902736175115203,random_271,1/20,box,"1,4/5,4/5,1",0.031029185867895544,True,False,True
0.15057868596561014,False,False,False,"1,3/4,3/4,1",202/3055,0.23499999999999999,False,False,False,"9/10,13/20,13/20,9/10",True,3.4694469519536142e-18,2,5,0.12758374910905204,False,False,False,153/200,False,1/10,0.17777623772504092,random_271,1/10,box,"1,17/20,17/20,1",0.066121112929623568,True,False,False
0.33939258564419111,False,False,False,"0,3/4,1/2,3/4",1546/7069,0.45587499999999997,False,False,False,"0,3/4,1/2,3/4",True,0,2,5,0.25974423508604855,False,False,False,4353/8000,True,1/10,0.12848911090677606,random_811,0,box,"0,3/4,1/2,3/4",0.21870137218842836,False,False,False
0.34035874859038789,False,False,False,"0,3/4,1/2,3/4",194023/882375,0.45687499999999998,False,False,False,"-1/1000,749/1000,499/1000,749/1000",True,6.9388939039072284e-18,2,5,0.26060172894969708,False,False,False,869/1600,True,1/10,0.12830454232894178,random_811,1/1000,box,"1/1000,751/1000,501/1000,751/1000",0.21988723615242953,False,False,False
0.34423347615897659,False,False,False,"0,3/4,1/2,3/4",39423/175475,0.46087499999999998,False,False,False,"-1/200,149/200,99/200,149/200",True,2.7755575615628914e-17,2,5,0.2640434100061429,False,False,False,4313/8000,True,1/10,0.12756949159424422,random_811,1/200,box,"1/200,151/200,101/200,151/200",0.2246644821199601,False,False,False
0.34909954487267292,False,False,False,"0,3/4,1/2,3/4",40196/174225,0.46587499999999998,False,False,False,"-1/100,37/50,49/100,37/50",True,0,2,5,0.26837202931306076,False,False,False,4273/8000,True,1/10,0.1266580352991821,random_811,1/100,box,"1/100,19/25,51/100,19/25",0.23071315827234898,False,False,False
0.35890713343353026,False,False,False,"0,3/4,1/2,3/4",41742/171725,0.47587499999999999,False,False,False,"-1/50,73/100,12/25,73/100",True,0,2,5,0.27711881939176608,False,False,False,4193/8000,True,1/10,0.12486032479254622,random_811,1/50,box,"1/50,77/100,13/25,77/100",0.2430746833600233,False,False,False
0.38893161191949116,False,False,False,"0,3/4,1/2,3/4",71061/254860,0.50587499999999996,False,False,False,"-1/20,7/10,9/20,7/10",True,1.3877787807814457e-17,2,5,0.30409830293641293,False,False,False,3953/8000,True,1/10,0.11904468634740641,random_811,1/20,box,"1/20,4/5,11/20,4/5",0.2788236678960998,False,False,False
0.44096060838297096,False,False,False,"0,3/4,1/2,3/4",2869/8745,0.55587500000000001,False,False,False,"-1/10,13/20,2/5,13/20",True,1.3877787807814457e-17,2,5,0.35168965768921978,False,False,False,3553/8000,True,1/10,0.10698663379073757,random_811,1/10,box,"1/10,17/20,3/5,17/20",0.32807318467695828,False,False,False
0.56589590844402893,False,False,False,"0,1,1/4,0",29461/56056,0.66756249999999995,False,False,False,"0,1,1/4,0",False,1.3877787807814457e-17,2,5,0.5255637219922934,False,False,False,5319/16000,False,1/10,0.083109375000000013,random_1619,0,box,"0,1,1/4,0",0.5255637219922934,False,False,False
0.56706711002625221,False,False,False,"0,1,1/4,0",29501/56016,0.66856249999999995,False,False,False,"-1/1000,999/1000,249/1000,-1/1000",True,2.7755575615628914e-17,2,5,0.52665309911453873,False,False,False,5303/16000,False,1/10,0.082859374999999999,random_1619,1/1000,box,"1/1000,1,251/1000,1/1000",0.52665309911453873,False,False,False
0.57176097986222241,False,False,False,"0,1,1/4,0",29661/55856,0.67256249999999995,False,False,False,"-1/200,199/200,49/200,-1/200",True,2.7755575615628914e-17,2,5,0.53102621025494123,False,False,False,5239/16000,False,1/10,0.081859374999999998,random_1619,1/200,box,"1/200,1,51/200,1/200",0.53102621025494123,False,False,False
0.57764865309642521,False,False,False,"0,1,1/4,0",29861/55656,0.67756249999999996,False,False,False,"-1/100,99/100,6/25,-1/100",True,0,2,5,0.53652795745292514,False,False,False,5159/16000,False,1/10,0.080609374999999997,random_1619,1/100,box,"1/100,1,13/50,1/100",0.53652795745292514,False,False,False
0.58949142082648398,False,False,False,"0,1,1/4,0",30261/55256,0.68756249999999997,False,False,False,"-1/50,49/50,23/100,-1/50",True,0,2,5,0.54765093383523966,False,False,False,4999/16000,False,1/10,0.078109374999999995,random_1619,1/50,box,"1/50,1,27/100,1/50",0.54765093383523966,False,False,False
0.62555197679274965,False,False,False,"0,1,1/4,0",31461/54056,0.71756249999999999,False,False,False,"-1/20,19/20,1/5,-1/20",True,0,2,5,0.58200754772828178,False,False,False,4519/16000,False,1/10,0.070609375000000002,random_1619,1/20,box,"1/20,1,3/10,1/20",0.58200754772828178,False,False,False
0.68737737180343506,False,False,False,"0,1,1/4,0",33461/52056,0.76756250000000004,False,False,False,"-1/10,9/10,3/20,-1/10",True,2.7755575615628914e-17,2,5,0.64278853542339021,False,False,False,3719/16000,False,1/10,0.058109374999999991,random_1619,1/10,box,"1/10,1,7/20,1/10",0.64278853542339021,False,False,False
1,False,False,False,"0,0,0,0",1,1,False,False,False,"0,0,0,0",True,0,1,5,1,False,False,False,0,True,1/2,,constant_0,0,box,"0,0,0,0",1,False,False,False
1,False,False,False,"0,0,0,0",1,1,False,False,False,"-1/1000,-1/1000,-1/1000,-1/1000",True,5.5077470362263625e-17,1,5,1,False,False,False,-1/1000,True,1/2,,constant_0,1/1000,box,"1/1000,1/1000,1/1000,1/1000",1,False,False,False
1,False,False,False,"0,0,0,0",1,1,False,False,False,"-1/200,-1/200,-1/200,-1/200",True,5.3342746886286818e-17,1,5,1,False,False,False,-1/200,True,1/2,,constant_0,1/200,box,"1/200,1/200,1/200,1/200",1,False,False,False
1,False,False,False,"0,0,0,0",1,1,False,False,False,"-1/100,-1/100,-1/100,-1/100",True,4.3368086899420177e-18,1,5,1,False,False,False,-1/100,True,1/2,,constant_0,1/100,box,"1/100,1/100,1/100,1/100",1,False,False,False
1,False,False,False,"0,0,0,0",1,1,False,False,False,"-1/50,-1/50,-1/50,-1/50",True,8.6736173798840355e-18,1,5,1,False,False,False,-1/50,True,1/2,,constant_0,1/50,box,"1/50,1/50,1/50,1/50",1,False,False,False
1,False,False,False,"0,0,0,0",1,1,False,False,False,"-1/20,-1/20,-1/20,-1/20",True,2.0816681711721685e-17,1,5,1,False,False,False,-1/20,True,1/2,,constant_0,1/20,box,"1/20,1/20,1/20,1/20",1,False,False,False
1,False,False,False,"0,0,0,0",1,1,False,False,False,"-1/10,-1/10,-1/10,-1/10",True,1.3877787807814457e-17,1,5,1,False,False,False,-1/10,True,1/2,,constant_0,1/10,box,"1/10,1/10,1/10,1/10",1,False,False,False
0.84930613801761545,False,False,False,"1/10,1/10,1/10,1/10",9/11,0.90000000000000002,False,False,False,"1/10,1/10,1/10,1/10",True,2.7755575615628914e-17,2,5,0.81818181818181823,False,False,False,1/10,True,1/2,0.024999999999999994,constant_1/10,0,box,"1/10,1/10,1/10,1/10",0.81818181818181823,False,False,False
0.85075401037508602,False,False,False,"1/10,1/10,1/10,1/10",901/1099,0.90100000000000002,False,False,False,"99/1000,99/1000,99/1000,99/1000",True,6.9388939039072284e-18,2,5,0.81983621474067336,False,False,False,99/1000,True,1/2,0.024749999999999994,constant_1/10,1/1000,box,"101/1000,101/1000,101/1000,101/1000",0.81983621474067336,False,False,False
0.85655755863875116,False,False,False,"1/10,1/10,1/10,1/10",181/219,0.90500000000000003,False,False,False,"19/200,19/200,19/200,19/200",True,2.7755575615628914e-17,2,5,0.82648401826484019,False,False,False,19/200,True,1/2,0.023749999999999993,constant_1/10,1/200,box,"21/200,21/200,21/200,21/200",0.82648401826484019,False,False,False
0.86383910122174046,False,False,False,"1/10,1/10,1/10,1/10",91/109,0.91000000000000003,False,False,False,"9/100,9/100,9/100,9/100",True,2.0816681711721685e-17,2,5,0.83486238532110091,False,False,False,9/100,True,1/2,0.02250000000000002,constant_1/10,1/100,box,"11/100,11/100,11/100,11/100",0.83486238532110091,False,False,False
0.87849237788040191,False,False,False,"1/10,1/10,1/10,1/10",23/27,0.92000000000000004,False,False,False,"2/25,2/25,2/25,2/25",True,1.0408340855860843e-17,2,5,0.85185185185185186,False,False,False,2/25,True,1/2,0.01999999999999999,constant_1/10,1/50,box,"3/25,3/25,3/25,3/25",0.85185185185185186,False,False,False
0.9231702784442104,False,False,False,"1/10,1/10,1/10,1/10",19/21,0.94999999999999996,False,False,False,"1/20,1/20,1/20,1/20",True,1.7347234759768071e-17,2,5,0.90476190476190477,False,False,False,1/20,True,1/2,0.012499999999999983,constant_1/10,1/20,box,"3/20,3/20,3/20,3/20",0.90476190476190477,False,False,False
1,False,False,False,"1/10,1/10,1/10,1/10",1,1,False,False,False,"0,0,0,0",True,0,1,5,1,False,False,False,0,True,1/2,,constant_1/10,1/10,box,"1/5,1/5,1/5,1/5",1,False,False,False
0.36710540228221306,False,False,False,"1/2,1/2,1/2,1/2",1/3,0.5,False,False,False,"1/2,1/2,1/2,1/2",True,0,2,5,0.33333333333333331,False,False,False,1/2,True,1/2,0.125,constant_1/2,0,box,"1/2,1/2,1/2,1/2",0.33333333333333331,False,False,False
0.36807716408432806,False,False,False,"1/2,1/2,1/2,1/2",501/1499,0.501,False,False,False,"499/1000,499/1000,499/1000,499/1000",True,0,2,5,0.33422281521014008,False,False,False,499/1000,True,1/2,0.12475,constant_1/2,1/1000,box,"501/1000,501/1000,501/1000,501/1000",0.33422281521014008,False,False,False
0.37197520686553526,False,False,False,"1/2,1/2,1/2,1/2",101/299,0.505,False,False,False,"99/200,99/200,99/200,99/200",True,0,2,5,0.33779264214046822,False,False,False,99/200,True,1/2,0.12375,constant_1/2,1/200,box,"101/200,101/200,101/200,101/200",0.33779264214046822,False,False,False
0.37687255819629983,False,False,False,"1/2,1/2,1/2,1/2",51/149,0.51000000000000001,False,False,False,"49/100,49/100,49/100,49/100",True,0,2,5,0.34228187919463088,False,False,False,49/100,True,1/2,0.1225,constant_1/2,1/100,box,"51/100,51/100,51/100,51/100",0.34228187919463088,False,False,False
0.38675028232646602,False,False,False,"1/2,1/2,1/2,1/2",13/37,0.52000000000000002,False,False,False,"12/25,12/25,12/25,12/25",True,0,2,5,0.35135135135135137,False,False,False,12/25,True,1/2,0.12,constant_1/2,1/50,box,"13/25,13/25,13/25,13/25",0.35135135135135137,False,False,False
0.4170542805466706,False,False,False,"1/2,1/2,1/2,1/2",11/29,0.55000000000000004,False,False,False,"9/20,9/20,9/20,9/20",True,1.3877787807814457e-17,2,5,0.37931034482758619,False,False,False,9/20,True,1/2,0.11250000000000002,constant_1/2,1/20,box,"11/20,11/20,11/20,11/20",0.37931034482758619,False,False,False
0.46983853970798234,False,False,False,"1/2,1/2,1/2,1/2",3/7,0.59999999999999998,False,False,False,"2/5,2/5,2/5,2/5",True,1.3877787807814457e-17,2,5,0.42857142857142855,False,False,False,2/5,True,1/2,0.099999999999999992,constant_1/2,1/10,box,"3/5,3/5,3/5,3/5",0.42857142857142855,False,False,False
0.055167050628572113,True,False,False,"9/10,9/10,9/10,9/10",1/19,0.10000000000000001,True,False,False,"9/10,9/10,9/10,9/10",True,2.7755575615628914e-17,2,5,0.052631578947368418,True,False,False,9/10,True,1/2,0.22499999999999998,constant_9/10,0,box,"9/10,9/10,9/10,9/10",0.052631578947368418,True,False,False
0.055768428430994423,True,False,False,"9/10,9/10,9/10,9/10",101/1899,0.10100000000000001,False,False,False,"899/1000,899/1000,899/1000,899/1000",True,6.9388939039072284e-18,2,5,0.053185887309110058,True,False,False,899/1000,True,1/2,0.22475000000000001,constant_9/10,1/1000,box,"901/1000,901/1000,901/1000,901/1000",0.053185887309110058,True,False,False
0.058184183089304314,True,False,False,"9/10,9/10,9/10,9/10",21/379,0.105,False,False,False,"179/200,179/200,179/200,179/200",True,1.7347234759768071e-18,2,5,0.055408970976253295,True,False,False,179/200,True,1/2,0.22375,constant_9/10,1/200,box,"181/200,181/200,181/200,181/200",0.055408970976253295,True,False,False
0.061227003091871846,True,False,False,"9/10,9/10,9/10,9/10",11/189,0.11,False,False,False,"89/100,89/100,89/100,89/100",True,2.7755575615628914e-17,2,5,0.058201058201058198,True,False,False,89/100,True,1/2,0.22249999999999998,constant_9/10,1/100,box,"91/100,91/100,91/100,91/100",0.058201058201058198,True,False,False
0.067390222513381615,True,False,False,"9/10,9/10,9/10,9/10",3/47,0.12,False,False,False,"22/25,22/25,22/25,22/25",True,2.7755575615628914e-17,2,5,0.063829787234042548,True,False,False,22/25,True,1/2,0.22000000000000003,constant_9/10,1/50,box,"23/25,23/25,23/25,23/25",0.063829787234042548,True,False,False
0.086509348952938922,True,False,False,"9/10,9/10,9/10,9/10",3/37,0.14999999999999999,False,False,False,"17/20,17/20,17/20,17/20",True,2.7755575615628914e-17,2,5,0.081081081081081086,True,False,False,17/20,True,1/2,0.21250000000000002,constant_9/10,1/20,box,"19/20,19/20,19/20,19/20",0.081081081081081086,True,False,False
0.1205250624135005,False,False,False,"9/10,9/10,9/10,9/10",1/9,0.20000000000000001,False,False,False,"4/5,4/5,4/5,4/5",True,1.0408340855860843e-17,2,5,0.1111111111111111,False,False,False,4/5,True,1/2,0.20000000000000001,constant_9/10,1/10,box,"1,1,1,1",0.1111111111111111,False,False,False
0,True,True,True,"1,1,1,1",0,0,True,True,True,"1,1,1,1",False,0,2,5,0,True,True,True,1,False,1/2,0.25,constant_1,0,box,"1,1,1,1",0,True,True,True
0.00050062531206951193,True,True,True,"1,1,1,1",1/1999,0.001,True,True,True,"999/1000,999/1000,999/1000,999/1000",True,2.7755575615628914e-17,2,5,0.00050025012506253123,True,True,True,999/1000,False,1/2,0.24975000000000003,constant_1,1/1000,box,"1,1,1,1",0.00050025012506253123,True,True,True
0.0025156637914470741,True,True,True,"1,1,1,1",1/399,0.0050000000000000001,True,True,True,"199/200,199/200,199/200,199/200",True,1.0842021724855044e-18,2,5,0.0025062656641604009,True,True,True,199/200,False,1/2,0.24875,constant_1,1/200,box,"1,1,1,1",0.0025062656641604009,True,True,True
0.005062808123326097,True,True,True,"1,1,1,1",1/199,0.01,True,True,True,"99/100,99/100,99/100,99/100",True,2.1684043449710089e-18,2,5,0.0050251256281407036,True,True,True,99/100,False,1/2,0.2475,constant_1,1/100,box,"1,1,1,1",0.0050251256281407036,True,True,True
0.010252428706688948,True,False,True,"1,1,1,1",1/99,0.02,True,False,True,"49/50,49/50,49/50,49/50",True,4.7704895589362195e-18,2,5,0.010101010101010102,True,False,True,49/50,False,1/2,0.245,constant_1,1/50,box,"1,1,1,1",0.010101010101010102,True,False,True
0.026378345630814405,True,False,True,"1,1,1,1",1/39,0.050000000000000003,True,False,True,"19/20,19/20,19/20,19/20",True,1.1275702593849246e-17,2,5,0.02564102564102564,True,False,True,19/20,False,1/2,0.23749999999999999,constant_1,1/20,box,"1,1,1,1",0.02564102564102564,True,False,True
0.055167050628572113,True,False,False,"1,1,1,1",1/19,0.10000000000000001,True,False,False,"9/10,9/10,9/10,9/10",True,2.7755575615628914e-17,2,5,0.052631578947368418,True,False,False,9/10,False,1/2,0.22499999999999998,constant_1,1/10,box,"1,1,1,1",0.052631578947368418,True,False,False
0.15637312618136842,False,False,False,"0,1/3,2/3,1",0,0.25,False,False,False,"0,1/3,2/3,1",False,0,2,5,0.10000000000000001,True,False,False,3/4,False,1/2,0.16666666666666666,ascending,0,box,"0,1/3,2/3,1",0,True,True,True
0.15709779390924405,False,False,False,"0,1/3,2/3,1",147/213760,0.251,False,False,False,"-1/1000,997/3000,1997/3000,999/1000",True,1.6263032587282567e-19,2,5,0.10066039623774264,False,False,False,749/1000,False,1/2,0.16643582483470559,ascending,1/1000,box,"1/1000,1003/3000,2003/3000,1",0.00068768712574850295,True,True,True
0.16000518200995995,False,False,False,"0,1/3,2/3,1",21/6080,0.255,False,False,False,"-1/200,197/600,397/600,199/200",True,2.7755575615628914e-17,2,5,0.10330992978936811,False,False,False,149/200,False,1/2,0.16551391173245611,ascending,1/200,box,"1/200,203/600,403/600,1",0.0034539473684210525,True,True,True
0.16365910388642704,False,False,False,"0,1/3,2/3,1",147/21160,0.26000000000000001,False,False,False,"-1/100,97/300,197/300,99/100",True,2.7755575615628914e-17,2,5,0.10663983903420524,False,False,False,37/50,False,1/2,0.16436482947385,ascending,1/100,box,"1/100,103/300,203/300,1",0.0069470699432892247,True,True,True
0.17103303293282635,False,False,False,"0,1/3,2/3,1",147/10460,0.27000000000000002,False,False,False,"-1/50,47/150,97/150,49/50",True,2.1684043449710089e-18,2,5,0.11336032388663968,False,False,False,73/100,False,1/2,0.16207793578712557,ascending,1/50,box,"1/50,53/150,103/150,1",0.014053537284894838,True,False,True
0.19369226429382072,False,False,False,"0,1/3,2/3,1",147/4040,0.29999999999999999,False,False,False,"-1/20,17/60,37/60,19/20",True,5.5511151231257827e-17,2,5,0.13402061855670103,False,False,False,7/10,False,1/2,0.15531224216171613,ascending,1/20,box,"1/20,23/60,43/60,1",0.036386138613861384,True,False,True
0.23330729144640958,False,False,False,"0,1/3,2/3,1",147/1900,0.34999999999999998,False,False,False,"-1/10,7/30,17/30,9/10",True,3.4694469519536142e-18,2,5,0.1702127659574468,False,False,False,13/20,False,1/2,0.14438870614035088,ascending,1/10,box,"1/10,13/30,23/30,1",0.077368421052631572,True,False,False
0.64590716392351699,False,False,False,"1,2/3,1/3,0",5/8,0.75,False,False,False,"1,2/3,1/3,0",False,0,2,5,0.625,False,False,False,1/4,False,1/2,0.0625,descending,0,box,"1,2/3,1/3,0",0.625,False,False,False
0.64717214139343104,False,False,False,"1,2/3,1/3,0",2503/3997,0.751,False,False,False,"999/1000,1997/3000,997/3000,-1/1000",True,0,2,5,0.62621966474856139,False,False,False,249/1000,False,1/2,0.06225,descending,1/1000,box,"1,2003/3000,1003/3000,1/1000",0.62621966474856139,False,False,False
0.65224425872079994,False,False,False,"1,2/3,1/3,0",503/797,0.755,False,False,False,"199/200,397/600,197/600,-1/200",True,5.5511151231257827e-17,2,5,0.6311166875784191,False,False,False,49/200,False,1/2,0.061250000000000054,descending,1/200,box,"1,403/600,203/600,1/200",0.6311166875784191,False,False,False
0.65861188184829178,False,False,False,"1,2/3,1/3,0",253/397,0.76000000000000001,False,False,False,"99/100,197/300,97/300,-1/100",True,2.7755575615628914e-17,2,5,0.63727959697732994,False,False,False,6/25,False,1/2,0.05999999999999997,descending,1/100,box,"1,203/300,103/300,1/100",0.63727959697732994,False,False,False
0.67143877040583189,False,False,False,"1,2/3,1/3,0",128/197,0.77000000000000002,False,False,False,"49/50,97/150,47/150,-1/50",True,2.7755575615628914e-17,2,5,0.64974619289340096,False,False,False,23/100,False,1/2,0.057499999999999996,descending,1/50,box,"1,103/150,53/150,1/50",0.64974619289340096,False,False,False
0.71065325290382853,False,False,False,"1,2/3,1/3,0",53/77,0.80000000000000004,False,False,False,"19/20,37/60,17/60,-1/20",True,1.3877787807814457e-17,2,5,0.68831168831168832,False,False,False,1/5,False,1/2,0.049999999999999989,descending,1/20,box,"1,43/60,23/60,1/20",0.68831168831168832,False,False,False
0.77845681194474825,False,False,False,"1,2/3,1/3,0",28/37,0.84999999999999998,False,False,False,"9/10,17/30,7/30,-1/10",True,2.7755575615628914e-17,2,5,0.7567567567567568,False,False,False,3/20,False,1/2,0.037500000000000006,descending,1/10,box,"1,23/30,13/30,1/10",0.7567567567567568,False,False,False
0.25401332535465643,False,False,False,"0,1,0,1",0,0.375,False,False,False,"0,1,0,1",False,0,2,5,0.19354838709677419,False,False,False,5/8,False,1/2,0.11874999999999999,alternating,0,box,"0,1,0,1",0,True,True,True
0.25485433822140979,False,False,False,"0,1,0,1",7/9490,0.376,False,False,False,"-1/1000,999/1000,-1/1000,999/1000",True,1.3877787807814457e-17,2,5,0.19431891542930924,False,False,False,78/125,False,1/2,0.11853749999999999,alternating,1/1000,box,"1/1000,1,1/1000,1",0.00073761854583772387,True,True,True
0.25822830742580355,False,False,False,"0,1,0,1",1/270,0.38,False,False,False,"-1/200,199/200,-1/200,199/200",True,6.5052130349130266e-19,2,5,0.19741100323624594,False,False,False,31/50,False,1/2,0.1176875,alternating,1/200,box,"1/200,1,1/200,1",0.0037037037037037038,True,True,True
0.26246815347662211,False,False,False,"0,1,0,1",7/940,0.38500000000000001,False,False,False,"-1/100,99/100,-1/100,99/100",True,1.3877787807814457e-17,2,5,0.20129870129870131,False,False,False,123/200,False,1/2,0.11662499999999999,alternating,1/100,box,"1/100,1,1/100,1",0.0074468085106382982,True,True,True
0.27102289983879635,False,False,False,"0,1,0,1",7/465,0.39500000000000002,False,False,False,"-1/50,49/50,-1/50,49/50",True,1.3877787807814457e-17,2,5,0.20915032679738563,False,False,False,121/200,False,1/2,0.11449999999999999,alternating,1/50,box,"1/50,1,1/50,1",0.015053763440860216,True,False,True
0.29729579571162507,False,False,False,"0,1,0,1",7/180,0.42499999999999999,False,False,False,"-1/20,19/20,-1/20,19/20",True,6.9388939039072284e-18,2,5,0.23333333333333334,False,False,False,23/40,False,1/2,0.108125,alternating,1/20,box,"1/20,1,1/20,1",0.03888888888888889,True,False,True
0.34316615958049329,False,False,False,"0,1,0,1",7/85,0.47499999999999998,False,False,False,"-1/10,9/10,-1/10,9/10",True,3.4694469519536142e-18,2,5,0.27586206896551724,False,False,False,21/40,False,1/2,0.097500000000000003,alternating,1/10,box,"1/10,1,1/10,1",0.082352941176470587,True,False,False
0.07051087399668686,True,False,False,"1,3/4,3/4,1",0,0.125,False,False,False,"1,3/4,3/4,1",False,0,2,5,0.050847457627118647,True,False,False,7/8,False,1/2,0.20703125,random_271,0,box,"1,3/4,3/4,1",0,True,True,True
0.071138143416301314,True,False,False,"1,3/4,3/4,1",5/8742,0.126,False,False,False,"999/1000,749/1000,749/1000,999/1000",True,1.3552527156068805e-19,2,5,0.05141771808438475,True,False,False,437/500,False,1/2,0.2067879954529856,random_271,1/1000,box,"1,751/1000,751/1000,1",0.00057195149851292616,True,True,True
0.073657716998908482,True,False,False,"1,3/4,3/4,1",5/1742,0.13,False,False,False,"199/200,149/200,149/200,199/200",True,6.5052130349130266e-19,2,5,0.053704962610469066,True,False,False,87/100,False,1/2,0.20581596225602755,random_271,1/200,box,"1,151/200,151/200,1",0.0028702640642939152,True,True,True
0.076830870881247182,True,False,False,"1,3/4,3/4,1",5/867,0.13500000000000001,False,False,False,"99/100,37/50,37/50,99/100",True,2.7755575615628914e-17,2,5,0.056578050443081118,True,False,False,173/200,False,1/2,0.20460315743944635,random_271,1/100,box,"1,19/25,19/25,1",0.0057670126874279125,True,True,True
0.083256574647559159,True,False,False,"1,3/4,3/4,1",10/859,0.14499999999999999,False,False,False,"49/50,73/100,73/100,49/50",True,2.7755575615628914e-17,2,5,0.062371487320082249,True,False,False,171/200,False,1/2,0.20218513533178112,random_271,1/50,box,"1,77/100,77/100,1",0.011641443538998836,True,False,True
0.10317665913580508,False,False,False,"1,3/4,3/4,1",5/167,0.17499999999999999,False,False,False,"19/20,7/10,7/10,19/20",True,2.7755575615628914e-17,2,5,0.080139372822299645,True,False,False,33/40,False,1/2,0.19499438622754489,random_271,1/20,box,"1,4/5,4/5,1",0.029940119760479042,True,False,True
0.13853657622188389,False,False,False,"1,3/4,3/4,1",10/159,0.22500000000000001,False,False,False,"9/10,13/20,13/20,9/10",True,6.9388939039072284e-18,2,5,0.1111111111111111,False,False,False,31/40,False,1/2,0.18323997641509435,random_271,1/10,box,"1,17/20,17/20,1",0.062893081761006289,True,False,False
0.24100048026215476,False,False,False,"0,3/4,1/2,3/4",14/81,0.359375,False,False,False,"0,3/4,1/2,3/4",True,2.7755575615628914e-17,2,5,0.20542635658914729,False,False,False,41/64,True,1/2,0.15358796296296298,random_811,0,box,"0,3/4,1/2,3/4",0.1728395061728395,False,False,False
0.24182613260585617,False,False,False,"0,3/4,1/2,3/4",251/1445,0.360375,False,False,False,"-1/1000,749/1000,499/1000,749/1000",True,0,2,5,0.20617437170338193,False,False,False,5117/8000,True,1/2,0.15336518166089966,random_811,1/1000,box,"1/1000,751/1000,501/1000,751/1000",0.17370242214532872,False,False,False
0.24513851350364643,False,False,False,"0,3/4,1/2,3/4",357/2015,0.364375,False,False,False,"-1/200,149/200,99/200,149/200",True,0,2,5,0.20917573872472783,False,False,False,1017/1600,True,1/2,0.15247534119106701,random_811,1/200,box,"1/200,151/200,101/200,151/200",0.1771712158808933,False,False,False
0.24930104604279138,False,False,False,"0,3/4,1/2,3/4",364/2005,0.36937500000000001,False,False,False,"-1/100,37/50,49/100,37/50",True,0,2,5,0.21294851794071762,False,False,False,1009/1600,True,1/2,0.15136596009975062,random_811,1/100,box,"1/100,19/25,51/100,19/25",0.18154613466334166,False,False,False
0.25770007729646699,False,False,False,"0,3/4,1/2,3/4",378/1985,0.37937500000000002,False,False,False,"-1/50,73/100,12/25,73/100",True,2.7755575615628914e-17,2,5,0.22056514913657771,False,False,False,993/1600,True,1/2,0.14915711586901761,random_811,1/50,box,"1/50,77/100,13/25,77/100",0.19042821158690176,False,False,False
0.28349724333733362,False,False,False,"0,3/4,1/2,3/4",12/55,0.40937499999999999,False,False,False,"-1/20,7/10,9/20,7/10",True,6.9388939039072284e-18,2,5,0.24399999999999999,False,False,False,189/320,True,1/2,0.14261363636363636,random_811,1/20,box,"1/20,4/5,11/20,4/5",0.21818181818181817,False,False,False
0.32854707772315378,False,False,False,"0,3/4,1/2,3/4",98/365,0.45937499999999998,False,False,False,"-1/10,13/20,2/5,13/20",True,0,2,5,0.28512396694214875,False,False,False,173/320,True,1/2,0.13201198630136987,random_811,1/10,box,"1/10,17/20,3/5,17/20",0.26849315068493151,False,False,False
0.65582228931976183,False,False,False,"0,1,1/4,0",269/424,0.7578125,False,False,False,"0,1,1/4,0",False,2.7755575615628914e-17,2,5,0.63443396226415094,False,False,False,31/128,False,1/2,0.060546875000000028,random_1619,0,box,"0,1,1/4,0",0.63443396226415094,False,False,False
0.65709680629021006,False,False,False,"0,1,1/4,0",6733/10592,0.7588125,False,False,False,"-1/1000,999/1000,249/1000,-1/1000",True,2.7755575615628914e-17,2,5,0.63566842900302112,False,False,False,3859/16000,False,1/2,0.060296875000000028,random_1619,1/1000,box,"1/1000,1,251/1000,1/1000",0.63566842900302112,False,False,False
0.66220709126982991,False,False,False,"0,1,1/4,0",41/64,0.7628125,False,False,False,"-1/200,199/200,49/200,-1/200",True,2.7755575615628914e-17,2,5,0.640625,False,False,False,759/3200,False,1/2,0.059296875000000027,random_1619,1/200,box,"1/200,1,51/200,1/200",0.640625,False,False,False
0.66862244384229119,False,False,False,"0,1,1/4,0",1361/2104,0.76781250000000001,False,False,False,"-1/100,99/100,6/25,-1/100",True,0,2,5,0.64686311787072248,False,False,False,743/3200,False,1/2,0.058046874999999998,random_1619,1/100,box,"1/100,1,13/50,1/100",0.64686311787072248,False,False,False
0.68154484592006914,False,False,False,"0,1,1/4,0",153/232,0.77781250000000002,False,False,False,"-1/50,49/50,23/100,-1/50",True,2.0816681711721685e-17,2,5,0.65948275862068961,False,False,False,711/3200,False,1/2,0.055546875000000023,random_1619,1/50,box,"1/50,1,27/100,1/50",0.65948275862068961,False,False,False
0.7210460847236293,False,False,False,"0,1,1/4,0",95/136,0.80781250000000004,False,False,False,"-1/20,19/20,1/5,-1/20",True,2.7755575615628914e-17,2,5,0.69852941176470584,False,False,False,123/640,False,1/2,0.048046875000000017,random_1619,1/20,box,"1/20,1,3/10,1/20",0.69852941176470584,False,False,False
0.789326812844098,False,False,False,"0,1,1/4,0",43/56,0.85781249999999998,False,False,False,"-1/10,9/10,3/20,-1/10",True,2.7755575615628914e-17,2,5,0.7678571428571429,False,False,False,91/640,False,1/2,0.035546874999999978,random_1619,1/10,box,"1/10,1,7/20,1/10",0.7678571428571429,False,False,False
1,False,False,False,"0,0,0,0",1,1,False,False,False,"0,0,0,0",True,0,1,5,1,False,False,False,0,True,9/10,,constant_0,0,box,"0,0,0,0",1,False,False,False
1,False,False,False,"0,0,0,0",1,1,False,False,False,"-1/1000,-1/1000,-1/1000,-1/1000",True,5.5077470362263625e-17,1,5,1,False,False,False,-1/1000,True,9/10,,constant_0,1/1000,box,"1/1000,1/1000,1/1000,1/1000",1,False,False,False
1,False,False,False,"0,0,0,0",1,1,False,False,False,"-1/200,-1/200,-1/200,-1/200",True,5.3342746886286818e-17,1,5,1,False,False,False,-1/200,True,9/10,,constant_0,1/200,box,"1/200,1/200,1/200,1/200",1,False,False,False
1,False,False,False,"0,0,0,0",1,1,False,False,False,"-1/100,-1/100,-1/100,-1/100",True,4.3368086899420177e-18,1,5,1,False,False,False,-1/100,True,9/10,,constant_0,1/100,box,"1/100,1/100,1/100,1/100",1,False,False,False
1,False,False,False,"0,0,0,0",1,1,False,False,False,"-1/50,-1/50,-1/50,-1/50",True,8.6736173798840355e-18,1,5,1,False,False,False,-1/50,True,9/10,,constant_0,1/50,box,"1/50,1/50,1/50,1/50",1,False,False,False
1,False,False,False,"0,0,0,0",1,1,False,False,False,"-1/20,-1/20,-1/20,-1/20",True,2.0816681711721685e-17,1,5,1,False,False,False,-1/20,True,9/10,,constant_0,1/20,box,"1/20,1/20,1/20,1/20",1,False,False,False
1,False,False,False,"0,0,0,0",1,1,False,False,False,"-1/10,-1/10,-1/10,-1/10",True,1.3877787807814457e-17,1,5,1,False,False,False,-1/10,True,9/10,,constant_0,1/10,box,"1/10,1/10,1/10,1/10",1,False,False,False
0.82567216837665758,False,False,False,"1/10,1/10,1/10,1/10",9/11,0.90000000000000002,False,False,False,"1/10,1/10,1/10,1/10",True,2.7755575615628914e-17,2,5,0.81818181818181823,False,False,False,1/10,True,9/10,0.024999999999999994,constant_1/10,0,box,"1/10,1/10,1/10,1/10",0.81818181818181823,False,False,False
0.82727279737696513,False,False,False,"1/10,1/10,1/10,1/10",901/1099,0.90100000000000002,False,False,False,"99/1000,99/1000,99/1000,99/1000",True,6.9388939039072284e-18,2,5,0.81983621474067336,False,False,False,99/1000,True,9/10,0.024749999999999994,constant_1/10,1/1000,box,"101/1000,101/1000,101/1000,101/1000",0.81983621474067336,False,False,False
0.83370186106504518,False,False,False,"1/10,1/10,1/10,1/10",181/219,0.90500000000000003,False,False,False,"19/200,19/200,19/200,19/200",True,2.7755575615628914e-17,2,5,0.82648401826484019,False,False,False,19/200,True,9/10,0.023749999999999993,constant_1/10,1/200,box,"21/200,21/200,21/200,21/200",0.82648401826484019,False,False,False
0.84179842038654118,False,False,False,"1/10,1/10,1/10,1/10",91/109,0.91000000000000003,False,False,False,"9/100,9/100,9/100,9/100",True,2.0816681711721685e-17,2,5,0.83486238532110091,False,False,False,9/100,True,9/10,0.02250000000000002,constant_1/10,1/100,box,"11/100,11/100,11/100,11/100",0.83486238532110091,False,False,False
0.85819550794377297,False,False,False,"1/10,1/10,1/10,1/10",23/27,0.92000000000000004,False,False,False,"2/25,2/25,2/25,2/25",True,1.0408340855860843e-17,2,5,0.85185185185185186,False,False,False,2/25,True,9/10,0.01999999999999999,constant_1/10,1/50,box,"3/25,3/25,3/25,3/25",0.85185185185185186,False,False,False
0.90908177617038377,False,False,False,"1/10,1/10,1/10,1/10",19/21,0.94999999999999996,False,False,False,"1/20,1/20,1/20,1/20",True,1.7347234759768071e-17,2,5,0.90476190476190477,False,False,False,1/20,True,9/10,0.012499999999999983,constant_1/10,1/20,box,"3/20,3/20,3/20,3/20",0.90476190476190477,False,False,False
1,False,False,False,"1/10,1/10,1/10,1/10",1,1,False,False,False,"0,0,0,0",True,0,1,5,1,False,False,False,0,True,9/10,,constant_1/10,1/10,box,"1/5,1/5,1/5,1/5",1,False,False,False
0.34480262155159275,False,False,False,"1/2,1/2,1/2,1/2",1/3,0.5,False,False,False,"1/2,1/2,1/2,1/2",True,0,2,5,0.33333333333333331,False,False,False,1/2,True,9/10,0.125,constant_1/2,0,box,"1/2,1/2,1/2,1/2",0.33333333333333331,False,False,False
0.34570683797455731,False,False,False,"1/2,1/2,1/2,1/2",501/1499,0.501,False,False,False,"499/1000,499/1000,499/1000,499/1000",True,1.3877787807814457e-17,2,5,0.33422281521014008,False,False,False,499/1000,True,9/10,0.12475,constant_1/2,1/1000,box,"501/1000,501/1000,501/1000,501/1000",0.33422281521014008,False,False,False
0.34933496518304413,False,False,False,"1/2,1/2,1/2,1/2",101/299,0.505,False,False,False,"99/200,99/200,99/200,99/200",True,0,2,5,0.33779264214046822,False,False,False,99/200,True,9/10,0.12375,constant_1/2,1/200,box,"101/200,101/200,101/200,101/200",0.33779264214046822,False,False,False
0.3538956208868651,False,False,False,"1/2,1/2,1/2,1/2",51/149,0.51000000000000001,False,False,False,"49/100,49/100,49/100,49/100",True,2.7755575615628914e-17,2,5,0.34228187919463088,False,False,False,49/100,True,9/10,0.12250000000000003,constant_1/2,1/100,box,"51/100,51/100,51/100,51/100",0.34228187919463088,False,False,False
0.36310293631955354,False,False,False,"1/2,1/2,1/2,1/2",13/37,0.52000000000000002,False,False,False,"12/25,12/25,12/25,12/25",True,1.3877787807814457e-17,2,5,0.35135135135135137,False,False,False,12/25,True,9/10,0.12000000000000001,constant_1/2,1/50,box,"13/25,13/25,13/25,13/25",0.35135135135135137,False,False,False
0.39143275106766184,False,False,False,"1/2,1/2,1/2,1/2",11/29,0.55000000000000004,False,False,False,"9/20,9/20,9/20,9/20",True,2.7755575615628914e-17,2,5,0.37931034482758619,False,False,False,9/20,True,9/10,0.11249999999999999,constant_1/2,1/20,box,"11/20,11/20,11/20,11/20",0.37931034482758619,False,False,False
0.44114922729414824,False,False,False,"1/2,1/2,1/2,1/2",3/7,0.59999999999999998,False,False,False,"2/5,2/5,2/5,2/5",True,0,2,5,0.42857142857142855,False,False,False,2/5,True,9/10,0.10000000000000001,constant_1/2,1/10,box,"3/5,3/5,3/5,3/5",0.42857142857142855,False,False,False
0.053940045839898962,True,False,False,"9/10,9/10,9/10,9/10",1/19,0.10000000000000001,True,False,False,"9/10,9/10,9/10,9/10",True,2.7755575615628914e-17,2,5,0.052631578947368418,True,False,False,9/10,True,9/10,0.22499999999999998,constant_9/10,0,box,"9/10,9/10,9/10,9/10",0.052631578947368418,True,False,False
0.054519838460367294,True,False,False,"9/10,9/10,9/10,9/10",101/1899,0.10100000000000001,False,False,False,"899/1000,899/1000,899/1000,899/1000",True,8.6736173798840355e-18,2,5,0.053185887309110058,True,False,False,899/1000,True,9/10,0.22475000000000001,constant_9/10,1/1000,box,"901/1000,901/1000,901/1000,901/1000",0.053185887309110058,True,False,False
0.056847399246150176,True,False,False,"9/10,9/10,9/10,9/10",21/379,0.105,False,False,False,"179/200,179/200,179/200,179/200",True,1.7347234759768071e-18,2,5,0.055408970976253295,True,False,False,179/200,True,9/10,0.22375,constant_9/10,1/200,box,"181/200,181/200,181/200,181/200",0.055408970976253295,True,False,False
0.059775812715313036,True,False,False,"9/10,9/10,9/10,9/10",11/189,0.11,False,False,False,"89/100,89/100,89/100,89/100",True,2.7755575615628914e-17,2,5,0.058201058201058198,True,False,False,89/100,True,9/10,0.22249999999999998,constant_9/10,1/100,box,"91/100,91/100,91/100,91/100",0.058201058201058198,True,False,False
0.0656963817651815,True,False,False,"9/10,9/10,9/10,9/10",3/47,0.12,False,False,False,"22/25,22/25,22/25,22/25",True,0,2,5,0.063829787234042548,True,False,False,22/25,True,9/10,0.22,constant_9/10,1/50,box,"23/25,23/25,23/25,23/25",0.063829787234042548,True,False,False
0.083978125442932039,True,False,False,"9/10,9/10,9/10,9/10",3/37,0.14999999999999999,False,False,False,"17/20,17/20,17/20,17/20",True,6.9388939039072284e-18,2,5,0.081081081081081086,True,False,False,17/20,True,9/10,0.21249999999999999,constant_9/10,1/20,box,"19/20,19/20,19/20,19/20",0.081081081081081086,True,False,False
0.11624801137196382,False,False,False,"9/10,9/10,9/10,9/10",1/9,0.20000000000000001,False,False,False,"4/5,4/5,4/5,4/5",True,6.9388939039072284e-18,2,5,0.1111111111111111,False,False,False,4/5,True,9/10,0.20000000000000001,constant_9/10,1/10,box,"1,1,1,1",0.1111111111111111,False,False,False
0,True,True,True,"1,1,1,1",0,0,True,True,True,"1,1,1,1",False,0,2,5,0,True,True,True,1,False,9/10,0.25,constant_1,0,box,"1,1,1,1",0,True,True,True
0.00050051889048093306,True,True,True,"1,1,1,1",1/1999,0.001,True,True,True,"999/1000,999/1000,999/1000,999/1000",True,2.7755575615628914e-17,2,5,0.00050025012506253123,True,True,True,999/1000,False,9/10,0.24975000000000003,constant_1,1/1000,box,"1,1,1,1",0.00050025012506253123,True,True,True
0.0025124648496022465,True,True,True,"1,1,1,1",1/399,0.0050000000000000001,True,True,True,"199/200,199/200,199/200,199/200",True,9.7578195523695399e-19,2,5,0.0025062656641604009,True,True,True,199/200,False,9/10,0.24875,constant_1,1/200,box,"1,1,1,1",0.0025062656641604009,True,True,True
0.0050492537140141873,True,True,True,"1,1,1,1",1/199,0.01,True,True,True,"99/100,99/100,99/100,99/100",True,2.1684043449710089e-18,2,5,0.0050251256281407036,True,True,True,99/100,False,9/10,0.2475,constant_1,1/100,box,"1,1,1,1",0.0050251256281407036,True,True,True
0.010172177141810663,True,False,True,"1,1,1,1",1/99,0.02,True,False,True,"49/50,49/50,49/50,49/50",True,4.3368086899420177e-18,2,5,0.010101010101010102,True,False,True,49/50,False,9/10,0.245,constant_1,1/50,box,"1,1,1,1",0.010101010101010102,True,False,True
0.025993932657399868,True,False,True,"1,1,1,1",1/39,0.050000000000000003,True,False,True,"19/20,19/20,19/20,19/20",True,2.7755575615628914e-17,2,5,0.02564102564102564,True,False,True,19/20,False,9/10,0.23749999999999996,constant_1,1/20,box,"1,1,1,1",0.02564102564102564,True,False,True
0.053940045839898962,True,False,False,"1,1,1,1",1/19,0.10000000000000001,True,False,False,"9/10,9/10,9/10,9/10",True,2.7755575615628914e-17,2,5,0.052631578947368418,True,False,False,9/10,False,9/10,0.22499999999999998,constant_1,1/10,box,"1,1,1,1",0.052631578947368418,True,False,False
0.025993932657399868,True,False,True,"0,1/3,2/3,1",0,0.050000000000000003,True,False,True,"0,1/3,2/3,1",False,0,2,5,0.017241379310344827,True,False,True,19/20,False,9/10,0.23333333333333334,ascending,0,box,"0,1/3,2/3,1",0,True,True,True
0.02653326050164273,True,False,True,"0,1/3,2/3,1",27147/52264000,0.050999999999999997,True,False,False,"-1/1000,997/3000,1997/3000,999/1000",True,2.7755575615628914e-17,2,5,0.017767810936691393,True,False,True,949/1000,False,9/10,0.23308380707338383,ascending,1/1000,box,"1/1000,1003/3000,2003/3000,1",0.00051942063370580131,True,True,True
0.028698401991495526,True,False,True,"0,1/3,2/3,1",27147/10428800,0.055,True,False,False,"-1/200,197/600,397/600,199/200",True,2.7755575615628914e-17,2,5,0.019878997407087293,True,False,True,189/200,False,9/10,0.23208584398173004,ascending,1/200,box,"1/200,203/600,403/600,1",0.0026030799324946305,True,True,True
0.031422530169599679,True,False,True,"0,1/3,2/3,1",27147/5199400,0.059999999999999998,True,False,False,"-1/100,97/300,197/300,99/100",True,1.951563910473908e-18,2,5,0.022530329289428077,True,False,True,47/50,False,9/10,0.23083871134329603,ascending,1/100,box,"1/100,103/300,203/300,1",0.0052211793668500211,True,True,True
0.036930321013313193,True,False,True,"0,1/3,2/3,1",27147/2584700,0.070000000000000007,True,False,False,"-1/50,47/150,97/150,49/50",True,2.7755575615628914e-17,2,5,0.027874564459930314,True,False,True,93/100,False,9/10,0.22834552862679097,ascending,1/50,box,"1/50,53/150,103/150,1",0.010502959724532827,True,False,True
0.053940045839898962,True,False,False,"0,1/3,2/3,1",27147/1015880,0.10000000000000001,True,False,False,"-1/20,17/60,37/60,19/20",True,5.5511151231257827e-17,2,5,0.044247787610619468,True,False,True,9/10,False,9/10,0.22087487113799525,ascending,1/20,box,"1/20,23/60,43/60,1",0.026722644406819703,True,False,True
0.083978125442932039,True,False,False,"0,1/3,2/3,1",27147/492940,0.14999999999999999,False,False,False,"-1/10,7/30,17/30,9/10",True,2.7755575615628914e-17,2,5,0.072727272727272724,True,False,False,17/20,False,9/10,0.20845503409813232,ascending,1/10,box,"1/10,13/30,23/30,1",0.055071611149429954,True,False,False
0.90908177617038377,False,False,False,"1,2/3,1/3,0",29/32,0.94999999999999996,False,False,False,"1,2/3,1/3,0",False,1.0408340855860843e-17,2,5,0.90625,False,False,False,1/20,False,9/10,0.012500000000000011,descending,0,box,"1,2/3,1/3,0",0.90625,False,False,False
0.91082332061903304,False,False,False,"1,2/3,1/3,0",2903/3197,0.95099999999999996,False,False,False,"999/1000,1997/3000,997/3000,-1/1000",True,2.7755575615628914e-17,2,5,0.90803878636221458,False,False,False,49/1000,False,9/10,0.012250000000000011,descending,1/1000,box,"1,2003/3000,1003/3000,1/1000",0.90803878636221458,False,False,False
0.91781963279971368,False,False,False,"1,2/3,1/3,0",583/637,0.95499999999999996,False,False,False,"199/200,397/600,197/600,-1/200",True,3.8163916471489756e-17,2,5,0.9152276295133438,False,False,False,9/200,False,9/10,0.011250000000000038,descending,1/200,box,"1,403/600,203/600,1/200",0.9152276295133438,False,False,False
0.92663341454360826,False,False,False,"1,2/3,1/3,0",293/317,0.95999999999999996,False,False,False,"99/100,197/300,97/300,-1/100",True,8.6736173798840355e-18,2,5,0.9242902208201893,False,False,False,1/25,False,9/10,0.010000000000000009,descending,1/100,box,"1,203/300,103/300,1/100",0.9242902208201893,False,False,False
0.94449274644962333,False,False,False,"1,2/3,1/3,0",148/157,0.96999999999999997,False,False,False,"49/50,97/150,47/150,-1/50",True,6.9388939039072284e-18,2,5,0.9426751592356688,False,False,False,3/100,False,9/10,0.0075000000000000067,descending,1/50,box,"1,103/150,53/150,1/50",0.9426751592356688,False,False,False
1,False,False,False,"1,2/3,1/3,0",1,1,False,False,False,"19/20,37/60,17/60,-1/20",True,0,1,5,1,False,False,False,0,False,9/10,,descending,1/20,box,"1,43/60,23/60,1/20",1,False,False,False
1,False,False,False,"1,2/3,1/3,0",1,1,False,False,False,"9/10,17/30,7/30,-1/10",True,2.0816681711721685e-17,1,5,1,False,False,False,-1/20,False,9/10,,descending,1/10,box,"1,23/30,13/30,1/10",1,False,False,False
0.072308294789985461,True,False,False,"0,1,0,1",0,0.13100000000000001,False,False,False,"0,1,0,1",False,0,2,5,0.049442135200175014,True,False,True,869/1000,False,9/10,0.20594999999999999,alternating,0,box,"0,1,0,1",0,True,True,True
0.072914584931587881,True,False,False,"0,1,0,1",1137/2058250,0.13200000000000001,False,False,False,"-1/1000,999/1000,-1/1000,999/1000",True,2.7755575615628914e-17,2,5,0.050016416766991353,True,False,False,217/250,False,9/10,0.20571129999999999,alternating,1/1000,box,"1/1000,1,1/1000,1",0.00055241102878659056,True,True,True
0.075348483830117843,True,False,False,"0,1,0,1",1137/410650,0.13600000000000001,False,False,False,"-1/200,199/200,-1/200,199/200",True,9.7578195523695399e-19,2,5,0.05231984205330701,True,False,False,108/125,False,9/10,0.20475650000000001,alternating,1/200,box,"1/200,1,1/200,1",0.0027687812005357361,True,True,True
0.078410602637711574,True,False,False,"0,1,0,1",1137/204700,0.14099999999999999,False,False,False,"-1/100,99/100,-1/100,99/100",True,1.951563910473908e-18,2,5,0.055213374395072588,True,False,False,859/1000,False,9/10,0.20356299999999999,alternating,1/100,box,"1/100,1,1/100,1",0.005554469956033219,True,True,True
0.084601188327055502,True,False,False,"0,1,0,1",1137/101725,0.151,False,False,False,"-1/50,49/50,-1/50,49/50",True,2.7755575615628914e-17,2,5,0.061048440610484409,True,False,False,849/1000,False,9/10,0.20117600000000002,alternating,1/50,box,"1/50,1,1/50,1",0.011177193413615139,True,False,True
0.10371373804689764,False,False,False,"0,1,0,1",1137/39940,0.18099999999999999,False,False,False,"-1/20,19/20,-1/20,19/20",True,2.7755575615628914e-17,2,5,0.078947368421052627,True,False,False,819/1000,False,9/10,0.19401499999999997,alternating,1/20,box,"1/20,1,1/20,1",0.028467701552328493,True,False,True
0.13650372872581004,False,False,False,"0,1,0,1",1137/19345,0.23100000000000001,False,False,False,"-1/10,9/10,-1/10,9/10",True,2.7755575615628914e-17,2,5,0.11015968525804212,False,False,False,769/1000,False,9/10,0.18208000000000002,alternating,1/10,box,"1/10,1,1/10,1",0.058774877229258206,True,False,False
0.017997087119101536,True,False,True,"1,3/4,3/4,1",0,0.035000000000000003,True,False,True,"1,3/4,3/4,1",False,0,2,5,0.012156110044785669,True,False,True,193/200,False,9/10,0.23828125,random_271,0,box,"1,3/4,3/4,1",0,True,True,True
0.018524819776184403,True,False,True,"1,3/4,3/4,1",181/352550,0.035999999999999997,True,False,True,"999/1000,749/1000,749/1000,999/1000",True,2.1684043449710089e-19,2,5,0.012674433491230316,True,False,True,241/250,False,9/10,0.23803156830591404,random_271,1/1000,box,"1,751/1000,751/1000,1",0.00051340235427598923,True,True,True
0.020643414009516838,True,False,True,"1,3/4,3/4,1",181/70350,0.040000000000000001,True,False,True,"199/200,149/200,149/200,199/200",True,2.7755575615628914e-17,2,5,0.014753046824887749,True,False,True,24/25,False,9/10,0.23703298018834401,random_271,1/200,box,"1,151/200,151/200,1",0.0025728500355366025,True,True,True
0.023308982973632281,True,False,True,"1,3/4,3/4,1",181/35075,0.044999999999999998,True,False,True,"99/100,37/50,37/50,99/100",True,1.951563910473908e-18,2,5,0.017363344051446947,True,False,True,191/200,False,9/10,0.23578505880256592,random_271,1/100,box,"1,19/25,19/25,1",0.005160370634354954,True,True,True
0.028698401991495526,True,False,True,"1,3/4,3/4,1",362/34875,0.055,True,False,False,"49/50,73/100,73/100,49/50",True,2.7755575615628914e-17,2,5,0.022624434389140271,True,False,True,189/200,False,9/10,0.23329027329749102,random_271,1/50,box,"1,77/100,77/100,1",0.010379928315412186,True,False,True
0.045342941054132058,True,False,True,"1,3/4,3/4,1",181/6855,0.085000000000000006,True,False,False,"19/20,7/10,7/10,19/20",True,1.1275702593849246e-17,2,5,0.038739330269205514,True,False,True,183/200,False,9/10,0.22581459700948214,random_271,1/20,box,"1,4/5,4/5,1",0.026404084609773889,True,False,True
0.074738696116418438,True,False,False,"1,3/4,3/4,1",362/6655,0.13500000000000001,False,False,False,"9/10,13/20,13/20,9/10",True,3.4694469519536142e-18,2,5,0.066756574511126099,True,False,False,173/200,False,9/10,0.21338563580015027,random_271,1/10,box,"1,17/20,17/20,1",0.054395191585274227,True,False,False
0.17190164545821141,False,False,False,"0,3/4,1/2,3/4",758/5087,0.28287499999999999,False,False,False,"0,3/4,1/2,3/4",True,2.7755575615628914e-17,2,5,0.15973402073935203,False,False,False,5737/8000,True,9/10,0.17699256437979161,random_811,0,box,"0,3/4,1/2,3/4",0.14900727344210732,False,False,False
0.17260376356430887,False,False,False,"0,3/4,1/2,3/4",285387/1906375,0.28387499999999999,False,False,False,"-1/1000,749/1000,499/1000,749/1000",True,0,2,5,0.16041385778767805,False,False,False,5729/8000,True,9/10,0.17674695156383188,random_811,1/1000,box,"1/1000,751/1000,501/1000,751/1000",0.1497013966297292,False,False,False
0.17541993897260502,False,False,False,"0,3/4,1/2,3/4",57987/380275,0.28787499999999999,False,False,False,"-1/200,149/200,99/200,149/200",True,2.7755575615628914e-17,2,5,0.16314119513484929,False,False,False,5697/8000,True,9/10,0.17576470656104137,random_811,1/200,box,"1/200,151/200,101/200,151/200",0.15248701597528105,False,False,False
0.17895758528193234,False,False,False,"0,3/4,1/2,3/4",59124/379025,0.292875,False,False,False,"-1/100,37/50,49/100,37/50",True,2.7755575615628914e-17,2,5,0.16656844834698567,False,False,False,5657/8000,True,9/10,0.17453736745597254,random_811,1/100,box,"1/100,19/25,51/100,19/25",0.15598971044126378,False,False,False
0.18609157853234537,False,False,False,"0,3/4,1/2,3/4",61398/376525,0.30287500000000001,False,False,False,"-1/50,73/100,12/25,73/100",True,2.7755575615628914e-17,2,5,0.1734839053885826,False,False,False,5577/8000,True,9/10,0.17208426605139099,random_811,1/50,box,"1/50,77/100,13/25,77/100",0.16306486953057567,False,False,False
0.20797504888398013,False,False,False,"0,3/4,1/2,3/4",13644/73805,0.33287499999999998,False,False,False,"-1/20,7/10,9/20,7/10",True,2.7755575615628914e-17,2,5,0.19473112438891907,False,False,False,5337/8000,True,9/10,0.16473796084276129,random_811,1/20,box,"1/20,4/5,11/20,4/5",0.18486552401598808,False,False,False
0.24613606137111732,False,False,False,"0,3/4,1/2,3/4",15918/71305,0.38287500000000002,False,False,False,"-1/10,13/20,2/5,13/20",True,0,2,5,0.23190615470782253,False,False,False,4937/8000,True,9/10,0.1525401833672253,random_811,1/10,box,"1/10,17/20,3/5,17/20",0.22323820208961503,False,False,False
0.92320900092583047,False,False,False,"0,1,1/4,0",38909/42264,0.95806250000000004,False,False,False,"0,1,1/4,0",False,1.0408340855860843e-17,2,5,0.92061802006435733,False,False,False,671/16000,False,9/10,0.01048437499999999,random_1619,0,box,"0,1,1/4,0",0.92061802006435733,False,False,False
0.92497500160372093,False,False,False,"0,1,1/4,0",38949/42224,0.95906250000000004,False,False,False,"-1/1000,999/1000,249/1000,-1/1000",True,4.5102810375396984e-17,2,5,0.92243747631678663,False,False,False,131/3200,False,9/10,0.010234375000000046,random_1619,1/1000,box,"1/1000,1,251/1000,1/1000",0.92243747631678663,False,False,False
0.93206977652137002,False,False,False,"0,1,1/4,0",39109/42064,0.96306250000000004,False,False,False,"-1/200,199/200,49/200,-1/200",True,4.5102810375396984e-17,2,5,0.92974990490680864,False,False,False,591/16000,False,9/10,0.0092343750000000446,random_1619,1/200,box,"1/200,1,51/200,1/200",0.92974990490680864,False,False,False
0.94100808849581974,False,False,False,"0,1,1/4,0",39309/41864,0.96806250000000005,False,False,False,"-1/100,99/100,6/25,-1/100",True,1.5612511283791264e-17,2,5,0.93896904261417924,False,False,False,511/16000,False,9/10,0.0079843750000000158,random_1619,1/100,box,"1/100,1,13/50,1/100",0.93896904261417924,False,False,False
0.95912142841942127,False,False,False,"0,1,1/4,0",39709/41464,0.97806249999999995,False,False,False,"-1/50,49/50,23/100,-1/50",True,1.3877787807814457e-17,2,5,0.95767412695350185,False,False,False,351/16000,False,9/10,0.0054843750000000135,random_1619,1/50,box,"1/50,1,27/100,1/50",0.95767412695350185,False,False,False
1,False,False,False,"0,1,1/4,0",1,1,False,False,False,"-1/20,19/20,1/5,-1/20",True,1.3877787807814457e-17,1,5,1,False,False,False,-129/16000,False,9/10,,random_1619,1/20,box,"1/20,1,3/10,1/20",1,False,False,False
1,False,False,False,"0,1,1/4,0",1,1,False,False,False,"-1/10,9/10,3/20,-1/10",True,6.9388939039072284e-18,1,5,1,False,False,False,-929/16000,False,9/10,,random_1619,1/10,box,"1/10,1,7/20,1/10",1,False,False,False
1,False,False,False,"0,0,0,0,0,0,0",1,1,False,False,False,"0,0,0,0,0,0,0",True,0,1,8,1,False,False,False,0,True,1/10,,constant_0,0,box,"0,0,0,0,0,0,0",1,False,False,False
1,False,False,False,"0,0,0,0,0,0,0",1,1,False,False,False,"-1/1000,-1/1000,-1/1000,-1/1000,-1/1000,-1/1000,-1/1000",True,5.5077470362263625e-17,1,8,1,False,False,False,-1/1000,True,1/10,,constant_0,1/1000,box,"1/1000,1/1000,1/1000,1/1000,1/1000,1/1000,1/1000",1,False,False,False
1,False,False,False,"0,0,0,0,0,0,0",1,1,False,False,False,"-1/200,-1/200,-1/200,-1/200,-1/200,-1/200,-1/200",True,5.3342746886286818e-17,1,8,1,False,False,False,-1/200,True,1/10,,constant_0,1/200,box,"1/200,1/200,1/200,1/200,1/200,1/200,1/200",1,False,False,False
1,False,False,False,"0,0,0,0,0,0,0",1,1,False,False,False,"-1/100,-1/100,-1/100,-1/100,-1/100,-1/100,-1/100",True,4.3368086899420177e-18,1,8,1,False,False,False,-1/100,True,1/10,,constant_0,1/100,box,"1/100,1/100,1/100,1/100,1/100,1/100,1/100",1,False,False,False
1,False,False,False,"0,0,0,0,0,0,0",1,1,False,False,False,"-1/50,-1/50,-1/50,-1/50,-1/50,-1/50,-1/50",True,8.6736173798840355e-18,1,8,1,False,False,False,-1/50,True,1/10,,constant_0,1/50,box,"1/50,1/50,1/50,1/50,1/50,1/50,1/50",1,False,False,False
1,False,False,False,"0,0,0,0,0,0,0",1,1,False,False,False,"-1/20,-1/20,-1/20,-1/20,-1/20,-1/20,-1/20",True,2.0816681711721685e-17,1,8,1,False,False,False,-1/20,True,1/10,,constant_0,1/20,box,"1/20,1/20,1/20,1/20,1/20,1/20,1/20",1,False,False,False
1,False,False,False,"0,0,0,0,0,0,0",1,1,False,False,False,"-1/10,-1/10,-1/10,-1/10,-1/10,-1/10,-1/10",True,1.3877787807814457e-17,1,8,1,False,False,False,-1/10,True,1/10,,constant_0,1/10,box,"1/10,1/10,1/10,1/10,1/10,1/10,1/10",1,False,False,False
0.86270375844778735,False,False,False,"1/10,1/10,1/10,1/10,1/10,1/10,1/10",9/11,0.90000000000000002,False,False,False,"1/10,1/10,1/10,1/10,1/10,1/10,1/10",True,2.7755575615628914e-17,2,8,0.81818181818181823,False,False,False,1/10,True,1/10,0.024999999999999994,constant_1/10,0,box,"1/10,1/10,1/10,1/10,1/10,1/10,1/10",0.81818181818181823,False,False,False
0.86403889093773045,False,False,False,"1/10,1/10,1/10,1/10,1/10,1/10,1/10",901/1099,0.90100000000000002,False,False,False,"99/1000,99/1000,99/1000,99/1000,99/1000,99/1000,99/1000",True,3.4694469519536142e-17,2,8,0.81983621474067336,False,False,False,99/1000,True,1/10,0.024749999999999966,constant_1/10,1/1000,box,"101/1000,101/1000,101/1000,101/1000,101/1000,101/1000,101/1000",0.81983621474067336,False,False,False
0.86938723034680054,False,False,False,"1/10,1/10,1/10,1/10,1/10,1/10,1/10",181/219,0.90500000000000003,False,False,False,"19/200,19/200,19/200,19/200,19/200,19/200,19/200",True,3.4694469519536142e-17,2,8,0.82648401826484019,False,False,False,19/200,True,1/10,0.023749999999999966,constant_1/10,1/200,box,"21/200,21/200,21/200,21/200,21/200,21/200,21/200",0.82648401826484019,False,False,False
0.87609018777281311,False,False,False,"1/10,1/10,1/10,1/10,1/10,1/10,1/10",91/109,0.91000000000000003,False,False,False,"9/100,9/100,9/100,9/100,9/100,9/100,9/100",True,2.0816681711721685e-17,2,8,0.83486238532110091,False,False,False,9/100,True,1/10,0.02250000000000002,constant_1/10,1/100,box,"11/100,11/100,11/100,11/100,11/100,11/100,11/100",0.83486238532110091,False,False,False
0.88955430301406879,False,False,False,"1/10,1/10,1/10,1/10,1/10,1/10,1/10",23/27,0.92000000000000004,False,False,False,"2/25,2/25,2/25,2/25,2/25,2/25,2/25",True,2.7755575615628914e-17,2,8,0.85185185185185186,False,False,False,2/25,True,1/10,0.01999999999999999,constant_1/10,1/50,box,"3/25,3/25,3/25,3/25,3/25,3/25,3/25",0.85185185185185186,False,False,False
0.93040753985499525,False,False,False,"1/10,1/10,1/10,1/10,1/10,1/10,1/10",19/21,0.94999999999999996,False,False,False,"1/20,1/20,1/20,1/20,1/20,1/20,1/20",True,1.7347234759768071e-17,2,8,0.90476190476190477,False,False,False,1/20,True,1/10,0.012499999999999983,constant_1/10,1/20,box,"3/20,3/20,3/20,3/20,3/20,3/20,3/20",0.90476190476190477,False,False,False
1,False,False,False,"1/10,1/10,1/10,1/10,1/10,1/10,1/10",1,1,False,False,False,"0,0,0,0,0,0,0",True,0,1,8,1,False,False,False,0,True,1/10,,constant_1/10,1/10,box,"1/5,1/5,1/5,1/5,1/5,1/5,1/5",1,False,False,False
0.39540082488032779,False,False,False,"1/2,1/2,1/2,1/2,1/2,1/2,1/2",1/3,0.5,False,False,False,"1/2,1/2,1/2,1/2,1/2,1/2,1/2",True,0,2,8,0.33333333333333331,False,False,False,1/2,True,1/10,0.125,constant_1/2,0,box,"1/2,1/2,1/2,1/2,1/2,1/2,1/2",0.33333333333333331,False,False,False
0.39639694361287336,False,False,False,"1/2,1/2,1/2,1/2,1/2,1/2,1/2",501/1499,0.501,False,False,False,"499/1000,499/1000,499/1000,499/1000,499/1000,499/1000,499/1000",True,0,2,8,0.33422281521014008,False,False,False,499/1000,True,1/10,0.12475,constant_1/2,1/1000,box,"501/1000,501/1000,501/1000,501/1000,501/1000,501/1000,501/1000",0.33422281521014008,False,False,False
0.40039013025450149,False,False,False,"1/2,1/2,1/2,1/2,1/2,1/2,1/2",101/299,0.505,False,False,False,"99/200,99/200,99/200,99/200,99/200,99/200,99/200",True,1.3877787807814457e-17,2,8,0.33779264214046822,False,False,False,99/200,True,1/10,0.12375,constant_1/2,1/200,box,"101/200,101/200,101/200,101/200,101/200,101/200,101/200",0.33779264214046822,False,False,False
0.40540122312872556,False,False,False,"1/2,1/2,1/2,1/2,1/2,1/2,1/2",51/149,0.51000000000000001,False,False,False,"49/100,49/100,49/100,49/100,49/100,49/100,49/100",True,0,2,8,0.34228187919463088,False,False,False,49/100,True,1/10,0.1225,constant_1/2,1/100,box,"51/100,51/100,51/100,51/100,51/100,51/100,51/100",0.34228187919463088,False,False,False
0.41548882195423392,False,False,False,"1/2,1/2,1/2,1/2,1/2,1/2,1/2",13/37,0.52000000000000002,False,False,False,"12/25,12/25,12/25,12/25,12/25,12/25,12/25",True,2.7755575615628914e-17,2,8,0.35135135135135137,False,False,False,12/25,True,1/10,0.11999999999999997,constant_1/2,1/50,box,"13/25,13/25,13/25,13/25,13/25,13/25,13/25",0.35135135135135137,False,False,False
0.44627563190160791,False,False,False,"1/2,1/2,1/2,1/2,1/2,1/2,1/2",11/29,0.55000000000000004,False,False,False,"9/20,9/20,9/20,9/20,9/20,9/20,9/20",True,1.3877787807814457e-17,2,8,0.37931034482758619,False,False,False,9/20,True,1/10,0.11250000000000002,constant_1/2,1/20,box,"11/20,11/20,11/20,11/20,11/20,11/20,11/20",0.37931034482758619,False,False,False
0.49933584826915578,False,False,False,"1/2,1/2,1/2,1/2,1/2,1/2,1/2",3/7,0.59999999999999998,False,False,False,"2/5,2/5,2/5,2/5,2/5,2/5,2/5",True,0,2,8,0.42857142857142855,False,False,False,2/5,True,1/10,0.10000000000000001,constant_1/2,1/10,box,"3/5,3/5,3/5,3/5,3/5,3/5,3/5",0.42857142857142855,False,False,False
0.058058757288452216,True,False,False,"9/10,9/10,9/10,9/10,9/10,9/10,9/10",1/19,0.10000000000000001,True,False,False,"9/10,9/10,9/10,9/10,9/10,9/10,9/10",True,2.7755575615628914e-17,2,8,0.052631578947368418,True,False,False,9/10,True,1/10,0.22499999999999998,constant_9/10,0,box,"9/10,9/10,9/10,9/10,9/10,9/10,9/10",0.052631578947368418,True,False,False
0.058707168351122406,True,False,False,"9/10,9/10,9/10,9/10,9/10,9/10,9/10",101/1899,0.10100000000000001,False,False,False,"899/1000,899/1000,899/1000,899/1000,899/1000,899/1000,899/1000",True,5.2041704279304213e-18,2,8,0.053185887309110058,True,False,False,899/1000,True,1/10,0.22475000000000001,constant_9/10,1/1000,box,"901/1000,901/1000,901/1000,901/1000,901/1000,901/1000,901/1000",0.053185887309110058,True,False,False
0.061314428141563779,True,False,False,"9/10,9/10,9/10,9/10,9/10,9/10,9/10",21/379,0.105,False,False,False,"179/200,179/200,179/200,179/200,179/200,179/200,179/200",True,6.9388939039072284e-18,2,8,0.055408970976253295,True,False,False,179/200,True,1/10,0.22375,constant_9/10,1/200,box,"181/200,181/200,181/200,181/200,181/200,181/200,181/200",0.055408970976253295,True,False,False
0.064604142404739689,True,False,False,"9/10,9/10,9/10,9/10,9/10,9/10,9/10",11/189,0.11,False,False,False,"89/100,89/100,89/100,89/100,89/100,89/100,89/100",True,2.7755575615628914e-17,2,8,0.058201058201058198,True,False,False,89/100,True,1/10,0.22249999999999998,constant_9/10,1/100,box,"91/100,91/100,91/100,91/100,91/100,91/100,91/100",0.058201058201058198,True,False,False
0.071285690003907942,True,False,False,"9/10,9/10,9/10,9/10,9/10,9/10,9/10",3/47,0.12,False,False,False,"22/25,22/25,22/25,22/25,22/25,22/25,22/25",True,0,2,8,0.063829787234042548,True,False,False,22/25,True,1/10,0.22,constant_9/10,1/50,box,"23/25,23/25,23/25,23/25,23/25,23/25,23/25",0.063829787234042548,True,False,False
0.092145124297351777,True,False,False,"9/10,9/10,9/10,9/10,9/10,9/10,9/10",3/37,0.14999999999999999,False,False,False,"17/20,17/20,17/20,17/20,17/20,17/20,17/20",True,2.7755575615628914e-17,2,8,0.081081081081081086,True,False,False,17/20,True,1/10,0.21250000000000002,constant_9/10,1/20,box,"19/20,19/20,19/20,19/20,19/20,19/20,19/20",0.081081081081081086,True,False,False
0.12878373490813524,False,False,False,"9/10,9/10,9/10,9/10,9/10,9/10,9/10",1/9,0.20000000000000001,False,False,False,"4/5,4/5,4/5,4/5,4/5,4/5,4/5",True,6.9388939039072284e-18,2,8,0.1111111111111111,False,False,False,4/5,True,1/10,0.20000000000000001,constant_9/10,1/10,box,"1,1,1,1,1,1,1",0.1111111111111111,False,False,False
0,True,True,True,"1,1,1,1,1,1,1",0,0,True,True,True,"1,1,1,1,1,1,1",False,0,2,8,0,True,True,True,1,False,1/10,0.25,constant_1,0,box,"1,1,1,1,1,1,1",0,True,True,True
0.00050100049724563869,True,True,True,"1,1,1,1,1,1,1",1/1999,0.001,True,True,True,"999/1000,999/1000,999/1000,999/1000,999/1000,999/1000,999/1000",True,2.439454888092385e-19,2,8,0.00050025012506253123,True,True,True,999/1000,False,1/10,0.24975,constant_1,1/1000,box,"1,1,1,1,1,1,1",0.00050025012506253123,True,True,True
0.0025250607677932361,True,True,True,"1,1,1,1,1,1,1",1/399,0.0050000000000000001,True,True,True,"199/200,199/200,199/200,199/200,199/200,199/200,199/200",True,2.7755575615628914e-17,2,8,0.0025062656641604009,True,True,True,199/200,False,1/10,0.24875000000000003,constant_1,1/200,box,"1,1,1,1,1,1,1",0.0025062656641604009,True,True,True
0.0051004720764678902,True,True,True,"1,1,1,1,1,1,1",1/199,0.01,True,True,True,"99/100,99/100,99/100,99/100,99/100,99/100,99/100",True,2.1684043449710089e-18,2,8,0.0050251256281407036,True,True,True,99/100,False,1/10,0.2475,constant_1,1/100,box,"1,1,1,1,1,1,1",0.0050251256281407036,True,True,True
0.010403546918841294,True,False,True,"1,1,1,1,1,1,1",1/99,0.02,True,False,True,"49/50,49/50,49/50,49/50,49/50,49/50,49/50",True,4.3368086899420177e-18,2,8,0.010101010101010102,True,False,True,49/50,False,1/10,0.245,constant_1,1/50,box,"1,1,1,1,1,1,1",0.010101010101010102,True,False,True
0.027366681905376826,True,False,True,"1,1,1,1,1,1,1",1/39,0.050000000000000003,True,False,True,"19/20,19/20,19/20,19/20,19/20,19/20,19/20",True,1.1275702593849246e-17,2,8,0.02564102564102564,True,False,True,19/20,False,1/10,0.23749999999999999,constant_1,1/20,box,"1,1,1,1,1,1,1",0.02564102564102564,True,False,True
0.058058757288452216,True,False,False,"1,1,1,1,1,1,1",1/19,0.10000000000000001,True,False,False,"9/10,9/10,9/10,9/10,9/10,9/10,9/10",True,2.7755575615628914e-17,2,8,0.052631578947368418,True,False,False,9/10,False,1/10,0.22499999999999998,constant_1,1/10,box,"1,1,1,1,1,1,1",0.052631578947368418,True,False,False
0.34515782722056526,False,False,False,"0,1/6,1/3,1/2,2/3,5/6,1",97269/1031650,0.45000000000000001,False,False,False,"0,1/6,1/3,1/2,2/3,5/6,1",False,1.3877787807814457e-17,2,8,0.21428571428571427,False,False,False,11/20,False,1/10,0.11649985460185142,ascending,0,box,"0,1/6,1/3,1/2,2/3,5/6,1",0.094284883439150868,True,False,False
0.34614525835581567,False,False,False,"0,1/6,1/3,1/2,2/3,5/6,1",43361323/452806000,0.45100000000000001,False,False,False,"-1/1000,497/3000,997/3000,499/1000,1997/3000,2497/3000,999/1000",True,3.4694469519536142e-18,2,8,0.21515368120085776,False,False,False,549/1000,False,1/10,0.11637126961574051,ascending,1/1000,box,"1/1000,503/3000,1003/3000,501/1000,2003/3000,2503/3000,1",0.095761370211525462,True,False,False
0.35010420161908412,False,False,False,"0,1/6,1/3,1/2,2/3,5/6,1",1824527/17933040,0.45500000000000002,False,False,False,"-1/200,97/600,197/600,99/200,397/600,497/600,199/200",True,0,2,8,0.21863799283154123,False,False,False,109/200,False,1/10,0.11586610221273136,ascending,1/200,box,"1/200,103/600,203/600,101/200,403/600,503/600,1",0.10174108795831605,False,False,False
0.35507356119859368,False,False,False,"0,1/6,1/3,1/2,2/3,5/6,1",4842799/44272600,0.46000000000000002,False,False,False,"-1/100,47/300,97/300,49/100,197/300,247/300,99/100",True,1.3877787807814457e-17,2,8,0.22302158273381295,False,False,False,27/50,False,1/10,0.11525580327900325,ascending,1/100,box,"1/100,53/300,103/300,51/100,203/300,253/300,1",0.10938591815253679,False,False,False
0.365080818231594,False,False,False,"0,1/6,1/3,1/2,2/3,5/6,1",2702881/21576300,0.46999999999999997,False,False,False,"-1/50,11/75,47/150,12/25,97/150,61/75,49/50",True,1.3877787807814457e-17,2,8,0.2318840579710145,False,False,False,53/100,False,1/10,0.11410921810041574,ascending,1/50,box,"1/50,14/75,53/150,13/25,103/150,64/75,1",0.12527082956762745,False,False,False
0.39540082488032779,False,False,False,"0,1/6,1/3,1/2,2/3,5/6,1",7094651/39792600,0.5,False,False,False,"-1/20,7/60,17/60,9/20,37/60,47/60,19/20",True,6.9388939039072284e-18,2,8,0.25925925925925924,False,False,False,1/2,False,1/10,0.1113365577079658,ascending,1/20,box,"1/20,13/60,23/60,11/20,43/60,53/60,1",0.17829071234350105,False,False,False
0.44627563190160791,False,False,False,"0,1/6,1/3,1/2,2/3,5/6,1",4724293/18918580,0.55000000000000004,False,False,False,"-1/10,1/15,7/30,2/5,17/30,11/15,9/10",True,1.3877787807814457e-17,2,8,0.30769230769230771,False,False,False,9/20,False,1/10,0.10307902931932522,ascending,1/10,box,"1/10,4/15,13/30,3/5,23/30,14/15,1",0.2497171035035399,False,False,False
0.44627563190160791,False,False,False,"1,5/6,2/3,1/2,1/3,1/6,0",3297942/8325925,0.55000000000000004,False,False,False,"1,5/6,2/3,1/2,1/3,1/6,0",False,2.7755575615628914e-17,2,8,0.4375,False,False,False,9/20,False,1/10,0.10422103550055997,descending,0,box,"1,5/6,2/3,1/2,1/3,1/6,0",0.3961051775028,False,False,False
0.44731540821536248,False,False,False,"1,5/6,2/3,1/2,1/3,1/6,0",264392397/664954000,0.55100000000000005,False,False,False,"999/1000,2497/3000,1997/3000,499/1000,997/3000,497/3000,-1/1000",True,1.3877787807814457e-17,2,8,0.43839899937460913,False,False,False,449/1000,False,1/10,0.10409730988966907,descending,1/1000,box,"1,2503/3000,2003/3000,501/1000,1003/3000,503/3000,1/1000",0.39761005573317854,False,False,False
0.45148325936910438,False,False,False,"1,5/6,2/3,1/2,1/3,1/6,0",1974967/4892400,0.55500000000000005,False,False,False,"199/200,497/600,397/600,99/200,197/600,97/600,-1/200",True,1.3877787807814457e-17,2,8,0.44200626959247646,False,False,False,89/200,False,1/10,0.10360882095188455,descending,1/200,box,"1,503/600,403/600,101/200,203/600,103/600,1/200",0.40368060665522032,False,False,False
0.45671275305756831,False,False,False,"1,5/6,2/3,1/2,1/3,1/6,0",2449143/5953400,0.56000000000000005,False,False,False,"99/100,247/300,197/300,49/100,97/300,47/300,-1/100",True,0,2,8,0.44654088050314467,False,False,False,11/25,False,1/10,0.10301288696375181,descending,1/100,box,"1,253/300,203/300,51/100,103/300,53/300,1/100",0.41138559478617259,False,False,False
0.4672373446201078,False,False,False,"1,5/6,2/3,1/2,1/3,1/6,0",205876543/482189300,0.56999999999999995,False,False,False,"49/50,61/75,97/150,12/25,47/150,11/75,-1/50",True,1.3877787807814457e-17,2,8,0.45569620253164556,False,False,False,43/100,False,1/10,0.10182500937391187,descending,1/50,box,"1,64/75,103/150,13/25,53/150,14/75,1/50",0.42696207277930059,False,False,False
0.49933584826915578,False,False,False,"1,5/6,2/3,1/2,1/3,1/6,0",86419753/187275720,0.59999999999999998,False,False,False,"19/20,47/60,37/60,9/20,17/60,7/60,-1/20",True,1.3877787807814457e-17,2,8,0.4838709677419355,False,False,False,2/5,False,1/10,0.095657356937407567,descending,1/20,box,"1,53/60,43/60,11/20,23/60,13/60,1/20",0.46145732612855528,False,False,False
0.55457917945925872,False,False,False,"1,5/6,2/3,1/2,1/3,1/6,0",139802469/266913580,0.65000000000000002,False,False,False,"9/10,11/15,17/30,2/5,7/30,1/15,-1/10",True,1.3877787807814457e-17,2,8,0.53333333333333333,False,False,False,7/20,False,1/10,0.085707678071306817,descending,1/10,box,"1,14/15,23/30,3/5,13/30,4/15,1/10",0.52377428304696971,False,False,False
0.44420344614584983,False,False,False,"0,1,0,1,0,1,0",0,0.5480045714285714,False,False,False,"0,1,0,1,0,1,0",False,1.3877787807814457e-17,2,8,0.38868696205261055,False,False,False,49437/109375,False,1/10,0.04115157142857144,alternating,0,box,"0,1,0,1,0,1,0",0,True,True,True
0.44524147740392744,False,False,False,"0,1,0,1,0,1,0",372069/287186000,0.5490045714285714,False,False,False,"-1/1000,999/1000,-1/1000,999/1000,-1/1000,999/1000,-1/1000",True,3.4694469519536142e-17,2,8,0.38962668052539429,False,False,False,394621/875000,False,1/10,0.041015890235552702,alternating,1/1000,box,"1/1000,1,1/1000,1,1/1000,1,1/1000",0.0012955680290821976,True,True,True
0.44940234783437022,False,False,False,"0,1,0,1,0,1,0",124023/18912400,0.5530045714285714,False,False,False,"-1/200,199/200,-1/200,199/200,-1/200,199/200,-1/200",True,4.3368086899420177e-19,2,8,0.39339830700369433,False,False,False,391121/875000,False,1/10,0.040484649662987551,alternating,1/200,box,"1/200,1,1/200,1,1/200,1,1/200",0.006557761045663163,True,True,True
0.45462311476354633,False,False,False,"0,1,0,1,0,1,0",372069/27931100,0.55800457142857141,False,False,False,"-1/100,99/100,-1/100,99/100,-1/100,99/100,-1/100",True,8.6736173798840355e-19,2,8,0.39814172877892706,False,False,False,193373/437500,False,1/10,0.039847247870842387,alternating,1/100,box,"1/100,1,1/100,1,1/100,1,1/100",0.013320957642198122,True,False,True
0.46513025167512251,False,False,False,"0,1,0,1,0,1,0",124023/4509350,0.56800457142857141,False,False,False,"-1/50,49/50,-1/50,49/50,-1/50,49/50,-1/50",True,6.9388939039072284e-18,2,8,0.40772612213976089,False,False,False,94499/218750,False,1/10,0.038666732299998882,alternating,1/50,box,"1/50,1,1/50,1,1/50,1,1/50",0.02750352046303791,True,False,True
0.49717641486115538,False,False,False,"0,1,0,1,0,1,0",124023/1628740,0.59800457142857144,False,False,False,"-1/20,19/20,-1/20,19/20,-1/20,19/20,-1/20",True,2.7755575615628914e-17,2,8,0.43728427985566798,False,False,False,175873/437500,False,1/10,0.036001059023627352,alternating,1/20,box,"1/20,1,1/20,1,1/20,1,1/20",0.076146591844002118,True,False,False
0.55233280611342639,False,False,False,"0,1,0,1,0,1,0",372069/2005610,0.64800457142857137,False,False,False,"-1/10,9/10,-1/10,9/10,-1/10,9/10,-1/10",True,4.8572257327350599e-17,2,8,0.48940628618651999,False,False,False,76999/218750,False,1/10,0.035624216672020648,alternating,1/10,box,"1/10,1,1/10,1,1/10,1,1/10",0.18551413285733517,False,False,False
0.15232214377129527,False,False,False,"1,3/4,3/4,1,1/2,3/4,3/4",0,0.23112121428571428,False,False,False,"1,3/4,3/4,1,1/2,3/4,3/4",False,0,2,8,0.14284769827113469,False,False,False,10764303/14000000,False,1/10,0.16018555133928572,random_271,0,box,"1,3/4,3/4,1,1/2,3/4,3/4",0,True,True,True
0.15309462823226691,False,False,False,"1,3/4,3/4,1,1/2,3/4,3/4",4482621/3170102500,0.23212121428571428,False,False,False,"999/1000,749/1000,749/1000,999/1000,499/1000,749/1000,749/1000",True,2.7755575615628914e-17,2,8,0.14348508148927133,False,False,False,10750303/14000000,False,1/10,0.16012747631306606,random_271,1/1000,box,"1,751/1000,751/1000,1,501/1000,751/1000,751/1000",0.0014140303034365607,True,True,True
0.15619463263969144,False,False,False,"1,3/4,3/4,1,1/2,3/4,3/4",1494207/203873500,0.23612121428571428,False,False,False,"199/200,149/200,149/200,199/200,99/200,149/200,149/200",True,2.7755575615628914e-17,2,8,0.14604173982038818,False,False,False,10694303/14000000,False,1/10,0.15994954699295266,random_271,1/200,box,"1,151/200,151/200,1,101/200,151/200,151/200",0.0073290888712853807,True,True,True
0.16009229553039123,False,False,False,"1,3/4,3/4,1,1/2,3/4,3/4",4482621/291810250,0.24112121428571429,False,False,False,"99/100,37/50,37/50,99/100,49/100,37/50,37/50",True,1.3010426069826053e-18,2,8,0.14925368488156948,False,False,False,10624303/14000000,False,1/10,0.15986120791943881,random_271,1/100,box,"1,19/25,19/25,1,51/100,19/25,19/25",0.015361424076090542,True,False,True
0.16796318269986643,False,False,False,"1,3/4,3/4,1,1/2,3/4,3/4",15093/444125,0.25112121428571427,False,False,False,"49/50,73/100,73/100,49/50,12/25,73/100,73/100",True,2.7755575615628914e-17,2,8,0.15573189105950522,False,False,False,10484303/14000000,False,1/10,0.16022156198950582,random_271,1/50,box,"1,77/100,77/100,1,13/25,77/100,77/100",0.033983675766957502,True,False,True
0.19218050006011206,False,False,False,"1,3/4,3/4,1,1/2,3/4,3/4",1494207/11987350,0.28112121428571429,False,False,False,"19/20,7/10,7/10,19/20,9/20,7/10,7/10",True,3.4694469519536142e-18,2,8,0.17561224987014634,False,False,False,10064303/14000000,False,1/10,0.168609435977915,random_271,1/20,box,"1,4/5,4/5,1,11/20,4/5,4/5",0.12464865045235185,False,False,False
0.23455245404526873,False,False,False,"1,3/4,3/4,1,1/2,3/4,3/4",13729039/74124861,0.33112121428571428,False,False,False,"9/10,13/20,13/20,9/10,2/5,13/20,13/20",True,6.9388939039072284e-18,2,8,0.21031091936780832,False,False,False,9364303/14000000,False,1/10,0.1619055472944684,random_271,1/10,box,"1,17/20,17/20,1,3/5,17/20,17/20",0.18521503871690229,False,False,False
0.56935401743621605,False,False,False,"0,3/4,1/2,3/4,1/4,0,0",84909793/160386889,0.66304867857142857,False,False,False,"0,3/4,1/2,3/4,1/4,0,0",True,2.7755575615628914e-17,2,8,0.52940607258739214,False,False,False,9434637/28000000,True,1/10,0.084237830357142884,random_811,0,box,"0,3/4,1/2,3/4,1/4,0,0",0.52940607258739214,False,False,False
0.57049239192366896,False,False,False,"0,3/4,1/2,3/4,1/4,0,0",1977251/3727323,0.66404867857142857,False,False,False,"-1/1000,749/1000,499/1000,749/1000,249/1000,-1/1000,-1/1000",True,2.7755575615628914e-17,2,8,0.53047482066888219,False,False,False,9406637/28000000,True,1/10,0.083987830357142884,random_811,1/1000,box,"1/1000,751/1000,501/1000,751/1000,251/1000,1/1000,1/1000",0.53047482066888219,False,False,False
0.57505454701264058,False,False,False,"0,3/4,1/2,3/4,1/4,0,0",85469793/159826889,0.66804867857142858,False,False,False,"-1/200,149/200,99/200,149/200,49/200,-1/200,-1/200",True,4.163336342344337e-17,2,8,0.53476479167407176,False,False,False,9294637/28000000,True,1/10,0.082987830357142897,random_811,1/200,box,"1/200,151/200,101/200,151/200,51/200,1/200,1/200",0.53476479167407176,False,False,False
0.58077670578526741,False,False,False,"0,3/4,1/2,3/4,1/4,0,0",86029793/159266889,0.67304867857142858,False,False,False,"-1/100,37/50,49/100,37/50,6/25,-1/100,-1/100",True,1.3877787807814457e-17,2,8,0.54016119445894373,False,False,False,9154637/28000000,True,1/10,0.081737830357142868,random_811,1/100,box,"1/100,19/25,51/100,19/25,13/50,1/100,1/100",0.54016119445894373,False,False,False
0.59228581584397133,False,False,False,"0,3/4,1/2,3/4,1/4,0,0",87149793/158146889,0.68304867857142859,False,False,False,"-1/50,73/100,12/25,73/100,23/100,-1/50,-1/50",True,2.7755575615628914e-17,2,8,0.55106865238430336,False,False,False,8874637/28000000,True,1/10,0.079237830357142852,random_811,1/50,box,"1/50,77/100,13/25,77/100,27/100,1/50,1/50",0.55106865238430336,False,False,False
0.62732958449186838,False,False,False,"0,3/4,1/2,3/4,1/4,0,0",90509793/154786889,0.71304867857142862,False,False,False,"-1/20,7/10,9/20,7/10,1/5,-1/20,-1/20",True,1.3877787807814457e-17,2,8,0.58473811047394331,False,False,False,8034637/28000000,True,1/10,0.071737830357142846,random_811,1/20,box,"1/20,4/5,11/20,4/5,3/10,1/20,1/20",0.58473811047394331,False,False,False
0.68744230383152394,False,False,False,"0,3/4,1/2,3/4,1/4,0,0",96109793/149186889,0.76304867857142855,False,False,False,"-1/10,13/20,2/5,13/20,3/20,-1/10,-1/10",True,6.9388939039072284e-18,2,8,0.64422412481568669,False,False,False,6634637/28000000,True,1/10,0.059237830357142862,random_811,1/10,box,"1/10,17/20,3/5,17/20,7/20,1/10,1/10",0.64422412481568669,False,False,False
0.52997734209188574,False,False,False,"0,1,1/4,0,3/4,0,1/2",14331151/34193073,0.62797614285714287,False,False,False,"0,1,1/4,0,3/4,0,1/2",False,0,2,8,0.46445637472683582,False,False,False,2604167/7000000,False,1/10,0.085133319776755423,random_1619,0,box,"0,1,1/4,0,3/4,0,1/2",0.41912439399640972,False,False,False
0.53108524868465334,False,False,False,"0,1,1/4,0,3/4,0,1/2",57461385/136548292,0.62897614285714287,False,False,False,"-1/1000,999/1000,249/1000,-1/1000,749/1000,-1/1000,499/1000",True,1.3877787807814457e-17,2,8,0.46551120651967515,False,False,False,2597167/7000000,False,1/10,0.084999084976077846,random_1619,1/1000,box,"1/1000,1,251/1000,1/1000,751/1000,1/1000,501/1000",0.42081364884446887,False,False,False
0.53552558412674711,False,False,False,"0,1,1/4,0,3/4,0,1/2",58008509/135652292,0.63297614285714288,False,False,False,"-1/200,199/200,49/200,-1/200,149/200,-1/200,99/200",True,1.3877787807814457e-17,2,8,0.46974577327303108,False,False,False,2569167/7000000,False,1/10,0.084467576389998411,random_1619,1/200,box,"1/200,1,51/200,1/200,151/200,1/200,101/200",0.42762645691235351,False,False,False
0.54109558978010763,False,False,False,"0,1,1/4,0,3/4,0,1/2",29346207/67266146,0.63797614285714288,False,False,False,"-1/100,99/100,6/25,-1/100,37/50,-1/100,49/100",True,0,2,8,0.47507351936606257,False,False,False,2534167/7000000,False,1/10,0.08381561299268557,random_1619,1/100,box,"1/100,1,13/50,1/100,19/25,1/100,51/100",0.43627008153551716,False,False,False
0.55230082735157227,False,False,False,"0,1,1/4,0,3/4,0,1/2",15015056/33073073,0.64797614285714289,False,False,False,"-1/50,49/50,23/100,-1/50,73/100,-1/50,12/25",True,1.3877787807814457e-17,2,8,0.48584573446694335,False,False,False,2464167/7000000,False,1/10,0.082554426119899466,random_1619,1/50,box,"1/50,1,27/100,1/50,77/100,1/50,13/25",0.45399639761324873,False,False,False
0.586436990310224,False,False,False,"0,1,1/4,0,3/4,0,1/2",32081827/62786146,0.67797614285714281,False,False,False,"-1/20,19/20,1/5,-1/20,7/10,-1/20,9/20",True,1.3877787807814457e-17,2,8,0.51912753713129278,False,False,False,2254167/7000000,False,1/10,0.079140231594337473,random_1619,1/20,box,"1/20,1,3/10,1/20,4/5,1/20,11/20",0.51096984038485183,False,False,False
0.6450539136609903,False,False,False,"0,1,1/4,0,3/4,0,1/2",41735901/72202573,0.72797614285714285,False,False,False,"-1/10,9/10,3/20,-1/10,13/20,-1/10,2/5",True,0,2,8,0.57803897099345758,False,False,False,1904167/7000000,False,1/10,0.068005964285714288,random_1619,1/10,box,"1/10,1,7/20,1/10,17/20,1/10,3/5",0.57803897099345758,False,False,False
1,False,False,False,"0,0,0,0,0,0,0",1,1,False,False,False,"0,0,0,0,0,0,0",True,0,1,8,1,False,False,False,0,True,1/2,,constant_0,0,box,"0,0,0,0,0,0,0",1,False,False,False
1,False,False,False,"0,0,0,0,0,0,0",1,1,False,False,False,"-1/1000,-1/1000,-1/1000,-1/1000,-1/1000,-1/1000,-1/1000",True,5.5077470362263625e-17,1,8,1,False,False,False,-1/1000,True,1/2,,constant_0,1/1000,box,"1/1000,1/1000,1/1000,1/1000,1/1000,1/1000,1/1000",1,False,False,False
1,False,False,False,"0,0,0,0,0,0,0",1,1,False,False,False,"-1/200,-1/200,-1/200,-1/200,-1/200,-1/200,-1/200",True,5.3342746886286818e-17,1,8,1,False,False,False,-1/200,True,1/2,,constant_0,1/200,box,"1/200,1/200,1/200,1/200,1/200,1/200,1/200",1,False,False,False
1,False,False,False,"0,0,0,0,0,0,0",1,1,False,False,False,"-1/100,-1/100,-1/100,-1/100,-1/100,-1/100,-1/100",True,4.3368086899420177e-18,1,8,1,False,False,False,-1/100,True,1/2,,constant_0,1/100,box,"1/100,1/100,1/100,1/100,1/100,1/100,1/100",1,False,False,False
1,False,False,False,"0,0,0,0,0,0,0",1,1,False,False,False,"-1/50,-1/50,-1/50,-1/50,-1/50,-1/50,-1/50",True,8.6736173798840355e-18,1,8,1,False,False,False,-1/50,True,1/2,,constant_0,1/50,box,"1/50,1/50,1/50,1/50,1/50,1/50,1/50",1,False,False,False
1,False,False,False,"0,0,0,0,0,0,0",1,1,False,False,False,"-1/20,-1/20,-1/20,-1/20,-1/20,-1/20,-1/20",True,2.0816681711721685e-17,1,8,1,False,False,False,-1/20,True,1/2,,constant_0,1/20,box,"1/20,1/20,1/20,1/20,1/20,1/20,1/20",1,False,False,False
1,False,False,False,"0,0,0,0,0,0,0",1,1,False,False,False,"-1/10,-1/10,-1/10,-1/10,-1/10,-1/10,-1/10",True,1.3877787807814457e-17,1,8,1,False,False,False,-1/10,True,1/2,,constant_0,1/10,box,"1/10,1/10,1/10,1/10,1/10,1/10,1/10",1,False,False,False
0.85565285320909357,False,False,False,"1/10,1/10,1/10,1/10,1/10,1/10,1/10",9/11,0.90000000000000002,False,False,False,"1/10,1/10,1/10,1/10,1/10,1/10,1/10",True,6.9388939039072284e-18,2,8,0.81818181818181823,False,False,False,1/10,True,1/2,0.024999999999999994,constant_1/10,0,box,"1/10,1/10,1/10,1/10,1/10,1/10,1/10",0.81818181818181823,False,False,False
0.85703668054452431,False,False,False,"1/10,1/10,1/10,1/10,1/10,1/10,1/10",901/1099,0.90100000000000002,False,False,False,"99/1000,99/1000,99/1000,99/1000,99/1000,99/1000,99/1000",True,6.9388939039072284e-18,2,8,0.81983621474067336,False,False,False,99/1000,True,1/2,0.024749999999999994,constant_1/10,1/1000,box,"101/1000,101/1000,101/1000,101/1000,101/1000,101/1000,101/1000",0.81983621474067336,False,False,False
0.86258384541611133,False,False,False,"1/10,1/10,1/10,1/10,1/10,1/10,1/10",181/219,0.90500000000000003,False,False,False,"19/200,19/200,19/200,19/200,19/200,19/200,19/200",True,2.7755575615628914e-17,2,8,0.82648401826484019,False,False,False,19/200,True,1/2,0.023749999999999993,constant_1/10,1/200,box,"21/200,21/200,21/200,21/200,21/200,21/200,21/200",0.82648401826484019,False,False,False
0.86954452424655138,False,False,False,"1/10,1/10,1/10,1/10,1/10,1/10,1/10",91/109,0.91000000000000003,False,False,False,"9/100,9/100,9/100,9/100,9/100,9/100,9/100",True,2.0816681711721685e-17,2,8,0.83486238532110091,False,False,False,9/100,True,1/2,0.02250000000000002,constant_1/10,1/100,box,"11/100,11/100,11/100,11/100,11/100,11/100,11/100",0.83486238532110091,False,False,False
0.88355525789787837,False,False,False,"1/10,1/10,1/10,1/10,1/10,1/10,1/10",23/27,0.92000000000000004,False,False,False,"2/25,2/25,2/25,2/25,2/25,2/25,2/25",True,1.0408340855860843e-17,2,8,0.85185185185185186,False,False,False,2/25,True,1/2,0.01999999999999999,constant_1/10,1/50,box,"3/25,3/25,3/25,3/25,3/25,3/25,3/25",0.85185185185185186,False,False,False
0.92630803269601047,False,False,False,"1/10,1/10,1/10,1/10,1/10,1/10,1/10",19/21,0.94999999999999996,False,False,False,"1/20,1/20,1/20,1/20,1/20,1/20,1/20",True,1.7347234759768071e-17,2,8,0.90476190476190477,False,False,False,1/20,True,1/2,0.012499999999999983,constant_1/10,1/20,box,"3/20,3/20,3/20,3/20,3/20,3/20,3/20",0.90476190476190477,False,False,False
1,False,False,False,"1/10,1/10,1/10,1/10,1/10,1/10,1/10",1,1,False,False,False,"0,0,0,0,0,0,0",True,0,1,8,1,False,False,False,0,True,1/2,,constant_1/10,1/10,box,"1/5,1/5,1/5,1/5,1/5,1/5,1/5",1,False,False,False
0.37828892706411421,False,False,False,"1/2,1/2,1/2,1/2,1/2,1/2,1/2",1/3,0.5,False,False,False,"1/2,1/2,1/2,1/2,1/2,1/2,1/2",True,1.3877787807814457e-17,2,8,0.33333333333333331,False,False,False,1/2,True,1/2,0.125,constant_1/2,0,box,"1/2,1/2,1/2,1/2,1/2,1/2,1/2",0.33333333333333331,False,False,False
0.37928544991164387,False,False,False,"1/2,1/2,1/2,1/2,1/2,1/2,1/2",501/1499,0.501,False,False,False,"499/1000,499/1000,499/1000,499/1000,499/1000,499/1000,499/1000",True,2.7755575615628914e-17,2,8,0.33422281521014008,False,False,False,499/1000,True,1/2,0.12474999999999997,constant_1/2,1/1000,box,"501/1000,501/1000,501/1000,501/1000,501/1000,501/1000,501/1000",0.33422281521014008,False,False,False
0.38328184957228534,False,False,False,"1/2,1/2,1/2,1/2,1/2,1/2,1/2",101/299,0.505,False,False,False,"99/200,99/200,99/200,99/200,99/200,99/200,99/200",True,1.3877787807814457e-17,2,8,0.33779264214046822,False,False,False,99/200,True,1/2,0.12375,constant_1/2,1/200,box,"101/200,101/200,101/200,101/200,101/200,101/200,101/200",0.33779264214046822,False,False,False
0.38830055033806926,False,False,False,"1/2,1/2,1/2,1/2,1/2,1/2,1/2",51/149,0.51000000000000001,False,False,False,"49/100,49/100,49/100,49/100,49/100,49/100,49/100",True,0,2,8,0.34228187919463088,False,False,False,49/100,True,1/2,0.1225,constant_1/2,1/100,box,"51/100,51/100,51/100,51/100,51/100,51/100,51/100",0.34228187919463088,False,False,False
0.39841532989329587,False,False,False,"1/2,1/2,1/2,1/2,1/2,1/2,1/2",13/37,0.52000000000000002,False,False,False,"12/25,12/25,12/25,12/25,12/25,12/25,12/25",True,1.3877787807814457e-17,2,8,0.35135135135135137,False,False,False,12/25,True,1/2,0.11999999999999998,constant_1/2,1/50,box,"13/25,13/25,13/25,13/25,13/25,13/25,13/25",0.35135135135135137,False,False,False
0.42937912474845408,False,False,False,"1/2,1/2,1/2,1/2,1/2,1/2,1/2",11/29,0.55000000000000004,False,False,False,"9/20,9/20,9/20,9/20,9/20,9/20,9/20",True,1.3877787807814457e-17,2,8,0.37931034482758619,False,False,False,9/20,True,1/2,0.11249999999999999,constant_1/2,1/20,box,"11/20,11/20,11/20,11/20,11/20,11/20,11/20",0.37931034482758619,False,False,False
0.48304878644148141,False,False,False,"1/2,1/2,1/2,1/2,1/2,1/2,1/2",3/7,0.59999999999999998,False,False,False,"2/5,2/5,2/5,2/5,2/5,2/5,2/5",True,1.3877787807814457e-17,2,8,0.42857142857142855,False,False,False,2/5,True,1/2,0.10000000000000001,constant_1/2,1/10,box,"3/5,3/5,3/5,3/5,3/5,3/5,3/5",0.42857142857142855,False,False,False
0.056210074177106856,True,False,False,"9/10,9/10,9/10,9/10,9/10,9/10,9/10",1/19,0.10000000000000001,True,False,False,"9/10,9/10,9/10,9/10,9/10,9/10,9/10",True,2.7755575615628914e-17,2,8,0.052631578947368418,True,False,False,9/10,True,1/2,0.22499999999999998,constant_9/10,0,box,"9/10,9/10,9/10,9/10,9/10,9/10,9/10",0.052631578947368418,True,False,False
0.056823568505853246,True,False,False,"9/10,9/10,9/10,9/10,9/10,9/10,9/10",101/1899,0.10100000000000001,False,False,False,"899/1000,899/1000,899/1000,899/1000,899/1000,899/1000,899/1000",True,6.9388939039072284e-18,2,8,0.053185887309110058,True,False,False,899/1000,True,1/2,0.22475000000000001,constant_9/10,1/1000,box,"901/1000,901/1000,901/1000,901/1000,901/1000,901/1000,901/1000",0.053185887309110058,True,False,False
0.059288090540623478,True,False,False,"9/10,9/10,9/10,9/10,9/10,9/10,9/10",21/379,0.105,False,False,False,"179/200,179/200,179/200,179/200,179/200,179/200,179/200",True,3.4694469519536142e-18,2,8,0.055408970976253295,True,False,False,179/200,True,1/2,0.22375,constant_9/10,1/200,box,"181/200,181/200,181/200,181/200,181/200,181/200,181/200",0.055408970976253295,True,False,False
0.062392538286007618,True,False,False,"9/10,9/10,9/10,9/10,9/10,9/10,9/10",11/189,0.11,False,False,False,"89/100,89/100,89/100,89/100,89/100,89/100,89/100",True,3.4694469519536142e-18,2,8,0.058201058201058198,True,False,False,89/100,True,1/2,0.2225,constant_9/10,1/100,box,"91/100,91/100,91/100,91/100,91/100,91/100,91/100",0.058201058201058198,True,False,False
0.068681179691006733,True,False,False,"9/10,9/10,9/10,9/10,9/10,9/10,9/10",3/47,0.12,False,False,False,"22/25,22/25,22/25,22/25,22/25,22/25,22/25",True,2.7755575615628914e-17,2,8,0.063829787234042548,True,False,False,22/25,True,1/2,0.21999999999999997,constant_9/10,1/50,box,"23/25,23/25,23/25,23/25,23/25,23/25,23/25",0.063829787234042548,True,False,False
0.088192602506139972,True,False,False,"9/10,9/10,9/10,9/10,9/10,9/10,9/10",3/37,0.14999999999999999,False,False,False,"17/20,17/20,17/20,17/20,17/20,17/20,17/20",True,2.7755575615628914e-17,2,8,0.081081081081081086,True,False,False,17/20,True,1/2,0.21250000000000002,constant_9/10,1/20,box,"19/20,19/20,19/20,19/20,19/20,19/20,19/20",0.081081081081081086,True,False,False
0.12290526887696407,False,False,False,"9/10,9/10,9/10,9/10,9/10,9/10,9/10",1/9,0.20000000000000001,False,False,False,"4/5,4/5,4/5,4/5,4/5,4/5,4/5",True,6.9388939039072284e-18,2,8,0.1111111111111111,False,False,False,4/5,True,1/2,0.20000000000000001,constant_9/10,1/10,box,"1,1,1,1,1,1,1",0.1111111111111111,False,False,False
0,True,True,True,"1,1,1,1,1,1,1",0,0,True,True,True,"1,1,1,1,1,1,1",False,0,2,8,0,True,True,True,1,False,1/2,0.25,constant_1,0,box,"1,1,1,1,1,1,1",0,True,True,True
0.00050100049724563869,True,True,True,"1,1,1,1,1,1,1",1/1999,0.001,True,True,True,"999/1000,999/1000,999/1000,999/1000,999/1000,999/1000,999/1000",True,2.7755575615628914e-17,2,8,0.00050025012506253123,True,True,True,999/1000,False,1/2,0.24975000000000003,constant_1,1/1000,box,"1,1,1,1,1,1,1",0.00050025012506253123,True,True,True
0.0025211746369367335,True,True,True,"1,1,1,1,1,1,1",1/399,0.0050000000000000001,True,True,True,"199/200,199/200,199/200,199/200,199/200,199/200,199/200",True,1.0842021724855044e-18,2,8,0.0025062656641604009,True,True,True,199/200,False,1/2,0.24875,constant_1,1/200,box,"1,1,1,1,1,1,1",0.0025062656641604009,True,True,True
0.0050826557584345931,True,True,True,"1,1,1,1,1,1,1",1/199,0.01,True,True,True,"99/100,99/100,99/100,99/100,99/100,99/100,99/100",True,2.1684043449710089e-18,2,8,0.0050251256281407036,True,True,True,99/100,False,1/2,0.2475,constant_1,1/100,box,"1,1,1,1,1,1,1",0.0050251256281407036,True,True,True
0.010300026613839171,True,False,True,"1,1,1,1,1,1,1",1/99,0.02,True,False,True,"49/50,49/50,49/50,49/50,49/50,49/50,49/50",True,4.3368086899420177e-18,2,8,0.010101010101010102,True,False,True,49/50,False,1/2,0.245,constant_1,1/50,box,"1,1,1,1,1,1,1",0.010101010101010102,True,False,True
0.026709398063385667,True,False,True,"1,1,1,1,1,1,1",1/39,0.050000000000000003,True,False,True,"19/20,19/20,19/20,19/20,19/20,19/20,19/20",True,1.214306433183765e-17,2,8,0.02564102564102564,True,False,True,19/20,False,1/2,0.23749999999999999,constant_1,1/20,box,"1,1,1,1,1,1,1",0.02564102564102564,True,False,True
0.056210074177106856,True,False,False,"1,1,1,1,1,1,1",1/19,0.10000000000000001,True,False,False,"9/10,9/10,9/10,9/10,9/10,9/10,9/10",True,2.7755575615628914e-17,2,8,0.052631578947368418,True,False,False,9/10,False,1/2,0.22499999999999998,constant_1,1/10,box,"1,1,1,1,1,1,1",0.052631578947368418,True,False,False
0.16041176484412581,False,False,False,"0,1/6,1/3,1/2,2/3,5/6,1",0,0.25,False,False,False,"0,1/6,1/3,1/2,2/3,5/6,1",False,0,2,8,0.10000000000000001,True,False,False,3/4,False,1/2,0.16666666666666666,ascending,0,box,"0,1/6,1/3,1/2,2/3,5/6,1",0,True,True,True
0.16119061304061355,False,False,False,"0,1/6,1/3,1/2,2/3,5/6,1",2307/2816624,0.251,False,False,False,"-1/1000,497/3000,997/3000,499/1000,1997/3000,2497/3000,999/1000",True,8.1315162936412833e-20,2,8,0.10066039623774264,False,False,False,749/1000,False,1/2,0.16646222820491183,ascending,1/1000,box,"1/1000,503/3000,1003/3000,501/1000,2003/3000,2503/3000,1",0.00081906566158635298,True,True,True
0.16431728148302177,False,False,False,"0,1/6,1/3,1/2,2/3,5/6,1",2307/559024,0.255,False,False,False,"-1/200,97/600,197/600,99/200,397/600,497/600,199/200",True,4.3368086899420177e-19,2,8,0.10330992978936811,False,False,False,149/200,False,1/2,0.16564896657167649,ascending,1/200,box,"1/200,103/600,203/600,101/200,403/600,503/600,1",0.0041268353415953515,True,True,True
0.16825098483522755,False,False,False,"0,1/6,1/3,1/2,2/3,5/6,1",2307/276824,0.26000000000000001,False,False,False,"-1/100,47/300,97/300,49/100,197/300,247/300,99/100",True,2.7755575615628914e-17,2,8,0.10663983903420524,False,False,False,37/50,False,1/2,0.16464269330127285,ascending,1/100,box,"1/100,53/300,103/300,51/100,203/300,253/300,1",0.008333814987139844,True,True,True
0.17589792442725077,False,False,False,"0,1/6,1/3,1/2,2/3,5/6,1",2307/135724,0.27000000000000002,False,False,False,"-1/50,11/75,47/150,12/25,97/150,61/75,49/50",True,1.7347234759768071e-18,2,8,0.11336032388663968,False,False,False,73/100,False,1/2,0.16266578507680943,ascending,1/50,box,"1/50,14/75,53/150,13/25,103/150,64/75,1",0.016997730688750701,True,False,True
0.199352802018568,False,False,False,"0,1/6,1/3,1/2,2/3,5/6,1",2307/51064,0.29999999999999999,False,False,False,"-1/20,7/60,17/60,9/20,37/60,47/60,19/20",True,3.4694469519536142e-18,2,8,0.13402061855670103,False,False,False,7/10,False,1/2,0.15704718125812472,ascending,1/20,box,"1/20,13/60,23/60,11/20,43/60,53/60,1",0.045178599404668653,True,False,True
0.24035561332590155,False,False,False,"0,1/6,1/3,1/2,2/3,5/6,1",2307/22844,0.34999999999999998,False,False,False,"-1/10,1/15,7/30,2/5,17/30,11/15,9/10",True,0,2,8,0.1702127659574468,False,False,False,13/20,False,1/2,0.14894374160975896,ascending,1/10,box,"1/10,4/15,13/30,3/5,23/30,14/15,1",0.10098931885834354,False,False,False
0.65929623011662464,False,False,False,"1,5/6,2/3,1/2,1/3,1/6,0",5/8,0.75,False,False,False,"1,5/6,2/3,1/2,1/3,1/6,0",False,0,2,8,0.625,False,False,False,1/4,False,1/2,0.0625,descending,0,box,"1,5/6,2/3,1/2,1/3,1/6,0",0.625,False,False,False
0.66054604129219585,False,False,False,"1,5/6,2/3,1/2,1/3,1/6,0",2503/3997,0.751,False,False,False,"999/1000,2497/3000,1997/3000,499/1000,997/3000,497/3000,-1/1000",True,2.7755575615628914e-17,2,8,0.62621966474856139,False,False,False,249/1000,False,1/2,0.062250000000000028,descending,1/1000,box,"1,2503/3000,2003/3000,501/1000,1003/3000,503/3000,1/1000",0.62621966474856139,False,False,False
0.66555493654799969,False,False,False,"1,5/6,2/3,1/2,1/3,1/6,0",503/797,0.755,False,False,False,"199/200,497/600,397/600,99/200,197/600,97/600,-1/200",True,2.7755575615628914e-17,2,8,0.6311166875784191,False,False,False,49/200,False,1/2,0.061250000000000027,descending,1/200,box,"1,503/600,403/600,101/200,203/600,103/600,1/200",0.6311166875784191,False,False,False
0.67183772448842494,False,False,False,"1,5/6,2/3,1/2,1/3,1/6,0",253/397,0.76000000000000001,False,False,False,"99/100,247/300,197/300,49/100,97/300,47/300,-1/100",True,2.7755575615628914e-17,2,8,0.63727959697732994,False,False,False,6/25,False,1/2,0.059999999999999998,descending,1/100,box,"1,253/300,203/300,51/100,103/300,53/300,1/100",0.63727959697732994,False,False,False
0.68447524071766119,False,False,False,"1,5/6,2/3,1/2,1/3,1/6,0",128/197,0.77000000000000002,False,False,False,"49/50,61/75,97/150,12/25,47/150,11/75,-1/50",True,2.7755575615628914e-17,2,8,0.64974619289340096,False,False,False,23/100,False,1/2,0.057499999999999996,descending,1/50,box,"1,64/75,103/150,13/25,53/150,14/75,1/50",0.64974619289340096,False,False,False
0.72295760808585618,False,False,False,"1,5/6,2/3,1/2,1/3,1/6,0",53/77,0.80000000000000004,False,False,False,"19/20,47/60,37/60,9/20,17/60,7/60,-1/20",True,2.7755575615628914e-17,2,8,0.68831168831168832,False,False,False,1/5,False,1/2,0.050000000000000017,descending,1/20,box,"1,53/60,43/60,11/20,23/60,13/60,1/20",0.68831168831168832,False,False,False
0.78795781246283014,False,False,False,"1,5/6,2/3,1/2,1/3,1/6,0",28/37,0.84999999999999998,False,False,False,"9/10,11/15,17/30,2/5,7/30,1/15,-1/10",True,2.0816681711721685e-17,2,8,0.7567567567567568,False,False,False,3/20,False,1/2,0.037499999999999978,descending,1/10,box,"1,14/15,23/30,3/5,13/30,4/15,1/10",0.7567567567567568,False,False,False
0.45206497252117772,False,False,False,"0,1,0,1,0,1,0",0,0.5714285714285714,False,False,False,"0,1,0,1,0,1,0",False,6.9388939039072284e-18,2,8,0.42168674698795183,False,False,False,3/7,False,1/2,0.029017857142857137,alternating,0,box,"0,1,0,1,0,1,0",0,True,True,True
0.45313521251648387,False,False,False,"0,1,0,1,0,1,0",21/12944,0.5724285714285714,False,False,False,"-1/1000,999/1000,-1/1000,999/1000,-1/1000,999/1000,-1/1000",True,1.0842021724855044e-19,2,8,0.42264660493827161,False,False,False,2993/7000,False,1/2,0.028943227971040084,alternating,1/1000,box,"1/1000,1,1/1000,1,1/1000,1,1/1000",0.0016223733003708281,True,True,True
0.45742647875142578,False,False,False,"0,1,0,1,0,1,0",7/848,0.5764285714285714,False,False,False,"-1/200,199/200,-1/200,199/200,-1/200,199/200,-1/200",True,1.0408340855860843e-17,2,8,0.42649903288201163,False,False,False,593/1400,False,1/2,0.028667031671159041,alternating,1/200,box,"1/200,1,1/200,1,1/200,1,1/200",0.0082547169811320754,True,True,True
0.4628137416955761,False,False,False,"0,1,0,1,0,1,0",21/1244,0.58142857142857141,False,False,False,"-1/100,99/100,-1/100,99/100,-1/100,99/100,-1/100",True,1.3877787807814457e-17,2,8,0.43134400776322174,False,False,False,293/700,False,1/2,0.02837426791456131,alternating,1/100,box,"1/100,1,1/100,1,1/100,1,1/100",0.016881028938906754,True,False,True
0.47366547101270023,False,False,False,"0,1,0,1,0,1,0",7/198,0.59142857142857141,False,False,False,"-1/50,49/50,-1/50,49/50,-1/50,49/50,-1/50",True,1.3877787807814457e-17,2,8,0.44113336590131902,False,False,False,143/350,False,1/2,0.027979347041847027,alternating,1/50,box,"1/50,1,1/50,1,1/50,1,1/50",0.035353535353535352,True,False,True
0.50683674490418518,False,False,False,"0,1,0,1,0,1,0",7/68,0.62142857142857144,False,False,False,"-1/20,19/20,-1/20,19/20,-1/20,19/20,-1/20",True,6.9388939039072284e-18,2,8,0.47132169576059851,False,False,False,53/140,False,1/2,0.02869616596638655,alternating,1/20,box,"1/20,1,1/20,1,1/20,1,1/20",0.10294117647058823,False,False,False
0.5641613134670882,False,False,False,"0,1,0,1,0,1,0",21/74,0.67142857142857137,False,False,False,"-1/10,9/10,-1/10,9/10,-1/10,9/10,-1/10",True,1.3877787807814457e-17,2,8,0.52454780361757103,False,False,False,23/70,False,1/2,0.040546573359073343,alternating,1/10,box,"1/10,1,1/10,1,1/10,1,1/10",0.28378378378378377,False,False,False
0.17511009943420561,False,False,False,"1,3/4,3/4,1,1/2,3/4,3/4",674/5005,0.2689732142857143,False,False,False,"1,3/4,3/4,1,1/2,3/4,3/4",False,2.7755575615628914e-17,2,8,0.15714975068360945,False,False,False,655/896,False,1/2,0.17788136110541242,random_271,0,box,"1,3/4,3/4,1,1/2,3/4,3/4",0.13466533466533467,False,False,False
0.17587735999576307,False,False,False,"1,3/4,3/4,1,1/2,3/4,3/4",10919/80668,0.2699732142857143,False,False,False,"999/1000,749/1000,749/1000,999/1000,499/1000,749/1000,749/1000",True,0,2,8,0.15781721359072046,False,False,False,81763/112000,False,1/2,0.17763947430902299,random_271,1/1000,box,"1,751/1000,751/1000,1,501/1000,751/1000,751/1000",0.135357266822036,False,False,False
0.17895572620077135,False,False,False,"1,3/4,3/4,1,1/2,3/4,3/4",22963/166236,0.27397321428571431,False,False,False,"199/200,149/200,149/200,199/200,99/200,149/200,149/200",True,2.7755575615628914e-17,2,8,0.16049478309684662,False,False,False,16263/22400,False,1/2,0.17667234752065858,random_271,1/200,box,"1,151/200,151/200,1,101/200,151/200,151/200",0.13813494068673451,False,False,False
0.1828247145654783,False,False,False,"1,3/4,3/4,1,1/2,3/4,3/4",5027/35494,0.27897321428571431,False,False,False,"99/100,37/50,37/50,99/100,49/100,37/50,37/50",True,2.7755575615628914e-17,2,8,0.16385921089245384,False,False,False,16151/22400,False,1/2,0.17546439175113351,random_271,1/100,box,"1,19/25,19/25,1,51/100,19/25,19/25",0.14162957119513156,False,False,False
0.19063311651061918,False,False,False,"1,3/4,3/4,1,1/2,3/4,3/4",6113/41111,0.28897321428571426,False,False,False,"49/50,73/100,73/100,49/50,12/25,73/100,73/100",True,2.7755575615628914e-17,2,8,0.17064693132334849,False,False,False,15927/22400,False,1/2,0.17305169976720253,random_271,1/50,box,"1,77/100,77/100,1,13/25,77/100,77/100",0.14869499647296344,False,False,False
0.2146276412504784,False,False,False,"1,3/4,3/4,1,1/2,3/4,3/4",2743/16086,0.31897321428571429,False,False,False,"19/20,7/10,7/10,19/20,9/20,7/10,7/10",True,1.3877787807814457e-17,2,8,0.19149359038060221,False,False,False,3051/4480,False,1/2,0.16584024104603493,random_271,1/20,box,"1,4/5,4/5,1,11/20,4/5,4/5",0.17052094989431804,False,False,False
0.25655280262385238,False,False,False,"1,3/4,3/4,1,1/2,3/4,3/4",4859/23233,0.36897321428571428,False,False,False,"9/10,13/20,13/20,9/10,2/5,13/20,13/20",True,2.7755575615628914e-17,2,8,0.22793841532106646,False,False,False,2827/4480,False,1/2,0.15391602637354654,random_271,1/10,box,"1,17/20,17/20,1,3/5,17/20,17/20",0.20914216846726638,False,False,False
0.71242274125328042,False,False,False,"0,3/4,1/2,3/4,1/4,0,0",6321/9305,0.7918526785714286,False,False,False,"0,3/4,1/2,3/4,1/4,0,0",True,2.7755575615628914e-17,2,8,0.67931219774314888,False,False,False,373/1792,True,1/2,0.052036830357142849,random_811,0,box,"0,3/4,1/2,3/4,1/4,0,0",0.67931219774314888,False,False,False
0.7137124369343919,False,False,False,"0,3/4,1/2,3/4,1/4,0,0",791021/1162229,0.7928526785714286,False,False,False,"-1/1000,749/1000,499/1000,749/1000,249/1000,-1/1000,-1/1000",True,2.0816681711721685e-17,2,8,0.68060683393720167,False,False,False,46401/224000,True,1/2,0.051786830357142877,random_811,1/1000,box,"1/1000,751/1000,501/1000,751/1000,251/1000,1/1000,1/1000",0.68060683393720167,False,False,False
0.71888060369770534,False,False,False,"0,3/4,1/2,3/4,1/4,0,0",158921/231729,0.79685267857142861,False,False,False,"-1/200,149/200,99/200,149/200,49/200,-1/200,-1/200",True,2.7755575615628914e-17,2,8,0.68580540199974971,False,False,False,9101/44800,True,1/2,0.050786830357142876,random_811,1/200,box,"1/200,151/200,101/200,151/200,51/200,1/200,1/200",0.68580540199974971,False,False,False
0.7253618751763532,False,False,False,"0,3/4,1/2,3/4,1/4,0,0",159817/230833,0.80185267857142861,False,False,False,"-1/100,37/50,49/100,37/50,6/25,-1/100,-1/100",True,6.9388939039072284e-18,2,8,0.69234901422240325,False,False,False,8877/44800,True,1/2,0.049536830357142847,random_811,1/100,box,"1/100,19/25,51/100,19/25,13/50,1/100,1/100",0.69234901422240325,False,False,False
0.73824956554307475,False,False,False,"0,3/4,1/2,3/4,1/4,0,0",161609/229041,0.81185267857142862,False,False,False,"-1/50,73/100,12/25,73/100,23/100,-1/50,-1/50",True,1.3877787807814457e-17,2,8,0.70558982889526334,False,False,False,8429/44800,True,1/2,0.047036830357142845,random_811,1/50,box,"1/50,77/100,13/25,77/100,27/100,1/50,1/50",0.70558982889526334,False,False,False
0.77720201931264565,False,False,False,"0,3/4,1/2,3/4,1/4,0,0",2569/3441,0.84185267857142854,False,False,False,"-1/20,7/10,9/20,7/10,1/5,-1/20,-1/20",True,2.7755575615628914e-17,2,8,0.74658529497239179,False,False,False,1417/8960,True,1/2,0.039536830357142866,random_811,1/20,box,"1/20,4/5,11/20,4/5,3/10,1/20,1/20",0.74658529497239179,False,False,False
0.84442243961368002,False,False,False,"0,3/4,1/2,3/4,1/4,0,0",35189/42941,0.89185267857142858,False,False,False,"-1/10,13/20,2/5,13/20,3/20,-1/10,-1/10",True,3.4694469519536142e-18,2,8,0.81947323071190703,False,False,False,969/8960,True,1/2,0.027036830357142855,random_811,1/10,box,"1/10,17/20,3/5,17/20,7/20,1/10,1/10",0.81947323071190703,False,False,False
0.54907539538395955,False,False,False,"0,1,1/4,0,3/4,0,1/2",991/2113,0.6584821428571429,False,False,False,"0,1,1/4,0,3/4,0,1/2",False,1.3877787807814457e-17,2,8,0.48625393494228752,False,False,False,153/448,False,1/2,0.082512268598725569,random_1619,0,box,"0,1,1/4,0,3/4,0,1/2",0.46900141978230003,False,False,False
0.55023462848477445,False,False,False,"0,1,1/4,0,3/4,0,1/2",496629/1054708,0.65948214285714291,False,False,False,"-1/1000,999/1000,249/1000,-1/1000,749/1000,-1/1000,499/1000",True,1.3877787807814457e-17,2,8,0.48737266393022582,False,False,False,19069/56000,False,1/2,0.082388735718468067,random_1619,1/1000,box,"1/1000,1,251/1000,1/1000,751/1000,1/1000,501/1000",0.47086871437402578,False,False,False
0.55488165589114424,False,False,False,"0,1,1/4,0,3/4,0,1/2",100229/209508,0.66348214285714291,False,False,False,"-1/200,199/200,49/200,-1/200,149/200,-1/200,99/200",True,2.7755575615628914e-17,2,8,0.49186447247571141,False,False,False,3769/11200,False,1/2,0.081900513357538451,random_1619,1/200,box,"1/200,1,51/200,1/200,151/200,1/200,101/200",0.47840177940699163,False,False,False
0.56071312589232281,False,False,False,"0,1,1/4,0,3/4,0,1/2",50679/103858,0.6684821428571428,False,False,False,"-1/100,99/100,6/25,-1/100,37/50,-1/100,49/100",True,1.3877787807814457e-17,2,8,0.49751752954012973,False,False,False,3713/11200,False,1/2,0.081303760423422397,random_1619,1/100,box,"1/100,1,13/50,1/100,19/25,1/100,51/100",0.48796433592019872,False,False,False
0.57245150114834131,False,False,False,"0,1,1/4,0,3/4,0,1/2",25904/51033,0.67848214285714281,False,False,False,"-1/50,49/50,23/100,-1/50,73/100,-1/50,12/25",True,0,2,8,0.50895315043508649,False,False,False,3601/11200,False,1/2,0.080156841873456883,random_1619,1/50,box,"1/50,1,27/100,1/50,77/100,1/50,13/25",0.50759312601649909,False,False,False
0.60826633059765911,False,False,False,"0,1,1/4,0,3/4,0,1/2",12481/22929,0.70848214285714284,False,False,False,"-1/20,19/20,1/5,-1/20,7/10,-1/20,9/20",True,4.163336342344337e-17,2,8,0.5443325046883859,False,False,False,653/2240,False,1/2,0.072879464285714249,random_1619,1/20,box,"1/20,1,3/10,1/20,4/5,1/20,11/20",0.5443325046883859,False,False,False
0.66992790847241457,False,False,False,"0,1,1/4,0,3/4,0,1/2",13377/22033,0.75848214285714288,False,False,False,"-1/10,9/10,3/20,-1/10,13/20,-1/10,2/5",True,6.9388939039072284e-18,2,8,0.60713475241682935,False,False,False,541/2240,False,1/2,0.060379464285714279,random_1619,1/10,box,"1/10,1,7/20,1/10,17/20,1/10,3/5",0.60713475241682935,False,False,False
1,False,False,False,"0,0,0,0,0,0,0",1,1,False,False,False,"0,0,0,0,0,0,0",True,0,1,8,1,False,False,False,0,True,9/10,,constant_0,0,box,"0,0,0,0,0,0,0",1,False,False,False
1,False,False,False,"0,0,0,0,0,0,0",1,1,False,False,False,"-1/1000,-1/1000,-1/1000,-1/1000,-1/1000,-1/1000,-1/1000",True,4.3368086899420177e-19,1,8,1,False,False,False,-1/1000,True,9/10,,constant_0,1/1000,box,"1/1000,1/1000,1/1000,1/1000,1/1000,1/1000,1/1000",1,False,False,False
1,False,False,False,"0,0,0,0,0,0,0",1,1,False,False,False,"-1/200,-1/200,-1/200,-1/200,-1/200,-1/200,-1/200",True,2.1684043449710089e-18,1,8,1,False,False,False,-1/200,True,9/10,,constant_0,1/200,box,"1/200,1/200,1/200,1/200,1/200,1/200,1/200",1,False,False,False
1,False,False,False,"0,0,0,0,0,0,0",1,1,False,False,False,"-1/100,-1/100,-1/100,-1/100,-1/100,-1/100,-1/100",True,4.3368086899420177e-18,1,8,1,False,False,False,-1/100,True,9/10,,constant_0,1/100,box,"1/100,1/100,1/100,1/100,1/100,1/100,1/100",1,False,False,False
1,False,False,False,"0,0,0,0,0,0,0",1,1,False,False,False,"-1/50,-1/50,-1/50,-1/50,-1/50,-1/50,-1/50",True,8.6736173798840355e-18,1,8,1,False,False,False,-1/50,True,9/10,,constant_0,1/50,box,"1/50,1/50,1/50,1/50,1/50,1/50,1/50",1,False,False,False
1,False,False,False,"0,0,0,0,0,0,0",1,1,False,False,False,"-1/20,-1/20,-1/20,-1/20,-1/20,-1/20,-1/20",True,2.0816681711721685e-17,1,8,1,False,False,False,-1/20,True,9/10,,constant_0,1/20,box,"1/20,1/20,1/20,1/20,1/20,1/20,1/20",1,False,False,False
1,False,False,False,"0,0,0,0,0,0,0",1,1,False,False,False,"-1/10,-1/10,-1/10,-1/10,-1/10,-1/10,-1/10",True,4.163336342344337e-17,1,8,1,False,False,False,-1/10,True,9/10,,constant_0,1/10,box,"1/10,1/10,1/10,1/10,1/10,1/10,1/10",1,False,False,False
0.83248998801906771,False,False,False,"1/10,1/10,1/10,1/10,1/10,1/10,1/10",9/11,0.90000000000000002,False,False,False,"1/10,1/10,1/10,1/10,1/10,1/10,1/10",True,3.4694469519536142e-17,2,8,0.81818181818181823,False,False,False,1/10,True,9/10,0.024999999999999967,constant_1/10,0,box,"1/10,1/10,1/10,1/10,1/10,1/10,1/10",0.81818181818181823,False,False,False
0.83404060012694614,False,False,False,"1/10,1/10,1/10,1/10,1/10,1/10,1/10",901/1099,0.90100000000000002,False,False,False,"99/1000,99/1000,99/1000,99/1000,99/1000,99/1000,99/1000",True,3.4694469519536142e-17,2,8,0.81983621474067336,False,False,False,99/1000,True,9/10,0.024749999999999966,constant_1/10,1/1000,box,"101/1000,101/1000,101/1000,101/1000,101/1000,101/1000,101/1000",0.81983621474067336,False,False,False
0.8402663987662784,False,False,False,"1/10,1/10,1/10,1/10,1/10,1/10,1/10",181/219,0.90500000000000003,False,False,False,"19/200,19/200,19/200,19/200,19/200,19/200,19/200",True,3.4694469519536142e-17,2,8,0.82648401826484019,False,False,False,19/200,True,9/10,0.023749999999999966,constant_1/10,1/200,box,"21/200,21/200,21/200,21/200,21/200,21/200,21/200",0.82648401826484019,False,False,False
0.84810158210471698,False,False,False,"1/10,1/10,1/10,1/10,1/10,1/10,1/10",91/109,0.91000000000000003,False,False,False,"9/100,9/100,9/100,9/100,9/100,9/100,9/100",True,2.7755575615628914e-17,2,8,0.83486238532110091,False,False,False,9/100,True,9/10,0.022499999999999992,constant_1/10,1/100,box,"11/100,11/100,11/100,11/100,11/100,11/100,11/100",0.83486238532110091,False,False,False
0.86395095200184302,False,False,False,"1/10,1/10,1/10,1/10,1/10,1/10,1/10",23/27,0.92000000000000004,False,False,False,"2/25,2/25,2/25,2/25,2/25,2/25,2/25",True,3.8163916471489756e-17,2,8,0.85185185185185186,False,False,False,2/25,True,9/10,0.019999999999999962,constant_1/10,1/50,box,"3/25,3/25,3/25,3/25,3/25,3/25,3/25",0.85185185185185186,False,False,False
0.91298130908380182,False,False,False,"1/10,1/10,1/10,1/10,1/10,1/10,1/10",19/21,0.94999999999999996,False,False,False,"1/20,1/20,1/20,1/20,1/20,1/20,1/20",True,1.7347234759768071e-17,2,8,0.90476190476190477,False,False,False,1/20,True,9/10,0.012499999999999983,constant_1/10,1/20,box,"3/20,3/20,3/20,3/20,3/20,3/20,3/20",0.90476190476190477,False,False,False
1,False,False,False,"1/10,1/10,1/10,1/10,1/10,1/10,1/10",1,1,False,False,False,"0,0,0,0,0,0,0",True,0,1,8,1,False,False,False,0,True,9/10,,constant_1/10,1/10,box,"1/5,1/5,1/5,1/5,1/5,1/5,1/5",1,False,False,False
0.35575277508506903,False,False,False,"1/2,1/2,1/2,1/2,1/2,1/2,1/2",1/3,0.5,False,False,False,"1/2,1/2,1/2,1/2,1/2,1/2,1/2",True,1.3877787807814457e-17,2,8,0.33333333333333331,False,False,False,1/2,True,9/10,0.125,constant_1/2,0,box,"1/2,1/2,1/2,1/2,1/2,1/2,1/2",0.33333333333333331,False,False,False
0.3566700753095336,False,False,False,"1/2,1/2,1/2,1/2,1/2,1/2,1/2",501/1499,0.501,False,False,False,"499/1000,499/1000,499/1000,499/1000,499/1000,499/1000,499/1000",True,1.3877787807814457e-17,2,8,0.33422281521014008,False,False,False,499/1000,True,9/10,0.12475,constant_1/2,1/1000,box,"501/1000,501/1000,501/1000,501/1000,501/1000,501/1000,501/1000",0.33422281521014008,False,False,False
0.36034989227510128,False,False,False,"1/2,1/2,1/2,1/2,1/2,1/2,1/2",101/299,0.505,False,False,False,"99/200,99/200,99/200,99/200,99/200,99/200,99/200",True,0,2,8,0.33779264214046822,False,False,False,99/200,True,9/10,0.12375,constant_1/2,1/200,box,"101/200,101/200,101/200,101/200,101/200,101/200,101/200",0.33779264214046822,False,False,False
0.36497368825467857,False,False,False,"1/2,1/2,1/2,1/2,1/2,1/2,1/2",51/149,0.51000000000000001,False,False,False,"49/100,49/100,49/100,49/100,49/100,49/100,49/100",True,0,2,8,0.34228187919463088,False,False,False,49/100,True,9/10,0.1225,constant_1/2,1/100,box,"51/100,51/100,51/100,51/100,51/100,51/100,51/100",0.34228187919463088,False,False,False
0.37430225096698377,False,False,False,"1/2,1/2,1/2,1/2,1/2,1/2,1/2",13/37,0.52000000000000002,False,False,False,"12/25,12/25,12/25,12/25,12/25,12/25,12/25",True,1.3877787807814457e-17,2,8,0.35135135135135137,False,False,False,12/25,True,9/10,0.12,constant_1/2,1/50,box,"13/25,13/25,13/25,13/25,13/25,13/25,13/25",0.35135135135135137,False,False,False
0.40295302368098856,False,False,False,"1/2,1/2,1/2,1/2,1/2,1/2,1/2",11/29,0.55000000000000004,False,False,False,"9/20,9/20,9/20,9/20,9/20,9/20,9/20",True,1.3877787807814457e-17,2,8,0.37931034482758619,False,False,False,9/20,True,9/10,0.11249999999999999,constant_1/2,1/20,box,"11/20,11/20,11/20,11/20,11/20,11/20,11/20",0.37931034482758619,False,False,False
0.45304343331046998,False,False,False,"1/2,1/2,1/2,1/2,1/2,1/2,1/2",3/7,0.59999999999999998,False,False,False,"2/5,2/5,2/5,2/5,2/5,2/5,2/5",True,1.3877787807814457e-17,2,8,0.42857142857142855,False,False,False,2/5,True,9/10,0.10000000000000001,constant_1/2,1/10,box,"3/5,3/5,3/5,3/5,3/5,3/5,3/5",0.42857142857142855,False,False,False
0.054235928454639482,True,False,False,"9/10,9/10,9/10,9/10,9/10,9/10,9/10",1/19,0.10000000000000001,True,False,False,"9/10,9/10,9/10,9/10,9/10,9/10,9/10",True,2.7755575615628914e-17,2,8,0.052631578947368418,True,False,False,9/10,True,9/10,0.22499999999999998,constant_9/10,0,box,"9/10,9/10,9/10,9/10,9/10,9/10,9/10",0.052631578947368418,True,False,False
0.054816940574774119,True,False,False,"9/10,9/10,9/10,9/10,9/10,9/10,9/10",101/1899,0.10100000000000001,False,False,False,"899/1000,899/1000,899/1000,899/1000,899/1000,899/1000,899/1000",True,3.4694469519536142e-18,2,8,0.053185887309110058,True,False,False,899/1000,True,9/10,0.22475000000000001,constant_9/10,1/1000,box,"901/1000,901/1000,901/1000,901/1000,901/1000,901/1000,901/1000",0.053185887309110058,True,False,False
0.05714901903693069,True,False,False,"9/10,9/10,9/10,9/10,9/10,9/10,9/10",21/379,0.105,False,False,False,"179/200,179/200,179/200,179/200,179/200,179/200,179/200",True,1.7347234759768071e-18,2,8,0.055408970976253295,True,False,False,179/200,True,9/10,0.22375,constant_9/10,1/200,box,"181/200,181/200,181/200,181/200,181/200,181/200,181/200",0.055408970976253295,True,False,False
0.06008226613572145,True,False,False,"9/10,9/10,9/10,9/10,9/10,9/10,9/10",11/189,0.11,False,False,False,"89/100,89/100,89/100,89/100,89/100,89/100,89/100",True,2.7755575615628914e-17,2,8,0.058201058201058198,True,False,False,89/100,True,9/10,0.22250000000000003,constant_9/10,1/100,box,"91/100,91/100,91/100,91/100,91/100,91/100,91/100",0.058201058201058198,True,False,False
0.066009774447389202,True,False,False,"9/10,9/10,9/10,9/10,9/10,9/10,9/10",3/47,0.12,False,False,False,"22/25,22/25,22/25,22/25,22/25,22/25,22/25",True,0,2,8,0.063829787234042548,True,False,False,22/25,True,9/10,0.22,constant_9/10,1/50,box,"23/25,23/25,23/25,23/25,23/25,23/25,23/25",0.063829787234042548,True,False,False
0.084290245696528973,True,False,False,"9/10,9/10,9/10,9/10,9/10,9/10,9/10",3/37,0.14999999999999999,False,False,False,"17/20,17/20,17/20,17/20,17/20,17/20,17/20",True,6.9388939039072284e-18,2,8,0.081081081081081086,True,False,False,17/20,True,9/10,0.21249999999999999,constant_9/10,1/20,box,"19/20,19/20,19/20,19/20,19/20,19/20,19/20",0.081081081081081086,True,False,False
0.11648326583439933,False,False,False,"9/10,9/10,9/10,9/10,9/10,9/10,9/10",1/9,0.20000000000000001,False,False,False,"4/5,4/5,4/5,4/5,4/5,4/5,4/5",True,2.7755575615628914e-17,2,8,0.1111111111111111,False,False,False,4/5,True,9/10,0.20000000000000004,constant_9/10,1/10,box,"1,1,1,1,1,1,1",0.1111111111111111,False,False,False
0,True,True,True,"1,1,1,1,1,1,1",0,0,True,True,True,"1,1,1,1,1,1,1",False,0,2,8,0,True,True,True,1,False,9/10,0.25,constant_1,0,box,"1,1,1,1,1,1,1",0,True,True,True
0.00050062310254623123,True,True,True,"1,1,1,1,1,1,1",1/1999,0.001,True,True,True,"999/1000,999/1000,999/1000,999/1000,999/1000,999/1000,999/1000",True,2.7755575615628914e-17,2,8,0.00050025012506253123,True,True,True,999/1000,False,9/10,0.24975000000000003,constant_1,1/1000,box,"1,1,1,1,1,1,1",0.00050025012506253123,True,True,True
0.002514110635180416,True,True,True,"1,1,1,1,1,1,1",1/399,0.0050000000000000001,True,True,True,"199/200,199/200,199/200,199/200,199/200,199/200,199/200",True,2.7755575615628914e-17,2,8,0.0025062656641604009,True,True,True,199/200,False,9/10,0.24874999999999997,constant_1,1/200,box,"1,1,1,1,1,1,1",0.0025062656641604009,True,True,True
0.0050518586163758221,True,True,True,"1,1,1,1,1,1,1",1/199,0.01,True,True,True,"99/100,99/100,99/100,99/100,99/100,99/100,99/100",True,2.1684043449710089e-18,2,8,0.0050251256281407036,True,True,True,99/100,False,9/10,0.2475,constant_1,1/100,box,"1,1,1,1,1,1,1",0.0050251256281407036,True,True,True
0.010198960036255113,True,False,True,"1,1,1,1,1,1,1",1/99,0.02,True,False,True,"49/50,49/50,49/50,49/50,49/50,49/50,49/50",True,4.3368086899420177e-18,2,8,0.010101010101010102,True,False,True,49/50,False,9/10,0.245,constant_1,1/50,box,"1,1,1,1,1,1,1",0.010101010101010102,True,False,True
0.026183875392102936,True,False,True,"1,1,1,1,1,1,1",1/39,0.050000000000000003,True,False,True,"19/20,19/20,19/20,19/20,19/20,19/20,19/20",True,2.7755575615628914e-17,2,8,0.02564102564102564,True,False,True,19/20,False,9/10,0.23749999999999996,constant_1,1/20,box,"1,1,1,1,1,1,1",0.02564102564102564,True,False,True
0.054235928454639482,True,False,False,"1,1,1,1,1,1,1",1/19,0.10000000000000001,True,False,False,"9/10,9/10,9/10,9/10,9/10,9/10,9/10",True,2.7755575615628914e-17,2,8,0.052631578947368418,True,False,False,9/10,False,9/10,0.22499999999999998,constant_1,1/10,box,"1,1,1,1,1,1,1",0.052631578947368418,True,False,False
0.026183875392102936,True,False,True,"0,1/6,1/3,1/2,2/3,5/6,1",0,0.050000000000000003,True,False,True,"0,1/6,1/3,1/2,2/3,5/6,1",False,0,2,8,0.017241379310344827,True,False,True,19/20,False,9/10,0.23333333333333334,ascending,0,box,"0,1/6,1/3,1/2,2/3,5/6,1",0,True,True,True
0.026726167258692826,True,False,True,"0,1/6,1/3,1/2,2/3,5/6,1",69140163/132596326000,0.050999999999999997,True,False,False,"-1/1000,497/3000,997/3000,499/1000,1997/3000,2497/3000,999/1000",True,2.1684043449710089e-19,2,8,0.017767810936691393,True,False,True,949/1000,False,9/10,0.23308428124814357,ascending,1/1000,box,"1/1000,503/3000,1003/3000,501/1000,2003/3000,2503/3000,1",0.00052143347471030228,True,True,True
0.028902827262903507,True,False,True,"0,1/6,1/3,1/2,2/3,5/6,1",69140163/26452065200,0.055,True,False,False,"-1/200,97/600,197/600,99/200,397/600,497/600,199/200",True,1.0842021724855044e-18,2,8,0.019878997407087293,True,False,True,189/200,False,9/10,0.23208836583025527,ascending,1/200,box,"1/200,103/600,203/600,101/200,403/600,503/600,1",0.0026137907372162381,True,True,True
0.031640590127643829,True,False,True,"0,1/6,1/3,1/2,2/3,5/6,1",69140163/13184032600,0.059999999999999998,True,False,False,"-1/100,47/300,97/300,49/100,197/300,247/300,99/100",True,2.7755575615628914e-17,2,8,0.022530329289428077,True,False,True,47/50,False,9/10,0.23084413483355665,ascending,1/100,box,"1/100,53/300,103/300,51/100,203/300,253/300,1",0.0052442348329751554,True,True,True
0.037173081326837693,True,False,True,"0,1/6,1/3,1/2,2/3,5/6,1",69140163/6550016300,0.070000000000000007,True,False,False,"-1/50,11/75,47/150,12/25,97/150,61/75,49/50",True,3.903127820947816e-18,2,8,0.027874564459930314,True,False,True,93/100,False,9/10,0.22835791069504507,ascending,1/50,box,"1/50,14/75,53/150,13/25,103/150,64/75,1",0.010555723807893425,True,False,True
0.054235928454639482,True,False,False,"0,1/6,1/3,1/2,2/3,5/6,1",69140163/2569606520,0.10000000000000001,True,False,False,"-1/20,7/60,17/60,9/20,37/60,47/60,19/20",True,2.7755575615628914e-17,2,8,0.044247787610619468,True,False,True,9/10,False,9/10,0.22091766783528383,ascending,1/20,box,"1/20,13/60,23/60,11/20,43/60,53/60,1",0.026906906743060413,True,False,True
0.084290245696528973,True,False,False,"0,1/6,1/3,1/2,2/3,5/6,1",69140163/1242803260,0.14999999999999999,False,False,False,"-1/10,1/15,7/30,2/5,17/30,11/15,9/10",True,2.7755575615628914e-17,2,8,0.072727272727272724,True,False,False,17/20,False,9/10,0.20858243183491182,ascending,1/10,box,"1/10,4/15,13/30,3/5,23/30,14/15,1",0.055632428096463155,True,False,False
0.91298130908380182,False,False,False,"1,5/6,2/3,1/2,1/3,1/6,0",29/32,0.94999999999999996,False,False,False,"1,5/6,2/3,1/2,1/3,1/6,0",False,1.7347234759768071e-17,2,8,0.90625,False,False,False,1/20,False,9/10,0.012499999999999983,descending,0,box,"1,5/6,2/3,1/2,1/3,1/6,0",0.90625,False,False,False
0.91465517018894538,False,False,False,"1,5/6,2/3,1/2,1/3,1/6,0",2903/3197,0.95099999999999996,False,False,False,"999/1000,2497/3000,1997/3000,499/1000,997/3000,497/3000,-1/1000",True,1.0408340855860843e-17,2,8,0.90803878636221458,False,False,False,49/1000,False,9/10,0.012250000000000011,descending,1/1000,box,"1,2503/3000,2003/3000,501/1000,1003/3000,503/3000,1/1000",0.90803878636221458,False,False,False
0.92137680684000756,False,False,False,"1,5/6,2/3,1/2,1/3,1/6,0",583/637,0.95499999999999996,False,False,False,"199/200,497/600,397/600,99/200,197/600,97/600,-1/200",True,1.0408340855860843e-17,2,8,0.9152276295133438,False,False,False,9/200,False,9/10,0.01125000000000001,descending,1/200,box,"1,503/600,403/600,101/200,203/600,103/600,1/200",0.9152276295133438,False,False,False
0.92983824806514348,False,False,False,"1,5/6,2/3,1/2,1/3,1/6,0",293/317,0.95999999999999996,False,False,False,"99/100,247/300,197/300,49/100,97/300,47/300,-1/100",True,1.9081958235744878e-17,2,8,0.9242902208201893,False,False,False,1/25,False,9/10,0.0099999999999999811,descending,1/100,box,"1,253/300,203/300,51/100,103/300,53/300,1/100",0.9242902208201893,False,False,False
0.94696209329227887,False,False,False,"1,5/6,2/3,1/2,1/3,1/6,0",148/157,0.96999999999999997,False,False,False,"49/50,61/75,97/150,12/25,47/150,11/75,-1/50",True,6.9388939039072284e-18,2,8,0.9426751592356688,False,False,False,3/100,False,9/10,0.0075000000000000067,descending,1/50,box,"1,64/75,103/150,13/25,53/150,14/75,1/50",0.9426751592356688,False,False,False
1,False,False,False,"1,5/6,2/3,1/2,1/3,1/6,0",1,1,False,False,False,"19/20,47/60,37/60,9/20,17/60,7/60,-1/20",True,5.5511151231257827e-17,1,8,1,False,False,False,0,False,9/10,,descending,1/20,box,"1,53/60,43/60,11/20,23/60,13/60,1/20",1,False,False,False
1,False,False,False,"1,5/6,2/3,1/2,1/3,1/6,0",1,1,False,False,False,"9/10,11/15,17/30,2/5,7/30,1/15,-1/10",True,7.6327832942979512e-17,1,8,1,False,False,False,-1/20,False,9/10,,descending,1/10,box,"1,14/15,23/30,3/5,13/30,4/15,1/10",1,False,False,False
0.66484223099395989,False,False,False,"0,1,0,1,0,1,0",737411/1118483,0.7822445714285714,False,False,False,"0,1,0,1,0,1,0",False,4.8572257327350599e-17,2,8,0.65929567101153974,False,False,False,23817/109375,False,9/10,0.054438857142857094,alternating,0,box,"0,1,0,1,0,1,0",0.65929567101153974,False,False,False
0.66615127960181741,False,False,False,"0,1,0,1,0,1,0",369143/558804,0.7832445714285714,False,False,False,"-1/1000,999/1000,-1/1000,999/1000,-1/1000,999/1000,-1/1000",True,6.9388939039072284e-18,2,8,0.66059477025933955,False,False,False,189661/875000,False,9/10,0.05418885714285715,alternating,1/1000,box,"1/1000,1,1/1000,1,1/1000,1,1/1000",0.66059477025933955,False,False,False
0.67140558118774762,False,False,False,"0,1,0,1,0,1,0",370893/557054,0.7872445714285714,False,False,False,"-1/200,199/200,-1/200,199/200,-1/200,199/200,-1/200",True,2.7755575615628914e-17,2,8,0.6658115730252363,False,False,False,186161/875000,False,9/10,0.053188857142857149,alternating,1/200,box,"1/200,1,1/200,1,1/200,1,1/200",0.6658115730252363,False,False,False
0.67801448201711978,False,False,False,"0,1,0,1,0,1,0",746161/1109733,0.79224457142857141,False,False,False,"-1/100,99/100,-1/100,99/100,-1/100,99/100,-1/100",True,2.7755575615628914e-17,2,8,0.67237885148950238,False,False,False,90893/437500,False,9/10,0.05193885714285712,alternating,1/100,box,"1/100,1,1/100,1,1/100,1,1/100",0.67237885148950238,False,False,False
0.69137084560797202,False,False,False,"0,1,0,1,0,1,0",754911/1100983,0.80224457142857142,False,False,False,"-1/50,49/50,-1/50,49/50,-1/50,49/50,-1/50",True,2.7755575615628914e-17,2,8,0.68566998763831954,False,False,False,43259/218750,False,9/10,0.049438857142857145,alternating,1/50,box,"1/50,1,1/50,1,1/50,1,1/50",0.68566998763831954,False,False,False
0.73258403938624139,False,False,False,"0,1,0,1,0,1,0",781161/1074733,0.83224457142857144,False,False,False,"-1/20,19/20,-1/20,19/20,-1/20,19/20,-1/20",True,6.2450045135165055e-17,2,8,0.72684192259845004,False,False,False,73393/437500,False,9/10,0.041938857142857083,alternating,1/20,box,"1/20,1,1/20,1,1/20,1,1/20",0.72684192259845004,False,False,False
0.80534044978588892,False,False,False,"0,1,0,1,0,1,0",824911/1030983,0.88224457142857138,False,False,False,"-1/10,9/10,-1/10,9/10,-1/10,9/10,-1/10",True,4.163336342344337e-17,2,8,0.80012085553302048,False,False,False,25759/218750,False,9/10,0.0294388571428571,alternating,1/10,box,"1/10,1,1/10,1,1/10,1,1/10",0.80012085553302048,False,False,False
0.15683174172353018,False,False,False,"1,3/4,3/4,1,1/2,3/4,3/4",13703202/95140621,0.2582012142857143,False,False,False,"1,3/4,3/4,1,1/2,3/4,3/4",False,6.9388939039072284e-18,2,8,0.14641759431243859,False,False,False,10385183/14000000,False,9/10,0.18493119122315754,random_271,0,box,"1,3/4,3/4,1,1/2,3/4,3/4",0.14403103381046883,False,False,False
0.15755318997400558,False,False,False,"1,3/4,3/4,1,1/2,3/4,3/4",1375810597/9508462100,0.2592012142857143,False,False,False,"999/1000,749/1000,749/1000,999/1000,499/1000,749/1000,749/1000",True,2.7755575615628914e-17,2,8,0.14707756116802545,False,False,False,10371183/14000000,False,9/10,0.18468198510672046,random_271,1/1000,box,"1,751/1000,751/1000,1,501/1000,751/1000,751/1000",0.14469328294425235,False,False,False
0.16044872984935843,False,False,False,"1,3/4,3/4,1,1/2,3/4,3/4",279554437/1897212420,0.2632012142857143,False,False,False,"199/200,149/200,149/200,199/200,99/200,149/200,149/200",True,2.7755575615628914e-17,2,8,0.14972504468990402,False,False,False,10315183/14000000,False,9/10,0.18368519889946722,random_271,1/200,box,"1,151/200,151/200,1,101/200,151/200,151/200",0.14735009851980624,False,False,False
0.1640901635807325,False,False,False,"1,3/4,3/4,1,1/2,3/4,3/4",142522417/945806210,0.26820121428571431,False,False,False,"99/100,37/50,37/50,99/100,49/100,37/50,37/50",True,2.7755575615628914e-17,2,8,0.15305163447936304,False,False,False,10245183/14000000,False,9/10,0.18243930273169279,random_271,1/100,box,"1,19/25,19/25,1,51/100,19/25,19/25",0.15068881499519865,False,False,False
0.17144688819080203,False,False,False,"1,3/4,3/4,1,1/2,3/4,3/4",74006407/470103105,0.27820121428571426,False,False,False,"49/50,73/100,73/100,49/50,12/25,73/100,73/100",True,2.0816681711721685e-17,2,8,0.15976290069289306,False,False,False,10105183/14000000,False,9/10,0.17994780230020013,random_271,1/50,box,"1,77/100,77/100,1,13/25,77/100,77/100",0.15742590553619082,False,False,False
0.19411715553572262,False,False,False,"1,3/4,3/4,1,1/2,3/4,3/4",32896801/184681242,0.30820121428571429,False,False,False,"19/20,7/10,7/10,19/20,9/20,7/10,7/10",True,2.7755575615628914e-17,2,8,0.18037377994177484,False,False,False,9685183/14000000,False,9/10,0.1724756999672839,random_271,1/20,box,"1,4/5,4/5,1,11/20,4/5,4/5",0.17812746245230471,False,False,False
0.23396086149288636,False,False,False,"1,3/4,3/4,1,1/2,3/4,3/4",19193599/89540621,0.35820121428571428,False,False,False,"9/10,13/20,13/20,9/10,2/5,13/20,13/20",True,6.9388939039072284e-18,2,8,0.21640288699291368,False,False,False,8985183/14000000,False,9/10,0.1600306427212114,random_271,1/10,box,"1,17/20,17/20,1,3/5,17/20,17/20",0.21435633107793611,False,False,False
0.97806734794833206,False,False,False,"0,3/4,1/2,3/4,1/4,0,0",111310193/114050009,0.98776867857142858,False,False,False,"0,3/4,1/2,3/4,1/4,0,0",True,3.0357660829594124e-17,2,8,0.97597706458751787,False,False,False,342477/28000000,True,9/10,0.0030578303571428267,random_811,0,box,"0,3/4,1/2,3/4,1/4,0,0",0.97597706458751787,False,False,False
0.97984431815996953,False,False,False,"0,3/4,1/2,3/4,1/4,0,0",111422193/113938009,0.98876867857142858,False,False,False,"-1/1000,749/1000,499/1000,749/1000,249/1000,-1/1000,-1/1000",True,2.7755575615628914e-17,2,8,0.97791943160951667,False,False,False,314477/28000000,True,9/10,0.002807830357142882,random_811,1/1000,box,"1/1000,751/1000,501/1000,751/1000,251/1000,1/1000,1/1000",0.97791943160951667,False,False,False
0.98698085133814673,False,False,False,"0,3/4,1/2,3/4,1/4,0,0",111870193/113490009,0.99276867857142859,False,False,False,"-1/200,149/200,99/200,149/200,49/200,-1/200,-1/200",True,2.3852447794681098e-17,2,8,0.98572723701167386,False,False,False,202477/28000000,True,9/10,0.0018078303571428811,random_811,1/200,box,"1/200,151/200,101/200,151/200,51/200,1/200,1/200",0.98572723701167386,False,False,False
0.99596650740802983,False,False,False,"0,3/4,1/2,3/4,1/4,0,0",112430193/112930009,0.99776867857142859,False,False,False,"-1/100,37/50,49/100,37/50,6/25,-1/100,-1/100",True,2.7755575615628914e-17,2,8,0.9955741082071462,False,False,False,62477/28000000,True,9/10,0.00055783035714285223,random_811,1/100,box,"1/100,19/25,51/100,19/25,13/50,1/100,1/100",0.9955741082071462,False,False,False
1,False,False,False,"0,3/4,1/2,3/4,1/4,0,0",1,1,False,False,False,"-1/50,73/100,12/25,73/100,23/100,-1/50,-1/50",True,1.4311468676808659e-17,1,8,1,False,False,False,-217523/28000000,True,9/10,,random_811,1/50,box,"1/50,77/100,13/25,77/100,27/100,1/50,1/50",1,False,False,False
1,False,False,False,"0,3/4,1/2,3/4,1/4,0,0",1,1,False,False,False,"-1/20,7/10,9/20,7/10,1/5,-1/20,-1/20",True,2.7755575615628914e-17,1,8,1,False,False,False,-1057523/28000000,True,9/10,,random_811,1/20,box,"1/20,4/5,11/20,4/5,3/10,1/20,1/20",1,False,False,False
1,False,False,False,"0,3/4,1/2,3/4,1/4,0,0",1,1,False,False,False,"-1/10,13/20,2/5,13/20,3/20,-1/10,-1/10",True,4.8572257327350599e-17,1,8,1,False,False,False,-2457523/28000000,True,9/10,,random_811,1/10,box,"1/10,17/20,3/5,17/20,7/20,1/10,1/10",1,False,False,False
0.45279169339807618,False,False,False,"0,1,1/4,0,3/4,0,1/2",23324351/59346113,0.59975614285714285,False,False,False,"0,1,1/4,0,3/4,0,1/2",False,2.7755575615628914e-17,2,8,0.41750343791685907,False,False,False,2801707/7000000,False,9/10,0.095855621791372983,random_1619,0,box,"0,1,1/4,0,3/4,0,1/2",0.39302238716122823,False,False,False
0.45382449694518062,False,False,False,"0,1,1/4,0,3/4,0,1/2",6774361/17185540,0.60075614285714285,False,False,False,"-1/1000,999/1000,249/1000,-1/1000,749/1000,-1/1000,499/1000",True,1.3877787807814457e-17,2,8,0.41853567381310358,False,False,False,2794707/7000000,False,9/10,0.095631849939172411,random_1619,1/1000,box,"1/1000,1,251/1000,1/1000,751/1000,1/1000,501/1000",0.39418959194764902,False,False,False
0.45796839618124691,False,False,False,"0,1,1/4,0,3/4,0,1/2",94241293/236264452,0.60475614285714285,False,False,False,"-1/200,199/200,49/200,-1/200,149/200,-1/200,99/200",True,1.3877787807814457e-17,2,8,0.42267969494405072,False,False,False,2766707/7000000,False,9/10,0.094737632562236454,random_1619,1/200,box,"1/200,1,51/200,1/200,151/200,1/200,101/200",0.39888054340057894,False,False,False
0.46317698739799296,False,False,False,"0,1,1/4,0,3/4,0,1/2",15864197/39190742,0.60975614285714286,False,False,False,"-1/100,99/100,6/25,-1/100,37/50,-1/100,49/100",True,0,2,8,0.42789389450633492,False,False,False,2731707/7000000,False,9/10,0.093621837060710103,random_1619,1/100,box,"1/100,1,13/50,1/100,19/25,1/100,51/100",0.40479450478380841,False,False,False
0.47369102103179112,False,False,False,"0,1,1/4,0,3/4,0,1/2",24268240/58226113,0.61975614285714287,False,False,False,"-1/50,49/50,23/100,-1/50,73/100,-1/50,12/25",True,1.3877787807814457e-17,2,8,0.43843780229634755,False,False,False,2661707/7000000,False,9/10,0.091396953831881247,random_1619,1/50,box,"1/50,1,27/100,1/50,77/100,1/50,13/25",0.41679306327729621,False,False,False
0.50602995179872279,False,False,False,"0,1,1/4,0,3/4,0,1/2",51368147/113092226,0.64975614285714289,False,False,False,"-1/20,19/20,1/5,-1/20,7/10,-1/20,9/20",True,2.7755575615628914e-17,2,8,0.47102499658394659,False,False,False,2451707/7000000,False,9/10,0.084778357816179511,random_1619,1/20,box,"1/20,1,3/10,1/20,4/5,1/20,11/20",0.45421466016594281,False,False,False
0.56274016610183319,False,False,False,"0,1,1/4,0,3/4,0,1/2",9347932/17915371,0.69975614285714283,False,False,False,"-1/10,9/10,3/20,-1/10,13/20,-1/10,2/5",True,1.3877787807814457e-17,2,8,0.52874684161221375,False,False,False,2101707/7000000,False,9/10,0.073951731324089595,random_1619,1/10,box,"1/10,1,7/20,1/10,17/20,1/10,3/5",0.52178277524925387,False,False,False
1,False,False,False,"0,0,0,0,0,0,0,0,0,0,0,0,0,0,0",1,1,False,False,False,"0,0,0,0,0,0,0,0,0,0,0,0,0,0,0",True,0,1,16,1,False,False,False,0,True,1/10,,constant_0,0,box,"0,0,0,0,0,0,0,0,0,0,0,0,0,0,0",1,False,False,False
1,False,False,False,"0,0,0,0,0,0,0,0,0,0,0,0,0,0,0",1,1,False,False,False,"-1/1000,-1/1000,-1/1000,-1/1000,-1/1000,-1/1000,-1/1000,-1/1000,-1/1000,-1/1000,-1/1000,-1/1000,-1/1000,-1/1000,-1/1000",True,5.5077470362263625e-17,1,16,1,False,False,False,-1/1000,True,1/10,,constant_0,1/1000,box,"1/1000,1/1000,1/1000,1/1000,1/1000,1/1000,1/1000,1/1000,1/1000,1/1000,1/1000,1/1000,1/1000,1/1000,1/1000",1,False,False,False
1,False,False,False,"0,0,0,0,0,0,0,0,0,0,0,0,0,0,0",1,1,False,False,False,"-1/200,-1/200,-1/200,-1/200,-1/200,-1/200,-1/200,-1/200,-1/200,-1/200,-1/200,-1/200,-1/200,-1/200,-1/200",True,5.3342746886286818e-17,1,16,1,False,False,False,-1/200,True,1/10,,constant_0,1/200,box,"1/200,1/200,1/200,1/200,1/200,1/200,1/200,1/200,1/200,1/200,1/200,1/200,1/200,1/200,1/200",1,False,False,False
1,False,False,False,"0,0,0,0,0,0,0,0,0,0,0,0,0,0,0",1,1,False,False,False,"-1/100,-1/100,-1/100,-1/100,-1/100,-1/100,-1/100,-1/100,-1/100,-1/100,-1/100,-1/100,-1/100,-1/100,-1/100",True,4.3368086899420177e-18,1,16,1,False,False,False,-1/100,True,1/10,,constant_0,1/100,box,"1/100,1/100,1/100,1/100,1/100,1/100,1/100,1/100,1/100,1/100,1/100,1/100,1/100,1/100,1/100",1,False,False,False
1,False,False,False,"0,0,0,0,0,0,0,0,0,0,0,0,0,0,0",1,1,False,False,False,"-1/50,-1/50,-1/50,-1/50,-1/50,-1/50,-1/50,-1/50,-1/50,-1/50,-1/50,-1/50,-1/50,-1/50,-1/50",True,8.6736173798840355e-18,1,16,1,False,False,False,-1/50,True,1/10,,constant_0,1/50,box,"1/50,1/50,1/50,1/50,1/50,1/50,1/50,1/50,1/50,1/50,1/50,1/50,1/50,1/50,1/50",1,False,False,False
1,False,False,False,"0,0,0,0,0,0,0,0,0,0,0,0,0,0,0",1,1,False,False,False,"-1/20,-1/20,-1/20,-1/20,-1/20,-1/20,-1/20,-1/20,-1/20,-1/20,-1/20,-1/20,-1/20,-1/20,-1/20",True,2.0816681711721685e-17,1,16,1,False,False,False,-1/20,True,1/10,,constant_0,1/20,box,"1/20,1/20,1/20,1/20,1/20,1/20,1/20,1/20,1/20,1/20,1/20,1/20,1/20,1/20,1/20",1,False,False,False
1,False,False,False,"0,0,0,0,0,0,0,0,0,0,0,0,0,0,0",1,1,False,False,False,"-1/10,-1/10,-1/10,-1/10,-1/10,-1/10,-1/10,-1/10,-1/10,-1/10,-1/10,-1/10,-1/10,-1/10,-1/10",True,1.3877787807814457e-17,1,16,1,False,False,False,-1/10,True,1/10,,constant_0,1/10,box,"1/10,1/10,1/10,1/10,1/10,1/10,1/10,1/10,1/10,1/10,1/10,1/10,1/10,1/10,1/10",1,False,False,False
0.86660241415810313,False,False,False,"1/10,1/10,1/10,1/10,1/10,1/10,1/10,1/10,1/10,1/10,1/10,1/10,1/10,1/10,1/10",9/11,0.90000000000000002,False,False,False,"1/10,1/10,1/10,1/10,1/10,1/10,1/10,1/10,1/10,1/10,1/10,1/10,1/10,1/10,1/10",True,2.7755575615628914e-17,2,16,0.81818181818181823,False,False,False,1/10,True,1/10,0.024999999999999994,constant_1/10,0,box,"1/10,1/10,1/10,1/10,1/10,1/10,1/10,1/10,1/10,1/10,1/10,1/10,1/10,1/10,1/10",0.81818181818181823,False,False,False
0.86790459299805989,False,False,False,"1/10,1/10,1/10,1/10,1/10,1/10,1/10,1/10,1/10,1/10,1/10,1/10,1/10,1/10,1/10",901/1099,0.90100000000000002,False,False,False,"99/1000,99/1000,99/1000,99/1000,99/1000,99/1000,99/1000,99/1000,99/1000,99/1000,99/1000,99/1000,99/1000,99/1000,99/1000",True,3.4694469519536142e-17,2,16,0.81983621474067336,False,False,False,99/1000,True,1/10,0.024749999999999966,constant_1/10,1/1000,box,"101/1000,101/1000,101/1000,101/1000,101/1000,101/1000,101/1000,101/1000,101/1000,101/1000,101/1000,101/1000,101/1000,101/1000,101/1000",0.81983621474067336,False,False,False
0.87311432204319095,False,False,False,"1/10,1/10,1/10,1/10,1/10,1/10,1/10,1/10,1/10,1/10,1/10,1/10,1/10,1/10,1/10",181/219,0.90500000000000003,False,False,False,"19/200,19/200,19/200,19/200,19/200,19/200,19/200,19/200,19/200,19/200,19/200,19/200,19/200,19/200,19/200",True,3.4694469519536142e-17,2,16,0.82648401826484019,False,False,False,19/200,True,1/10,0.023749999999999966,constant_1/10,1/200,box,"21/200,21/200,21/200,21/200,21/200,21/200,21/200,21/200,21/200,21/200,21/200,21/200,21/200,21/200,21/200",0.82648401826484019,False,False,False
0.8796279991939322,False,False,False,"1/10,1/10,1/10,1/10,1/10,1/10,1/10,1/10,1/10,1/10,1/10,1/10,1/10,1/10,1/10",91/109,0.91000000000000003,False,False,False,"9/100,9/100,9/100,9/100,9/100,9/100,9/100,9/100,9/100,9/100,9/100,9/100,9/100,9/100,9/100",True,2.0816681711721685e-17,2,16,0.83486238532110091,False,False,False,9/100,True,1/10,0.02250000000000002,constant_1/10,1/100,box,"11/100,11/100,11/100,11/100,11/100,11/100,11/100,11/100,11/100,11/100,11/100,11/100,11/100,11/100,11/100",0.83486238532110091,False,False,False
0.89271070900840588,False,False,False,"1/10,1/10,1/10,1/10,1/10,1/10,1/10,1/10,1/10,1/10,1/10,1/10,1/10,1/10,1/10",23/27,0.92000000000000004,False,False,False,"2/25,2/25,2/25,2/25,2/25,2/25,2/25,2/25,2/25,2/25,2/25,2/25,2/25,2/25,2/25",True,1.0408340855860843e-17,2,16,0.85185185185185186,False,False,False,2/25,True,1/10,0.01999999999999999,constant_1/10,1/50,box,"3/25,3/25,3/25,3/25,3/25,3/25,3/25,3/25,3/25,3/25,3/25,3/25,3/25,3/25,3/25",0.85185185185185186,False,False,False
0.93239945120963164,False,False,False,"1/10,1/10,1/10,1/10,1/10,1/10,1/10,1/10,1/10,1/10,1/10,1/10,1/10,1/10,1/10",19/21,0.94999999999999996,False,False,False,"1/20,1/20,1/20,1/20,1/20,1/20,1/20,1/20,1/20,1/20,1/20,1/20,1/20,1/20,1/20",True,2.7755575615628914e-17,2,16,0.90476190476190477,False,False,False,1/20,True,1/10,0.012500000000000011,constant_1/10,1/20,box,"3/20,3/20,3/20,3/20,3/20,3/20,3/20,3/20,3/20,3/20,3/20,3/20,3/20,3/20,3/20",0.90476190476190477,False,False,False
1,False,False,False,"1/10,1/10,1/10,1/10,1/10,1/10,1/10,1/10,1/10,1/10,1/10,1/10,1/10,1/10,1/10",1,1,False,False,False,"0,0,0,0,0,0,0,0,0,0,0,0,0,0,0",True,0,1,16,1,False,False,False,0,True,1/10,,constant_1/10,1/10,box,"1/5,1/5,1/5,1/5,1/5,1/5,1/5,1/5,1/5,1/5,1/5,1/5,1/5,1/5,1/5",1,False,False,False
0.40226462660080908,False,False,False,"1/2,1/2,1/2,1/2,1/2,1/2,1/2,1/2,1/2,1/2,1/2,1/2,1/2,1/2,1/2",1/3,0.5,False,False,False,"1/2,1/2,1/2,1/2,1/2,1/2,1/2,1/2,1/2,1/2,1/2,1/2,1/2,1/2,1/2",True,2.7755575615628914e-17,2,16,0.33333333333333331,False,False,False,1/2,True,1/10,0.12499999999999997,constant_1/2,0,box,"1/2,1/2,1/2,1/2,1/2,1/2,1/2,1/2,1/2,1/2,1/2,1/2,1/2,1/2,1/2",0.33333333333333331,False,False,False
0.4032833987816879,False,False,False,"1/2,1/2,1/2,1/2,1/2,1/2,1/2,1/2,1/2,1/2,1/2,1/2,1/2,1/2,1/2",501/1499,0.501,False,False,False,"499/1000,499/1000,499/1000,499/1000,499/1000,499/1000,499/1000,499/1000,499/1000,499/1000,499/1000,499/1000,499/1000,499/1000,499/1000",True,0,2,16,0.33422281521014008,False,False,False,499/1000,True,1/10,0.12475,constant_1/2,1/1000,box,"501/1000,501/1000,501/1000,501/1000,501/1000,501/1000,501/1000,501/1000,501/1000,501/1000,501/1000,501/1000,501/1000,501/1000,501/1000",0.33422281521014008,False,False,False
0.40736668278187466,False,False,False,"1/2,1/2,1/2,1/2,1/2,1/2,1/2,1/2,1/2,1/2,1/2,1/2,1/2,1/2,1/2",101/299,0.505,False,False,False,"99/200,99/200,99/200,99/200,99/200,99/200,99/200,99/200,99/200,99/200,99/200,99/200,99/200,99/200,99/200",True,1.3877787807814457e-17,2,16,0.33779264214046822,False,False,False,99/200,True,1/10,0.12375000000000001,constant_1/2,1/200,box,"101/200,101/200,101/200,101/200,101/200,101/200,101/200,101/200,101/200,101/200,101/200,101/200,101/200,101/200,101/200",0.33779264214046822,False,False,False
0.41248918779342902,False,False,False,"1/2,1/2,1/2,1/2,1/2,1/2,1/2,1/2,1/2,1/2,1/2,1/2,1/2,1/2,1/2",51/149,0.51000000000000001,False,False,False,"49/100,49/100,49/100,49/100,49/100,49/100,49/100,49/100,49/100,49/100,49/100,49/100,49/100,49/100,49/100",True,0,2,16,0.34228187919463088,False,False,False,49/100,True,1/10,0.1225,constant_1/2,1/100,box,"51/100,51/100,51/100,51/100,51/100,51/100,51/100,51/100,51/100,51/100,51/100,51/100,51/100,51/100,51/100",0.34228187919463088,False,False,False
0.42279527728116789,False,False,False,"1/2,1/2,1/2,1/2,1/2,1/2,1/2,1/2,1/2,1/2,1/2,1/2,1/2,1/2,1/2",13/37,0.52000000000000002,False,False,False,"12/25,12/25,12/25,12/25,12/25,12/25,12/25,12/25,12/25,12/25,12/25,12/25,12/25,12/25,12/25",True,0,2,16,0.35135135135135137,False,False,False,12/25,True,1/10,0.12,constant_1/2,1/50,box,"13/25,13/25,13/25,13/25,13/25,13/25,13/25,13/25,13/25,13/25,13/25,13/25,13/25,13/25,13/25",0.35135135135135137,False,False,False
0.4541971643719192,False,False,False,"1/2,1/2,1/2,1/2,1/2,1/2,1/2,1/2,1/2,1/2,1/2,1/2,1/2,1/2,1/2",11/29,0.55000000000000004,False,False,False,"9/20,9/20,9/20,9/20,9/20,9/20,9/20,9/20,9/20,9/20,9/20,9/20,9/20,9/20,9/20",True,1.3877787807814457e-17,2,16,0.37931034482758619,False,False,False,9/20,True,1/10,0.11250000000000002,constant_1/2,1/20,box,"11/20,11/20,11/20,11/20,11/20,11/20,11/20,11/20,11/20,11/20,11/20,11/20,11/20,11/20,11/20",0.37931034482758619,False,False,False
0.50799795946133797,False,False,False,"1/2,1/2,1/2,1/2,1/2,1/2,1/2,1/2,1/2,1/2,1/2,1/2,1/2,1/2,1/2",3/7,0.59999999999999998,False,False,False,"2/5,2/5,2/5,2/5,2/5,2/5,2/5,2/5,2/5,2/5,2/5,2/5,2/5,2/5,2/5",True,4.163336342344337e-17,2,16,0.42857142857142855,False,False,False,2/5,True,1/10,0.10000000000000005,constant_1/2,1/10,box,"3/5,3/5,3/5,3/5,3/5,3/5,3/5,3/5,3/5,3/5,3/5,3/5,3/5,3/5,3/5",0.42857142857142855,False,False,False
0.060035848662237705,True,False,False,"9/10,9/10,9/10,9/10,9/10,9/10,9/10,9/10,9/10,9/10,9/10,9/10,9/10,9/10,9/10",1/19,0.10000000000000001,True,False,False,"9/10,9/10,9/10,9/10,9/10,9/10,9/10,9/10,9/10,9/10,9/10,9/10,9/10,9/10,9/10",True,8.6736173798840355e-18,2,16,0.052631578947368418,True,False,False,9/10,True,1/10,0.22500000000000001,constant_9/10,0,box,"9/10,9/10,9/10,9/10,9/10,9/10,9/10,9/10,9/10,9/10,9/10,9/10,9/10,9/10,9/10",0.052631578947368418,True,False,False
0.060712888357353272,True,False,False,"9/10,9/10,9/10,9/10,9/10,9/10,9/10,9/10,9/10,9/10,9/10,9/10,9/10,9/10,9/10",101/1899,0.10100000000000001,False,False,False,"899/1000,899/1000,899/1000,899/1000,899/1000,899/1000,899/1000,899/1000,899/1000,899/1000,899/1000,899/1000,899/1000,899/1000,899/1000",True,1.0408340855860843e-17,2,16,0.053185887309110058,True,False,False,899/1000,True,1/10,0.22475000000000001,constant_9/10,1/1000,box,"901/1000,901/1000,901/1000,901/1000,901/1000,901/1000,901/1000,901/1000,901/1000,901/1000,901/1000,901/1000,901/1000,901/1000,901/1000",0.053185887309110058,True,False,False
0.063436113792178173,True,False,False,"9/10,9/10,9/10,9/10,9/10,9/10,9/10,9/10,9/10,9/10,9/10,9/10,9/10,9/10,9/10",21/379,0.105,False,False,False,"179/200,179/200,179/200,179/200,179/200,179/200,179/200,179/200,179/200,179/200,179/200,179/200,179/200,179/200,179/200",True,5.5511151231257827e-17,2,16,0.055408970976253295,True,False,False,179/200,True,1/10,0.22375000000000006,constant_9/10,1/200,box,"181/200,181/200,181/200,181/200,181/200,181/200,181/200,181/200,181/200,181/200,181/200,181/200,181/200,181/200,181/200",0.055408970976253295,True,False,False
0.066873965081066924,True,False,False,"9/10,9/10,9/10,9/10,9/10,9/10,9/10,9/10,9/10,9/10,9/10,9/10,9/10,9/10,9/10",11/189,0.11,False,False,False,"89/100,89/100,89/100,89/100,89/100,89/100,89/100,89/100,89/100,89/100,89/100,89/100,89/100,89/100,89/100",True,2.7755575615628914e-17,2,16,0.058201058201058198,True,False,False,89/100,True,1/10,0.22249999999999998,constant_9/10,1/100,box,"91/100,91/100,91/100,91/100,91/100,91/100,91/100,91/100,91/100,91/100,91/100,91/100,91/100,91/100,91/100",0.058201058201058198,True,False,False
0.073835431034664348,True,False,False,"9/10,9/10,9/10,9/10,9/10,9/10,9/10,9/10,9/10,9/10,9/10,9/10,9/10,9/10,9/10",3/47,0.12,False,False,False,"22/25,22/25,22/25,22/25,22/25,22/25,22/25,22/25,22/25,22/25,22/25,22/25,22/25,22/25,22/25",True,2.7755575615628914e-17,2,16,0.063829787234042548,True,False,False,22/25,True,1/10,0.22000000000000003,constant_9/10,1/50,box,"23/25,23/25,23/25,23/25,23/25,23/25,23/25,23/25,23/25,23/25,23/25,23/25,23/25,23/25,23/25",0.063829787234042548,True,False,False
0.094969297378771966,True,False,False,"9/10,9/10,9/10,9/10,9/10,9/10,9/10,9/10,9/10,9/10,9/10,9/10,9/10,9/10,9/10",3/37,0.14999999999999999,False,False,False,"17/20,17/20,17/20,17/20,17/20,17/20,17/20,17/20,17/20,17/20,17/20,17/20,17/20,17/20,17/20",True,2.7755575615628914e-17,2,16,0.081081081081081086,True,False,False,17/20,True,1/10,0.21250000000000002,constant_9/10,1/20,box,"19/20,19/20,19/20,19/20,19/20,19/20,19/20,19/20,19/20,19/20,19/20,19/20,19/20,19/20,19/20",0.081081081081081086,True,False,False
0.13256306187321945,False,False,False,"9/10,9/10,9/10,9/10,9/10,9/10,9/10,9/10,9/10,9/10,9/10,9/10,9/10,9/10,9/10",1/9,0.20000000000000001,False,False,False,"4/5,4/5,4/5,4/5,4/5,4/5,4/5,4/5,4/5,4/5,4/5,4/5,4/5,4/5,4/5",True,6.9388939039072284e-18,2,16,0.1111111111111111,False,False,False,4/5,True,1/10,0.20000000000000001,constant_9/10,1/10,box,"1,1,1,1,1,1,1,1,1,1,1,1,1,1,1",0.1111111111111111,False,False,False
0,True,True,True,"1,1,1,1,1,1,1,1,1,1,1,1,1,1,1",0,0,True,True,True,"1,1,1,1,1,1,1,1,1,1,1,1,1,1,1",False,0,2,16,0,True,True,True,1,False,1/10,0.25,constant_1,0,box,"1,1,1,1,1,1,1,1,1,1,1,1,1,1,1",0,True,True,True
0.00050200097245899403,True,True,True,"1,1,1,1,1,1,1,1,1,1,1,1,1,1,1",1/1999,0.001,True,True,True,"999/1000,999/1000,999/1000,999/1000,999/1000,999/1000,999/1000,999/1000,999/1000,999/1000,999/1000,999/1000,999/1000,999/1000,999/1000",True,2.7755575615628914e-17,2,16,0.00050025012506253123,True,True,True,999/1000,False,1/10,0.24975000000000003,constant_1,1/1000,box,"1,1,1,1,1,1,1,1,1,1,1,1,1,1,1",0.00050025012506253123,True,True,True
0.0025467958598577546,True,True,True,"1,1,1,1,1,1,1,1,1,1,1,1,1,1,1",1/399,0.0050000000000000001,True,True,True,"199/200,199/200,199/200,199/200,199/200,199/200,199/200,199/200,199/200,199/200,199/200,199/200,199/200,199/200,199/200",True,2.7755575615628914e-17,2,16,0.0025062656641604009,True,True,True,199/200,False,1/10,0.24875000000000003,constant_1,1/200,box,"1,1,1,1,1,1,1,1,1,1,1,1,1,1,1",0.0025062656641604009,True,True,True
0.0051649230408030069,True,True,True,"1,1,1,1,1,1,1,1,1,1,1,1,1,1,1",1/199,0.01,True,True,True,"99/100,99/100,99/100,99/100,99/100,99/100,99/100,99/100,99/100,99/100,99/100,99/100,99/100,99/100,99/100",True,2.1684043449710089e-18,2,16,0.0050251256281407036,True,True,True,99/100,False,1/10,0.2475,constant_1,1/100,box,"1,1,1,1,1,1,1,1,1,1,1,1,1,1,1",0.0050251256281407036,True,True,True
0.010609314003506775,True,False,True,"1,1,1,1,1,1,1,1,1,1,1,1,1,1,1",1/99,0.02,True,False,True,"49/50,49/50,49/50,49/50,49/50,49/50,49/50,49/50,49/50,49/50,49/50,49/50,49/50,49/50,49/50",True,5.2041704279304213e-18,2,16,0.010101010101010102,True,False,True,49/50,False,1/10,0.245,constant_1,1/50,box,"1,1,1,1,1,1,1,1,1,1,1,1,1,1,1",0.010101010101010102,True,False,True
0.028059569828635181,True,False,True,"1,1,1,1,1,1,1,1,1,1,1,1,1,1,1",1/39,0.050000000000000003,True,False,True,"19/20,19/20,19/20,19/20,19/20,19/20,19/20,19/20,19/20,19/20,19/20,19/20,19/20,19/20,19/20",True,1.214306433183765e-17,2,16,0.02564102564102564,True,False,True,19/20,False,1/10,0.23749999999999999,constant_1,1/20,box,"1,1,1,1,1,1,1,1,1,1,1,1,1,1,1",0.02564102564102564,True,False,True
0.060035848662237705,True,False,False,"1,1,1,1,1,1,1,1,1,1,1,1,1,1,1",1/19,0.10000000000000001,True,False,False,"9/10,9/10,9/10,9/10,9/10,9/10,9/10,9/10,9/10,9/10,9/10,9/10,9/10,9/10,9/10",True,8.6736173798840355e-18,2,16,0.052631578947368418,True,False,False,9/10,False,1/10,0.22500000000000001,constant_1,1/10,box,"1,1,1,1,1,1,1,1,1,1,1,1,1,1,1",0.052631578947368418,True,False,False
0.35238246589450262,False,False,False,"0,1/14,1/7,3/14,2/7,5/14,3/7,1/2,4/7,9/14,5/7,11/14,6/7,13/14,1",683127572017803/5311934156391226,0.45000000000000001,False,False,False,"0,1/14,1/7,3/14,2/7,5/14,3/7,1/2,4/7,9/14,5/7,11/14,6/7,13/14,1",False,1.3877787807814457e-17,2,16,0.21428571428571427,False,False,False,11/20,False,1/10,0.12250542299348315,ascending,0,box,"0,1/14,1/7,3/14,2/7,5/14,3/7,1/2,4/7,9/14,5/7,11/14,6/7,13/14,1",0.1286024171056179,False,False,False
0.35335961867793886,False,False,False,"0,1/14,1/7,3/14,2/7,5/14,3/7,1/2,4/7,9/14,5/7,11/14,6/7,13/14,1",689983539095998613/5297934156391226000,0.45100000000000001,False,False,False,"-1/1000,493/7000,993/7000,1493/7000,1993/7000,2493/7000,2993/7000,499/1000,3993/7000,4493/7000,4993/7000,5493/7000,5993/7000,6493/7000,999/1000",True,1.3877787807814457e-17,2,16,0.21515368120085776,False,False,False,549/1000,False,1/10,0.12240007946259619,ascending,1/1000,box,"1/1000,507/7000,1007/7000,1507/7000,2007/7000,2507/7000,3007/7000,501/1000,4007/7000,4507/7000,5007/7000,5507/7000,6007/7000,6507/7000,1",0.13023633716995686,False,False,False
0.3572766592825492,False,False,False,"0,1/14,1/7,3/14,2/7,5/14,3/7,1/2,4/7,9/14,5/7,11/14,6/7,13/14,1",143481481481756213/1048386831278245200,0.45500000000000002,False,False,False,"-1/200,93/1400,193/1400,293/1400,393/1400,493/1400,593/1400,99/200,793/1400,893/1400,993/1400,1093/1400,1193/1400,1293/1400,199/200",True,6.9388939039072284e-18,2,16,0.21863799283154123,False,False,False,109/200,False,1/10,0.12198983937696559,ascending,1/200,box,"1/200,107/1400,207/1400,307/1400,407/1400,507/1400,607/1400,101/200,807/1400,907/1400,1007/1400,1107/1400,1207/1400,1307/1400,1",0.13685929391808219,False,False,False
0.3621918950188372,False,False,False,"0,1/14,1/7,3/14,2/7,5/14,3/7,1/2,4/7,9/14,5/7,11/14,6/7,13/14,1",75168724279975913/517193415639122600,0.46000000000000002,False,False,False,"-1/100,43/700,93/700,143/700,193/700,243/700,293/700,49/100,393/700,443/700,493/700,543/700,593/700,643/700,99/100",True,6.9388939039072284e-18,2,16,0.22302158273381295,False,False,False,27/50,False,1/10,0.12150276898103236,ascending,1/100,box,"1/100,57/700,107/700,157/700,207/700,257/700,307/700,51/100,407/700,457/700,507/700,557/700,607/700,657/700,1",0.1453396775886755,False,False,False
0.37208527924597085,False,False,False,"0,1/14,1/7,3/14,2/7,5/14,3/7,1/2,4/7,9/14,5/7,11/14,6/7,13/14,1",2243920688470177/14072278339637700,0.46999999999999997,False,False,False,"-1/50,9/175,43/350,34/175,93/350,59/175,143/350,12/25,193/350,109/175,243/350,134/175,293/350,159/175,49/50",True,1.3877787807814457e-17,2,16,0.2318840579710145,False,False,False,53/100,False,1/10,0.12000630064435402,ascending,1/50,box,"1/50,16/175,57/350,41/175,107/350,66/175,157/350,13/25,207/350,116/175,257/350,141/175,307/350,166/175,1",0.1594568153295885,False,False,False
0.40226462660080908,False,False,False,"0,1/14,1/7,3/14,2/7,5/14,3/7,1/2,4/7,9/14,5/7,11/14,6/7,13/14,1",11843621399684867/58558024694405880,0.5,False,False,False,"-1/20,3/140,13/140,23/140,33/140,43/140,53/140,9/20,73/140,83/140,93/140,103/140,113/140,123/140,19/20",True,1.3877787807814457e-17,2,16,0.25925925925925924,False,False,False,1/2,False,1/10,0.1153804393655162,ascending,1/20,box,"1/20,17/140,27/140,37/140,47/140,57/140,67/140,11/20,87/140,97/140,107/140,117/140,127/140,137/140,1",0.20225445549935536,False,False,False
0.4541971643719192,False,False,False,"0,1/14,1/7,3/14,2/7,5/14,3/7,1/2,4/7,9/14,5/7,11/14,6/7,13/14,1",2148148175683603/7979423973362860,0.55000000000000004,False,False,False,"-1/10,-1/35,3/70,4/35,13/70,9/35,23/70,2/5,33/70,19/35,43/70,24/35,53/70,29/35,9/10",True,1.3877787807814457e-17,2,16,0.30769230769230771,False,False,False,9/20,False,1/10,0.10624677667383944,ascending,1/10,box,"1/10,6/35,17/70,11/35,27/70,16/35,37/70,3/5,47/70,26/35,57/70,31/35,67/70,1,1",0.26921093337747343,False,False,False
0.4541971643719192,False,False,False,"1,13/14,6/7,11/14,5/7,9/14,4/7,1/2,3/7,5/14,2/7,3/14,1/7,1/14,0",4804115226337323/11683950617283658,0.55000000000000004,False,False,False,"1,13/14,6/7,11/14,5/7,9/14,4/7,1/2,3/7,5/14,2/7,3/14,1/7,1/14,0",False,1.3877787807814457e-17,2,16,0.4375,False,False,False,9/20,False,1/10,0.10723443223443213,descending,0,box,"1,13/14,6/7,11/14,5/7,9/14,4/7,1/2,3/7,5/14,2/7,3/14,1/7,1/14,0",0.41117216117216071,False,False,False
0.45525626496205474,False,False,False,"1,13/14,6/7,11/14,5/7,9/14,4/7,1/2,3/7,5/14,2/7,3/14,1/7,1/14,0",4812757201645964829/11669950617283658000,0.55100000000000005,False,False,False,"999/1000,6493/7000,5993/7000,5493/7000,4993/7000,4493/7000,3993/7000,499/1000,2993/7000,2493/7000,1993/7000,1493/7000,993/7000,493/7000,-1/1000",True,2.7755575615628914e-17,2,16,0.43839899937460913,False,False,False,449/1000,False,1/10,0.10705464149773708,descending,1/1000,box,"1,6507/7000,6007/7000,5507/7000,5007/7000,4507/7000,4007/7000,501/1000,3007/7000,2507/7000,2007/7000,1507/7000,1007/7000,507/7000,1/1000",0.41240596121444434,False,False,False
0.45950057892512497,False,False,False,"1,13/14,6/7,11/14,5/7,9/14,4/7,1/2,3/7,5/14,2/7,3/14,1/7,1/14,0",11968703957729709/28676421277243600,0.55500000000000005,False,False,False,"199/200,1293/1400,1193/1400,1093/1400,993/1400,893/1400,793/1400,99/200,593/1400,493/1400,393/1400,293/1400,193/1400,93/1400,-1/200",True,0,2,16,0.44200626959247646,False,False,False,89/200,False,1/10,0.10633832458126483,descending,1/200,box,"1,1307/1400,1207/1400,1107/1400,1007/1400,907/1400,807/1400,101/200,607/1400,507/1400,407/1400,307/1400,207/1400,107/1400,1/200",0.41737090699067003,False,False,False
0.46482372644564046,False,False,False,"1,13/14,6/7,11/14,5/7,9/14,4/7,1/2,3/7,5/14,2/7,3/14,1/7,1/14,0",489053497942374129/1154395061728365800,0.56000000000000005,False,False,False,"99/100,643/700,593/700,543/700,493/700,443/700,393/700,49/100,293/700,243/700,193/700,143/700,93/700,43/700,-1/100",True,2.7755575615628914e-17,2,16,0.44654088050314467,False,False,False,11/25,False,1/10,0.10544940966355097,descending,1/100,box,"1,657/700,607/700,557/700,507/700,457/700,407/700,51/100,307/700,257/700,207/700,157/700,107/700,57/700,1/100",0.42364482849585383,False,False,False
0.47552890974817535,False,False,False,"1,13/14,6/7,11/14,5/7,9/14,4/7,1/2,3/7,5/14,2/7,3/14,1/7,1/14,0",82949245541835993/190065843621394300,0.56999999999999995,False,False,False,"49/50,159/175,293/350,134/175,243/350,109/175,193/350,12/25,143/350,59/175,93/350,34/175,43/350,9/175,-1/50",True,1.3877787807814457e-17,2,16,0.45569620253164556,False,False,False,43/100,False,1/10,0.10369368784191454,descending,1/50,box,"1,166/175,307/350,141/175,257/350,116/175,207/350,13/25,157/350,66/175,107/350,41/175,57/350,16/175,1/50",0.43642373590842815,False,False,False
0.50799795946133797,False,False,False,"1,13/14,6/7,11/14,5/7,9/14,4/7,1/2,3/7,5/14,2/7,3/14,1/7,1/14,0",29892089620484673/63412894375857320,0.59999999999999998,False,False,False,"19/20,123/140,113/140,103/140,93/140,83/140,73/140,9/20,53/140,43/140,33/140,23/140,13/140,3/140,-1/20",True,4.163336342344337e-17,2,16,0.4838709677419355,False,False,False,2/5,False,1/10,0.097581462172997652,descending,1/20,box,"1,137/140,127/140,117/140,107/140,97/140,87/140,11/20,67/140,57/140,47/140,37/140,27/140,17/140,1/20",0.4713881918606328,False,False,False
0.56310080750332392,False,False,False,"1,13/14,6/7,11/14,5/7,9/14,4/7,1/2,3/7,5/14,2/7,3/14,1/7,1/14,0",25934156378600823/48971193415637860,0.65000000000000002,False,False,False,"9/10,29/35,53/70,24/35,43/70,19/35,33/70,2/5,23/70,9/35,13/70,4/35,3/70,-1/35,-1/10",True,2.7755575615628914e-17,2,16,0.53333333333333333,False,False,False,7/20,False,1/10,0.086796218487394924,descending,1/10,box,"1,1,67/70,31/35,57/70,26/35,47/70,3/5,37/70,16/35,27/70,11/35,17/70,6/35,1/10",0.52957983193277314,False,False,False
0.42193686612271447,False,False,False,"0,1,0,1,0,1,0,1,0,1,0,1,0,1,0",0,0.51917008096460804,False,False,False,"0,1,0,1,0,1,0,1,0,1,0,1,0,1,0",False,0,2,16,0.35780044538337119,False,False,False,14673764619/30517578125,False,1/10,0.053234076418816001,alternating,0,box,"0,1,0,1,0,1,0,1,0,1,0,1,0,1,0",0,True,True,True
0.42297126621023134,False,False,False,"0,1,0,1,0,1,0,1,0,1,0,1,0,1,0",226666393203/207457329761000,0.52017008096460804,False,False,False,"-1/1000,999/1000,-1/1000,999/1000,-1/1000,999/1000,-1/1000,999/1000,-1/1000,999/1000,-1/1000,999/1000,-1/1000,999/1000,-1/1000",True,2.7755575615628914e-17,2,16,0.35870779484953685,False,False,False,117145976327/244140625000,False,1/10,0.053063452337460459,alternating,1/1000,box,"1/1000,1,1/1000,1,1/1000,1,1/1000,1,1/1000,1,1/1000,1,1/1000,1,1/1000",0.0010925928404849792,True,True,True
0.42711695842810171,False,False,False,"0,1,0,1,0,1,0,1,0,1,0,1,0,1,0",75555464401/13700280317400,0.52417008096460804,False,False,False,"-1/200,199/200,-1/200,199/200,-1/200,199/200,-1/200,199/200,-1/200,199/200,-1/200,199/200,-1/200,199/200,-1/200",True,4.3368086899420177e-19,2,16,0.36234935193227275,False,False,False,116169413827/244140625000,False,1/10,0.052387910578243588,alternating,1/200,box,"1/200,1,1/200,1,1/200,1,1/200,1,1/200,1,1/200,1,1/200,1,1/200",0.0055148845607955197,True,True,True
0.43231723831355789,False,False,False,"0,1,0,1,0,1,0,1,0,1,0,1,0,1,0",226666393203/20306279851100,0.52917008096460805,False,False,False,"-1/100,99/100,-1/100,99/100,-1/100,99/100,-1/100,99/100,-1/100,99/100,-1/100,99/100,-1/100,99/100,-1/100",True,6.9388939039072284e-18,2,16,0.36692884045384799,False,False,False,57474355351/122070312500,False,1/10,0.051559507416817765,alternating,1/100,box,"1/100,1,1/100,1,1/100,1,1/100,1,1/100,1,1/100,1,1/100,1,1/100",0.011162379070173279,True,False,True
0.44277807594903867,False,False,False,"0,1,0,1,0,1,0,1,0,1,0,1,0,1,0",75555464401/3302999766850,0.53917008096460795,False,False,False,"-1/50,49/50,-1/50,49/50,-1/50,49/50,-1/50,49/50,-1/50,49/50,-1/50,49/50,-1/50,49/50,-1/50",True,6.9388939039072284e-18,2,16,0.37618080536703541,False,False,False,28126826113/61035156250,False,1/10,0.049958614981781127,alternating,1/50,box,"1/50,1,1/50,1,1/50,1,1/50,1,1/50,1,1/50,1,1/50,1,1/50",0.022874801614974266,True,False,True
0.47463748974236653,False,False,False,"0,1,0,1,0,1,0,1,0,1,0,1,0,1,0",75555464401/1223543656740,0.56917008096460797,False,False,False,"-1/20,19/20,-1/20,19/20,-1/20,19/20,-1/20,19/20,-1/20,19/20,-1/20,19/20,-1/20,19/20,-1/20",True,6.9388939039072284e-18,2,16,0.40470373042956354,False,False,False,52591542851/122070312500,False,1/10,0.045656801496270119,alternating,1/20,box,"1/20,1,1/20,1,1/20,1,1/20,1,1/20,1,1/20,1,1/20,1,1/20",0.061751343309080921,True,False,False
0.52889396519919929,False,False,False,"0,1,0,1,0,1,0,1,0,1,0,1,0,1,0",226666393203/1591174860110,0.61917008096460802,False,False,False,"-1/10,9/10,-1/10,9/10,-1/10,9/10,-1/10,9/10,-1/10,9/10,-1/10,9/10,-1/10,9/10,-1/10",True,1.3877787807814457e-17,2,16,0.454963370519745,False,False,False,23244013613/61035156250,False,1/10,0.040617756224315682,alternating,1/10,box,"1/10,1,1/10,1,1/10,1,1/10,1,1/10,1,1/10,1,1/10,1,1/10",0.14245222123942447,False,False,False
0.35304961318247396,False,False,False,"1,3/4,3/4,1,1/2,3/4,3/4,1/4,1/2,0,1/4,1/2,3/4,1/4,3/4",1513989672173350/6671428963694137,0.45068283961517952,False,False,False,"1,3/4,3/4,1,1/2,3/4,3/4,1/4,1/2,0,1/4,1/2,3/4,1/4,3/4",False,6.9388939039072284e-18,2,16,0.31606555198541492,False,False,False,1098634320769641/2000000000000000,False,1/10,0.11943276297678541,random_271,0,box,"1,3/4,3/4,1,1/2,3/4,3/4,1/4,1/2,0,1/4,1/2,3/4,1/4,3/4",0.22693634008732907,False,False,False
0.35402734189015267,False,False,False,"1,3/4,3/4,1,1/2,3/4,3/4,1/4,1/2,0,1/4,1/2,3/4,1/4,3/4",380118657716901209/1663857240923534250,0.45168283961517952,False,False,False,"999/1000,749/1000,749/1000,999/1000,499/1000,749/1000,749/1000,249/1000,499/1000,-1/1000,249/1000,499/1000,749/1000,249/1000,749/1000",True,6.9388939039072284e-18,2,16,0.31688535457218181,False,False,False,1096634320769641/2000000000000000,False,1/10,0.11933440198044933,random_271,1/1000,box,"1,751/1000,751/1000,1,501/1000,751/1000,751/1000,251/1000,501/1000,1/1000,251/1000,501/1000,751/1000,251/1000,751/1000",0.2284562932249608,False,False,False
0.35794668336552354,False,False,False,"1,3/4,3/4,1,1/2,3/4,3/4,1/4,1/2,0,1/4,1/2,3/4,1/4,3/4",77320723282231209/329571448184706850,0.45568283961517952,False,False,False,"199/200,149/200,149/200,199/200,99/200,149/200,149/200,49/200,99/200,-1/200,49/200,99/200,149/200,49/200,149/200",True,6.9388939039072284e-18,2,16,0.32017480384785407,False,False,False,1088634320769641/2000000000000000,False,1/10,0.11895192861844556,random_271,1/200,box,"1,151/200,151/200,1,101/200,151/200,151/200,51/200,101/200,1/200,51/200,101/200,151/200,51/200,151/200",0.23460989630053497,False,False,False
0.36286478871327232,False,False,False,"1,3/4,3/4,1,1/2,3/4,3/4,1/4,1/2,0,1/4,1/2,3/4,1/4,3/4",5638711639699637/23255103441764775,0.46068283961517947,False,False,False,"99/100,37/50,37/50,99/100,49/100,37/50,37/50,6/25,49/100,-1/100,6/25,49/100,37/50,6/25,37/50",True,1.3877787807814457e-17,2,16,0.32430979734645504,False,False,False,1078634320769641/2000000000000000,False,1/10,0.11849912735573558,random_271,1/100,box,"1,19/25,19/25,1,51/100,19/25,19/25,13/50,51/100,1/100,13/50,51/100,19/25,13/50,19/25",0.24247200851288617,False,False,False
0.37276388983607855,False,False,False,"1,3/4,3/4,1,1/2,3/4,3/4,1/4,1/2,0,1/4,1/2,3/4,1/4,3/4",41092221151461168/158785724092353425,0.47068283961517948,False,False,False,"49/50,73/100,73/100,49/50,12/25,73/100,73/100,23/100,12/25,-1/50,23/100,12/25,73/100,23/100,73/100",True,0,2,16,0.33265798287306475,False,False,False,1058634320769641/2000000000000000,False,1/10,0.11768186123801054,random_271,1/50,box,"1,77/100,77/100,1,13/25,77/100,77/100,27/100,13/25,1/50,27/100,13/25,77/100,27/100,77/100",0.25879040062544278,False,False,False
0.40296019578127096,False,False,False,"1,3/4,3/4,1,1/2,3/4,3/4,1/4,1/2,0,1/4,1/2,3/4,1/4,3/4",18789647477779059/64260633703374685,0.50068283961517945,False,False,False,"19/20,7/10,7/10,19/20,9/20,7/10,7/10,1/5,9/20,-1/20,1/5,9/20,7/10,1/5,7/10",True,1.3877787807814457e-17,2,16,0.35834621588846688,False,False,False,998634320769641/2000000000000000,False,1/10,0.111999421629743,random_271,1/20,box,"1,4/5,4/5,1,11/20,4/5,4/5,3/10,11/20,1/20,3/10,11/20,4/5,3/10,4/5",0.2923974818628704,False,False,False
0.45492027444558747,False,False,False,"1,3/4,3/4,1,1/2,3/4,3/4,1/4,1/2,0,1/4,1/2,3/4,1/4,3/4",21283474373465368/60260633703374685,0.5506828396151795,False,False,False,"9/10,13/20,13/20,9/10,2/5,13/20,13/20,3/20,2/5,-1/10,3/20,2/5,13/20,3/20,13/20",True,2.7755575615628914e-17,2,16,0.40343371877478557,False,False,False,898634320769641/2000000000000000,False,1/10,0.10286881268772677,random_271,1/10,box,"1,17/20,17/20,1,3/5,17/20,17/20,7/20,3/5,1/10,7/20,3/5,17/20,7/20,17/20",0.35319035107115809,False,False,False
0.49799072289949659,False,False,False,"0,3/4,1/2,3/4,1/4,0,0,1,3/4,1/2,0,0,1/2,0,1",2185163036180595/7636576335042824,0.59075044198845295,False,False,False,"0,3/4,1/2,3/4,1/4,0,0,1,3/4,1/2,0,0,1/2,0,1",False,1.3877787807814457e-17,2,16,0.42169761097445974,False,False,False,409249558011547/1000000000000000,False,1/10,0.078330507164310365,random_811,0,box,"0,3/4,1/2,3/4,1/4,0,0,1,3/4,1/2,0,0,1/2,0,1",0.28614433226487757,False,False,False
0.4990815785480896,False,False,False,"0,3/4,1/2,3/4,1/4,0,0,1,3/4,1/2,0,0,1/2,0,1",68551829391792251/238143010470088250,0.59175044198845295,False,False,False,"-1/1000,749/1000,499/1000,749/1000,249/1000,-1/1000,-1/1000,999/1000,749/1000,499/1000,-1/1000,-1/1000,499/1000,-1/1000,999/1000",True,5.5511151231257827e-17,2,16,0.42270280745704519,False,False,False,408249558011547/1000000000000000,False,1/10,0.078223044953900769,random_811,1/1000,box,"1/1000,751/1000,501/1000,751/1000,251/1000,1/1000,1/1000,1,751/1000,501/1000,1/1000,1/1000,501/1000,1/1000,1",0.28785992608589556,False,False,False
0.50340485852799,False,False,False,"0,3/4,1/2,3/4,1/4,0,0,1,3/4,1/2,0,0,1/2,0,1",6961376743638688/23614301047008825,0.59575044198845295,False,False,False,"-1/200,149/200,99/200,149/200,49/200,-1/200,-1/200,199/200,149/200,99/200,-1/200,-1/200,99/200,-1/200,199/200",True,1.3877787807814457e-17,2,16,0.4267378479756086,False,False,False,404249558011547/1000000000000000,False,1/10,0.077801714961132667,random_811,1/200,box,"1/200,151/200,101/200,151/200,51/200,1/200,1/200,1,151/200,101/200,1/200,1/200,101/200,1/200,1",0.29479495199882155,False,False,False
0.50881054394716696,False,False,False,"0,3/4,1/2,3/4,1/4,0,0,1,3/4,1/2,0,0,1/2,0,1",56752951993704133/186914408376070600,0.60075044198845295,False,False,False,"-1/100,37/50,49/100,37/50,6/25,-1/100,-1/100,99/100,37/50,49/100,-1/100,-1/100,49/100,-1/100,99/100",True,0,2,16,0.43181394966711167,False,False,False,399249558011547/1000000000000000,False,1/10,0.07729463006595115,random_811,1/100,box,"1/100,19/25,51/100,19/25,13/50,1/100,1/100,1,19/25,51/100,1/100,1/100,51/100,1/100,1",0.30363069646036894,False,False,False
0.51968082457915421,False,False,False,"0,3/4,1/2,3/4,1/4,0,0,1,3/4,1/2,0,0,1/2,0,1",58876828082893391/182914408376070600,0.61075044198845296,False,False,False,"-1/50,73/100,12/25,73/100,23/100,-1/50,-1/50,49/50,73/100,12/25,-1/50,-1/50,12/25,-1/50,49/50",True,1.3877787807814457e-17,2,16,0.44207528930381701,False,False,False,389249558011547/1000000000000000,False,1/10,0.076348430391780561,random_811,1/50,box,"1/50,77/100,13/25,77/100,27/100,1/50,1/50,1,77/100,13/25,1/50,1/50,13/25,1/50,1",0.32188184957984878,False,False,False
0.55276063283252497,False,False,False,"0,3/4,1/2,3/4,1/4,0,0,1,3/4,1/2,0,0,1/2,0,1",13049691270092233/34182881675214120,0.64075044198845299,False,False,False,"-1/20,7/10,9/20,7/10,1/5,-1/20,-1/20,19/20,7/10,9/20,-1/20,-1/20,9/20,-1/20,19/20",True,1.3877787807814457e-17,2,16,0.47376117409555268,False,False,False,359249558011547/1000000000000000,False,1/10,0.074110858955403827,random_811,1/20,box,"1/20,4/5,11/20,4/5,3/10,1/20,1/20,1,4/5,11/20,1/20,1/20,11/20,1/20,1",0.38176100523305251,False,False,False
0.60943942831904241,False,False,False,"0,3/4,1/2,3/4,1/4,0,0,1,3/4,1/2,0,0,1/2,0,1",1755487490177471/3578595824578640,0.69075044198845303,False,False,False,"-1/10,13/20,2/5,13/20,3/20,-1/10,-1/10,9/10,13/20,2/5,-1/10,-1/10,2/5,-1/10,9/10",True,2.7755575615628914e-17,2,16,0.52978289612648355,False,False,False,309249558011547/1000000000000000,False,1/10,0.070862111472774283,random_811,1/10,box,"1/10,17/20,3/5,17/20,7/20,1/10,1/10,1,17/20,3/5,1/10,1/10,3/5,1/10,1",0.4905520422620428,False,False,False
0.34745024532999302,False,False,False,"0,1,1/4,0,3/4,0,1/2,1/4,1,1/2,1/2,1/2,1,3/4,1",0,0.44493920571842999,False,False,False,"0,1,1/4,0,3/4,0,1/2,1/4,1,1/2,1/2,1/2,1,3/4,1",False,0,2,16,0.23785182952622128,False,False,False,55506079428157/100000000000000,False,1/10,0.095459240971596721,random_1619,0,box,"0,1,1/4,0,3/4,0,1/2,1/4,1,1/2,1/2,1/2,1,3/4,1",0,True,True,True
0.34842312380752921,False,False,False,"0,1,1/4,0,3/4,0,1/2,1/4,1,1/2,1/2,1/2,1,3/4,1",1353910713170227/530098423754479000,0.44593920571842999,False,False,False,"-1/1000,999/1000,249/1000,-1/1000,749/1000,-1/1000,499/1000,249/1000,999/1000,499/1000,499/1000,499/1000,999/1000,749/1000,999/1000",True,1.3877787807814457e-17,2,16,0.23870225408010354,False,False,False,55406079428157/100000000000000,False,1/10,0.095548944956779083,random_1619,1/1000,box,"1/1000,1,251/1000,1/1000,751/1000,1/1000,501/1000,251/1000,1,501/1000,501/1000,501/1000,1,751/1000,1",0.0025540742105607654,True,True,True
0.35232308779637933,False,False,False,"0,1,1/4,0,3/4,0,1/2,1/4,1,1/2,1/2,1/2,1,3/4,1",1353910713170227/102819684750895800,0.44993920571842999,False,False,False,"-1/200,199/200,49/200,-1/200,149/200,-1/200,99/200,49/200,199/200,99/200,99/200,99/200,199/200,149/200,199/200",True,1.3877787807814457e-17,2,16,0.24211566960852368,False,False,False,55006079428157/100000000000000,False,1/10,0.095973490610867573,random_1619,1/200,box,"1/200,1,51/200,1/200,151/200,1/200,101/200,51/200,1,101/200,101/200,101/200,1,151/200,1",0.013167816225564058,True,False,True
0.35721702501198216,False,False,False,"0,1,1/4,0,3/4,0,1/2,1/4,1,1/2,1/2,1/2,1,3/4,1",1353910713170227/49409842375447900,0.45493920571843,False,False,False,"-1/100,99/100,6/25,-1/100,37/50,-1/100,49/100,6/25,99/100,49/100,49/100,49/100,99/100,37/50,99/100",True,8.6736173798840355e-19,2,16,0.24640898522463969,False,False,False,54506079428157/100000000000000,False,1/10,0.096664037197114361,random_1619,1/100,box,"1/100,1,13/50,1/100,19/25,1/100,51/100,13/50,1,51/100,51/100,51/100,1,19/25,1",0.027401639998815192,True,False,True
0.36706797520204965,False,False,False,"0,1,1/4,0,3/4,0,1/2,1/4,1,1/2,1/2,1/2,1,3/4,1",1353910713170227/22704921187723950,0.46493920571843,False,False,False,"-1/50,49/50,23/100,-1/50,73/100,-1/50,12/25,23/100,49/50,12/25,12/25,12/25,49/50,73/100,49/50",True,1.3877787807814457e-17,2,16,0.25508527413856119,False,False,False,53506079428157/100000000000000,False,1/10,0.098667197634546053,random_1619,1/50,box,"1/50,1,27/100,1/50,77/100,1/50,13/25,27/100,1,13/25,13/25,13/25,1,77/100,1",0.059630716265258683,True,False,False
0.39712142523573102,False,False,False,"0,1,1/4,0,3/4,0,1/2,1/4,1,1/2,1/2,1/2,1,3/4,1",5256100593817801/32696567679406740,0.49493920571842998,False,False,False,"-1/20,19/20,1/5,-1/20,7/10,-1/20,9/20,1/5,19/20,9/20,9/20,9/20,19/20,7/10,19/20",True,6.9388939039072284e-18,2,16,0.28185434949085042,False,False,False,50506079428157/100000000000000,False,1/10,0.10497317657510807,random_1619,1/20,box,"1/20,1,3/10,1/20,4/5,1/20,11/20,3/10,1,11/20,11/20,11/20,1,4/5,1",0.16075389457861192,False,False,False
0.44884943882770534,False,False,False,"0,1,1/4,0,3/4,0,1/2,1/4,1,1/2,1/2,1/2,1,3/4,1",7260376287095957/28696567679406740,0.54493920571843002,False,False,False,"-1/10,9/10,3/20,-1/10,13/20,-1/10,2/5,3/20,9/10,2/5,2/5,2/5,9/10,13/20,9/10",True,2.7755575615628914e-17,2,16,0.32910053136109912,False,False,False,45506079428157/100000000000000,False,1/10,0.10086159831901287,random_1619,1/10,box,"1/10,1,7/20,1/10,17/20,1/10,3/5,7/20,1,3/5,3/5,3/5,1,17/20,1",0.2530050411675594,False,False,False
1,False,False,False,"0,0,0,0,0,0,0,0,0,0,0,0,0,0,0",1,1,False,False,False,"0,0,0,0,0,0,0,0,0,0,0,0,0,0,0",True,0,1,16,1,False,False,False,0,True,1/2,,constant_0,0,box,"0,0,0,0,0,0,0,0,0,0,0,0,0,0,0",1,False,False,False
1,False,False,False,"0,0,0,0,0,0,0,0,0,0,0,0,0,0,0",1,1,False,False,False,"-1/1000,-1/1000,-1/1000,-1/1000,-1/1000,-1/1000,-1/1000,-1/1000,-1/1000,-1/1000,-1/1000,-1/1000,-1/1000,-1/1000,-1/1000",True,5.5077470362263625e-17,1,16,1,False,False,False,-1/1000,True,1/2,,constant_0,1/1000,box,"1/1000,1/1000,1/1000,1/1000,1/1000,1/1000,1/1000,1/1000,1/1000,1/1000,1/1000,1/1000,1/1000,1/1000,1/1000",1,False,False,False
1,False,False,False,"0,0,0,0,0,0,0,0,0,0,0,0,0,0,0",1,1,False,False,False,"-1/200,-1/200,-1/200,-1/200,-1/200,-1/200,-1/200,-1/200,-1/200,-1/200,-1/200,-1/200,-1/200,-1/200,-1/200",True,2.1684043449710089e-18,1,16,1,False,False,False,-1/200,True,1/2,,constant_0,1/200,box,"1/200,1/200,1/200,1/200,1/200,1/200,1/200,1/200,1/200,1/200,1/200,1/200,1/200,1/200,1/200",1,False,False,False
1,False,False,False,"0,0,0,0,0,0,0,0,0,0,0,0,0,0,0",1,1,False,False,False,"-1/100,-1/100,-1/100,-1/100,-1/100,-1/100,-1/100,-1/100,-1/100,-1/100,-1/100,-1/100,-1/100,-1/100,-1/100",True,4.3368086899420177e-18,1,16,1,False,False,False,-1/100,True,1/2,,constant_0,1/100,box,"1/100,1/100,1/100,1/100,1/100,1/100,1/100,1/100,1/100,1/100,1/100,1/100,1/100,1/100,1/100",1,False,False,False
1,False,False,False,"0,0,0,0,0,0,0,0,0,0,0,0,0,0,0",1,1,False,False,False,"-1/50,-1/50,-1/50,-1/50,-1/50,-1/50,-1/50,-1/50,-1/50,-1/50,-1/50,-1/50,-1/50,-1/50,-1/50",True,8.6736173798840355e-18,1,16,1,False,False,False,-1/50,True,1/2,,constant_0,1/50,box,"1/50,1/50,1/50,1/50,1/50,1/50,1/50,1/50,1/50,1/50,1/50,1/50,1/50,1/50,1/50",1,False,False,False
1,False,False,False,"0,0,0,0,0,0,0,0,0,0,0,0,0,0,0",1,1,False,False,False,"-1/20,-1/20,-1/20,-1/20,-1/20,-1/20,-1/20,-1/20,-1/20,-1/20,-1/20,-1/20,-1/20,-1/20,-1/20",True,2.0816681711721685e-17,1,16,1,False,False,False,-1/20,True,1/2,,constant_0,1/20,box,"1/20,1/20,1/20,1/20,1/20,1/20,1/20,1/20,1/20,1/20,1/20,1/20,1/20,1/20,1/20",1,False,False,False
1,False,False,False,"0,0,0,0,0,0,0,0,0,0,0,0,0,0,0",1,1,False,False,False,"-1/10,-1/10,-1/10,-1/10,-1/10,-1/10,-1/10,-1/10,-1/10,-1/10,-1/10,-1/10,-1/10,-1/10,-1/10",True,1.3877787807814457e-17,1,16,1,False,False,False,-1/10,True,1/2,,constant_0,1/10,box,"1/10,1/10,1/10,1/10,1/10,1/10,1/10,1/10,1/10,1/10,1/10,1/10,1/10,1/10,1/10",1,False,False,False
0.86211124485976287,False,False,False,"1/10,1/10,1/10,1/10,1/10,1/10,1/10,1/10,1/10,1/10,1/10,1/10,1/10,1/10,1/10",9/11,0.90000000000000002,False,False,False,"1/10,1/10,1/10,1/10,1/10,1/10,1/10,1/10,1/10,1/10,1/10,1/10,1/10,1/10,1/10",True,3.4694469519536142e-17,2,16,0.81818181818181823,False,False,False,1/10,True,1/2,0.024999999999999967,constant_1/10,0,box,"1/10,1/10,1/10,1/10,1/10,1/10,1/10,1/10,1/10,1/10,1/10,1/10,1/10,1/10,1/10",0.81818181818181823,False,False,False
0.86344629272114959,False,False,False,"1/10,1/10,1/10,1/10,1/10,1/10,1/10,1/10,1/10,1/10,1/10,1/10,1/10,1/10,1/10",901/1099,0.90100000000000002,False,False,False,"99/1000,99/1000,99/1000,99/1000,99/1000,99/1000,99/1000,99/1000,99/1000,99/1000,99/1000,99/1000,99/1000,99/1000,99/1000",True,6.9388939039072284e-18,2,16,0.81983621474067336,False,False,False,99/1000,True,1/2,0.024749999999999994,constant_1/10,1/1000,box,"101/1000,101/1000,101/1000,101/1000,101/1000,101/1000,101/1000,101/1000,101/1000,101/1000,101/1000,101/1000,101/1000,101/1000,101/1000",0.81983621474067336,False,False,False
0.86879537991136424,False,False,False,"1/10,1/10,1/10,1/10,1/10,1/10,1/10,1/10,1/10,1/10,1/10,1/10,1/10,1/10,1/10",181/219,0.90500000000000003,False,False,False,"19/200,19/200,19/200,19/200,19/200,19/200,19/200,19/200,19/200,19/200,19/200,19/200,19/200,19/200,19/200",True,3.4694469519536142e-17,2,16,0.82648401826484019,False,False,False,19/200,True,1/2,0.023749999999999966,constant_1/10,1/200,box,"21/200,21/200,21/200,21/200,21/200,21/200,21/200,21/200,21/200,21/200,21/200,21/200,21/200,21/200,21/200",0.82648401826484019,False,False,False
0.87550174718287344,False,False,False,"1/10,1/10,1/10,1/10,1/10,1/10,1/10,1/10,1/10,1/10,1/10,1/10,1/10,1/10,1/10",91/109,0.91000000000000003,False,False,False,"9/100,9/100,9/100,9/100,9/100,9/100,9/100,9/100,9/100,9/100,9/100,9/100,9/100,9/100,9/100",True,2.7755575615628914e-17,2,16,0.83486238532110091,False,False,False,9/100,True,1/2,0.02250000000000002,constant_1/10,1/100,box,"11/100,11/100,11/100,11/100,11/100,11/100,11/100,11/100,11/100,11/100,11/100,11/100,11/100,11/100,11/100",0.83486238532110091,False,False,False
0.88898112771179116,False,False,False,"1/10,1/10,1/10,1/10,1/10,1/10,1/10,1/10,1/10,1/10,1/10,1/10,1/10,1/10,1/10",23/27,0.92000000000000004,False,False,False,"2/25,2/25,2/25,2/25,2/25,2/25,2/25,2/25,2/25,2/25,2/25,2/25,2/25,2/25,2/25",True,5.5511151231257827e-17,2,16,0.85185185185185186,False,False,False,2/25,True,1/2,0.019999999999999962,constant_1/10,1/50,box,"3/25,3/25,3/25,3/25,3/25,3/25,3/25,3/25,3/25,3/25,3/25,3/25,3/25,3/25,3/25",0.85185185185185186,False,False,False
0.92995138088325446,False,False,False,"1/10,1/10,1/10,1/10,1/10,1/10,1/10,1/10,1/10,1/10,1/10,1/10,1/10,1/10,1/10",19/21,0.94999999999999996,False,False,False,"1/20,1/20,1/20,1/20,1/20,1/20,1/20,1/20,1/20,1/20,1/20,1/20,1/20,1/20,1/20",True,2.7755575615628914e-17,2,16,0.90476190476190477,False,False,False,1/20,True,1/2,0.012500000000000011,constant_1/10,1/20,box,"3/20,3/20,3/20,3/20,3/20,3/20,3/20,3/20,3/20,3/20,3/20,3/20,3/20,3/20,3/20",0.90476190476190477,False,False,False
1,False,False,False,"1/10,1/10,1/10,1/10,1/10,1/10,1/10,1/10,1/10,1/10,1/10,1/10,1/10,1/10,1/10",1,1,False,False,False,"0,0,0,0,0,0,0,0,0,0,0,0,0,0,0",True,0,1,16,1,False,False,False,0,True,1/2,,constant_1/10,1/10,box,"1/5,1/5,1/5,1/5,1/5,1/5,1/5,1/5,1/5,1/5,1/5,1/5,1/5,1/5,1/5",1,False,False,False
0.39144491620749,False,False,False,"1/2,1/2,1/2,1/2,1/2,1/2,1/2,1/2,1/2,1/2,1/2,1/2,1/2,1/2,1/2",1/3,0.5,False,False,False,"1/2,1/2,1/2,1/2,1/2,1/2,1/2,1/2,1/2,1/2,1/2,1/2,1/2,1/2,1/2",True,0,2,16,0.33333333333333331,False,False,False,1/2,True,1/2,0.125,constant_1/2,0,box,"1/2,1/2,1/2,1/2,1/2,1/2,1/2,1/2,1/2,1/2,1/2,1/2,1/2,1/2,1/2",0.33333333333333331,False,False,False
0.39244757558302651,False,False,False,"1/2,1/2,1/2,1/2,1/2,1/2,1/2,1/2,1/2,1/2,1/2,1/2,1/2,1/2,1/2",501/1499,0.501,False,False,False,"499/1000,499/1000,499/1000,499/1000,499/1000,499/1000,499/1000,499/1000,499/1000,499/1000,499/1000,499/1000,499/1000,499/1000,499/1000",True,1.3877787807814457e-17,2,16,0.33422281521014008,False,False,False,499/1000,True,1/2,0.12474999999999999,constant_1/2,1/1000,box,"501/1000,501/1000,501/1000,501/1000,501/1000,501/1000,501/1000,501/1000,501/1000,501/1000,501/1000,501/1000,501/1000,501/1000,501/1000",0.33422281521014008,False,False,False
0.39646734494435304,False,False,False,"1/2,1/2,1/2,1/2,1/2,1/2,1/2,1/2,1/2,1/2,1/2,1/2,1/2,1/2,1/2",101/299,0.505,False,False,False,"99/200,99/200,99/200,99/200,99/200,99/200,99/200,99/200,99/200,99/200,99/200,99/200,99/200,99/200,99/200",True,1.3877787807814457e-17,2,16,0.33779264214046822,False,False,False,99/200,True,1/2,0.12375,constant_1/2,1/200,box,"101/200,101/200,101/200,101/200,101/200,101/200,101/200,101/200,101/200,101/200,101/200,101/200,101/200,101/200,101/200",0.33779264214046822,False,False,False
0.40151259801362843,False,False,False,"1/2,1/2,1/2,1/2,1/2,1/2,1/2,1/2,1/2,1/2,1/2,1/2,1/2,1/2,1/2",51/149,0.51000000000000001,False,False,False,"49/100,49/100,49/100,49/100,49/100,49/100,49/100,49/100,49/100,49/100,49/100,49/100,49/100,49/100,49/100",True,1.3877787807814457e-17,2,16,0.34228187919463088,False,False,False,49/100,True,1/2,0.1225,constant_1/2,1/100,box,"51/100,51/100,51/100,51/100,51/100,51/100,51/100,51/100,51/100,51/100,51/100,51/100,51/100,51/100,51/100",0.34228187919463088,False,False,False
0.41167153607163776,False,False,False,"1/2,1/2,1/2,1/2,1/2,1/2,1/2,1/2,1/2,1/2,1/2,1/2,1/2,1/2,1/2",13/37,0.52000000000000002,False,False,False,"12/25,12/25,12/25,12/25,12/25,12/25,12/25,12/25,12/25,12/25,12/25,12/25,12/25,12/25,12/25",True,2.7755575615628914e-17,2,16,0.35135135135135137,False,False,False,12/25,True,1/2,0.11999999999999997,constant_1/2,1/50,box,"13/25,13/25,13/25,13/25,13/25,13/25,13/25,13/25,13/25,13/25,13/25,13/25,13/25,13/25,13/25",0.35135135135135137,False,False,False
0.44269480037190789,False,False,False,"1/2,1/2,1/2,1/2,1/2,1/2,1/2,1/2,1/2,1/2,1/2,1/2,1/2,1/2,1/2",11/29,0.55000000000000004,False,False,False,"9/20,9/20,9/20,9/20,9/20,9/20,9/20,9/20,9/20,9/20,9/20,9/20,9/20,9/20,9/20",True,1.3877787807814457e-17,2,16,0.37931034482758619,False,False,False,9/20,True,1/2,0.11249999999999999,constant_1/2,1/20,box,"11/20,11/20,11/20,11/20,11/20,11/20,11/20,11/20,11/20,11/20,11/20,11/20,11/20,11/20,11/20",0.37931034482758619,False,False,False
0.49621172205894654,False,False,False,"1/2,1/2,1/2,1/2,1/2,1/2,1/2,1/2,1/2,1/2,1/2,1/2,1/2,1/2,1/2",3/7,0.59999999999999998,False,False,False,"2/5,2/5,2/5,2/5,2/5,2/5,2/5,2/5,2/5,2/5,2/5,2/5,2/5,2/5,2/5",True,1.3877787807814457e-17,2,16,0.42857142857142855,False,False,False,2/5,True,1/2,0.10000000000000002,constant_1/2,1/10,box,"3/5,3/5,3/5,3/5,3/5,3/5,3/5,3/5,3/5,3/5,3/5,3/5,3/5,3/5,3/5",0.42857142857142855,False,False,False
0.057740482241923546,True,False,False,"9/10,9/10,9/10,9/10,9/10,9/10,9/10,9/10,9/10,9/10,9/10,9/10,9/10,9/10,9/10",1/19,0.10000000000000001,True,False,False,"9/10,9/10,9/10,9/10,9/10,9/10,9/10,9/10,9/10,9/10,9/10,9/10,9/10,9/10,9/10",True,2.7755575615628914e-17,2,16,0.052631578947368418,True,False,False,9/10,True,1/2,0.22499999999999998,constant_9/10,0,box,"9/10,9/10,9/10,9/10,9/10,9/10,9/10,9/10,9/10,9/10,9/10,9/10,9/10,9/10,9/10",0.052631578947368418,True,False,False
0.058387527797392168,True,False,False,"9/10,9/10,9/10,9/10,9/10,9/10,9/10,9/10,9/10,9/10,9/10,9/10,9/10,9/10,9/10",101/1899,0.10100000000000001,False,False,False,"899/1000,899/1000,899/1000,899/1000,899/1000,899/1000,899/1000,899/1000,899/1000,899/1000,899/1000,899/1000,899/1000,899/1000,899/1000",True,5.2041704279304213e-18,2,16,0.053185887309110058,True,False,False,899/1000,True,1/2,0.22475000000000001,constant_9/10,1/1000,box,"901/1000,901/1000,901/1000,901/1000,901/1000,901/1000,901/1000,901/1000,901/1000,901/1000,901/1000,901/1000,901/1000,901/1000,901/1000",0.053185887309110058,True,False,False
0.06097506119283274,True,False,False,"9/10,9/10,9/10,9/10,9/10,9/10,9/10,9/10,9/10,9/10,9/10,9/10,9/10,9/10,9/10",21/379,0.105,False,False,False,"179/200,179/200,179/200,179/200,179/200,179/200,179/200,179/200,179/200,179/200,179/200,179/200,179/200,179/200,179/200",True,3.4694469519536142e-18,2,16,0.055408970976253295,True,False,False,179/200,True,1/2,0.22375,constant_9/10,1/200,box,"181/200,181/200,181/200,181/200,181/200,181/200,181/200,181/200,181/200,181/200,181/200,181/200,181/200,181/200,181/200",0.055408970976253295,True,False,False
0.064189203072240464,True,False,False,"9/10,9/10,9/10,9/10,9/10,9/10,9/10,9/10,9/10,9/10,9/10,9/10,9/10,9/10,9/10",11/189,0.11,False,False,False,"89/100,89/100,89/100,89/100,89/100,89/100,89/100,89/100,89/100,89/100,89/100,89/100,89/100,89/100,89/100",True,2.7755575615628914e-17,2,16,0.058201058201058198,True,False,False,89/100,True,1/2,0.22249999999999998,constant_9/10,1/100,box,"91/100,91/100,91/100,91/100,91/100,91/100,91/100,91/100,91/100,91/100,91/100,91/100,91/100,91/100,91/100",0.058201058201058198,True,False,False
0.070704498508506491,True,False,False,"9/10,9/10,9/10,9/10,9/10,9/10,9/10,9/10,9/10,9/10,9/10,9/10,9/10,9/10,9/10",3/47,0.12,False,False,False,"22/25,22/25,22/25,22/25,22/25,22/25,22/25,22/25,22/25,22/25,22/25,22/25,22/25,22/25,22/25",True,0,2,16,0.063829787234042548,True,False,False,22/25,True,1/2,0.22,constant_9/10,1/50,box,"23/25,23/25,23/25,23/25,23/25,23/25,23/25,23/25,23/25,23/25,23/25,23/25,23/25,23/25,23/25",0.063829787234042548,True,False,False
0.090950543607553294,True,False,False,"9/10,9/10,9/10,9/10,9/10,9/10,9/10,9/10,9/10,9/10,9/10,9/10,9/10,9/10,9/10",3/37,0.14999999999999999,False,False,False,"17/20,17/20,17/20,17/20,17/20,17/20,17/20,17/20,17/20,17/20,17/20,17/20,17/20,17/20,17/20",True,2.7755575615628914e-17,2,16,0.081081081081081086,True,False,False,17/20,True,1/2,0.21250000000000002,constant_9/10,1/20,box,"19/20,19/20,19/20,19/20,19/20,19/20,19/20,19/20,19/20,19/20,19/20,19/20,19/20,19/20,19/20",0.081081081081081086,True,False,False
0.12704167139794267,False,False,False,"9/10,9/10,9/10,9/10,9/10,9/10,9/10,9/10,9/10,9/10,9/10,9/10,9/10,9/10,9/10",1/9,0.20000000000000001,False,False,False,"4/5,4/5,4/5,4/5,4/5,4/5,4/5,4/5,4/5,4/5,4/5,4/5,4/5,4/5,4/5",True,2.7755575615628914e-17,2,16,0.1111111111111111,False,False,False,4/5,True,1/2,0.19999999999999998,constant_9/10,1/10,box,"1,1,1,1,1,1,1,1,1,1,1,1,1,1,1",0.1111111111111111,False,False,False
0,True,True,True,"1,1,1,1,1,1,1,1,1,1,1,1,1,1,1",0,0,True,True,True,"1,1,1,1,1,1,1,1,1,1,1,1,1,1,1",False,0,2,16,0,True,True,True,1,False,1/2,0.25,constant_1,0,box,"1,1,1,1,1,1,1,1,1,1,1,1,1,1,1",0,True,True,True
0.00050139433112044666,True,True,True,"1,1,1,1,1,1,1,1,1,1,1,1,1,1,1",1/1999,0.001,True,True,True,"999/1000,999/1000,999/1000,999/1000,999/1000,999/1000,999/1000,999/1000,999/1000,999/1000,999/1000,999/1000,999/1000,999/1000,999/1000",True,2.7755575615628914e-17,2,16,0.00050025012506253123,True,True,True,999/1000,False,1/2,0.24975000000000003,constant_1,1/1000,box,"1,1,1,1,1,1,1,1,1,1,1,1,1,1,1",0.00050025012506253123,True,True,True
0.002529681951263304,True,True,True,"1,1,1,1,1,1,1,1,1,1,1,1,1,1,1",1/399,0.0050000000000000001,True,True,True,"199/200,199/200,199/200,199/200,199/200,199/200,199/200,199/200,199/200,199/200,199/200,199/200,199/200,199/200,199/200",True,1.0842021724855044e-18,2,16,0.0025062656641604009,True,True,True,199/200,False,1/2,0.24875,constant_1,1/200,box,"1,1,1,1,1,1,1,1,1,1,1,1,1,1,1",0.0025062656641604009,True,True,True
0.0051080197338801443,True,True,True,"1,1,1,1,1,1,1,1,1,1,1,1,1,1,1",1/199,0.01,True,True,True,"99/100,99/100,99/100,99/100,99/100,99/100,99/100,99/100,99/100,99/100,99/100,99/100,99/100,99/100,99/100",True,1.951563910473908e-18,2,16,0.0050251256281407036,True,True,True,99/100,False,1/2,0.2475,constant_1,1/100,box,"1,1,1,1,1,1,1,1,1,1,1,1,1,1,1",0.0050251256281407036,True,True,True
0.010395613188920086,True,False,True,"1,1,1,1,1,1,1,1,1,1,1,1,1,1,1",1/99,0.02,True,False,True,"49/50,49/50,49/50,49/50,49/50,49/50,49/50,49/50,49/50,49/50,49/50,49/50,49/50,49/50,49/50",True,3.903127820947816e-18,2,16,0.010101010101010102,True,False,True,49/50,False,1/2,0.245,constant_1,1/50,box,"1,1,1,1,1,1,1,1,1,1,1,1,1,1,1",0.010101010101010102,True,False,True
0.027163136364260397,True,False,True,"1,1,1,1,1,1,1,1,1,1,1,1,1,1,1",1/39,0.050000000000000003,True,False,True,"19/20,19/20,19/20,19/20,19/20,19/20,19/20,19/20,19/20,19/20,19/20,19/20,19/20,19/20,19/20",True,1.3010426069826053e-17,2,16,0.02564102564102564,True,False,True,19/20,False,1/2,0.23749999999999999,constant_1,1/20,box,"1,1,1,1,1,1,1,1,1,1,1,1,1,1,1",0.02564102564102564,True,False,True
0.057740482241923546,True,False,False,"1,1,1,1,1,1,1,1,1,1,1,1,1,1,1",1/19,0.10000000000000001,True,False,False,"9/10,9/10,9/10,9/10,9/10,9/10,9/10,9/10,9/10,9/10,9/10,9/10,9/10,9/10,9/10",True,2.7755575615628914e-17,2,16,0.052631578947368418,True,False,False,9/10,False,1/2,0.22499999999999998,constant_1,1/10,box,"1,1,1,1,1,1,1,1,1,1,1,1,1,1,1",0.052631578947368418,True,False,False
0.16548793636398315,False,False,False,"0,1/14,1/7,3/14,2/7,5/14,3/7,1/2,4/7,9/14,5/7,11/14,6/7,13/14,1",0,0.25,False,False,False,"0,1/14,1/7,3/14,2/7,5/14,3/7,1/2,4/7,9/14,5/7,11/14,6/7,13/14,1",False,0,2,16,0.10000000000000001,True,False,False,3/4,False,1/2,0.16666666666666666,ascending,0,box,"0,1/14,1/7,3/14,2/7,5/14,3/7,1/2,4/7,9/14,5/7,11/14,6/7,13/14,1",0,True,True,True
0.16627251392329204,False,False,False,"0,1/14,1/7,3/14,2/7,5/14,3/7,1/2,4/7,9/14,5/7,11/14,6/7,13/14,1",458753/260179920,0.251,False,False,False,"-1/1000,493/7000,993/7000,1493/7000,1993/7000,2493/7000,2993/7000,499/1000,3993/7000,4493/7000,4993/7000,5493/7000,5993/7000,6493/7000,999/1000",True,2.7755575615628914e-17,2,16,0.10066039623774264,False,False,False,749/1000,False,1/2,0.16665878261297667,ascending,1/1000,box,"1/1000,507/7000,1007/7000,1507/7000,2007/7000,2507/7000,3007/7000,501/1000,4007/7000,4507/7000,5007/7000,5507/7000,6007/7000,6507/7000,1",0.0017632144709707036,True,True,True
0.16942093655103099,False,False,False,"0,1/14,1/7,3/14,2/7,5/14,3/7,1/2,4/7,9/14,5/7,11/14,6/7,13/14,1",458753/50463120,0.255,False,False,False,"-1/200,93/1400,193/1400,293/1400,393/1400,493/1400,593/1400,99/200,793/1400,893/1400,993/1400,1093/1400,1193/1400,1293/1400,199/200",True,0,2,16,0.10330992978936811,False,False,False,149/200,False,1/2,0.16667991339104016,ascending,1/200,box,"1/200,107/1400,207/1400,307/1400,407/1400,507/1400,607/1400,101/200,807/1400,907/1400,1007/1400,1107/1400,1207/1400,1307/1400,1",0.0090908568475353887,True,True,True
0.17337922677843098,False,False,False,"0,1/14,1/7,3/14,2/7,5/14,3/7,1/2,4/7,9/14,5/7,11/14,6/7,13/14,1",458753/24248520,0.26000000000000001,False,False,False,"-1/100,43/700,93/700,143/700,193/700,243/700,293/700,49/100,393/700,443/700,493/700,543/700,593/700,643/700,99/100",True,2.7755575615628914e-17,2,16,0.10663983903420524,False,False,False,37/50,False,1/2,0.16683443568583428,ascending,1/100,box,"1/100,57/700,107/700,157/700,207/700,257/700,307/700,51/100,407/700,457/700,507/700,557/700,607/700,657/700,1",0.018918804116704855,True,False,True
0.18137172667416035,False,False,False,"0,1/14,1/7,3/14,2/7,5/14,3/7,1/2,4/7,9/14,5/7,11/14,6/7,13/14,1",458753/11141220,0.27000000000000002,False,False,False,"-1/50,9/175,43/350,34/175,93/350,59/175,143/350,12/25,193/350,109/175,243/350,134/175,293/350,159/175,49/50",True,1.7347234759768071e-18,2,16,0.11336032388663968,False,False,False,73/100,False,1/2,0.16764209926441329,ascending,1/50,box,"1/50,16/175,57/350,41/175,107/350,66/175,157/350,13/25,207/350,116/175,257/350,141/175,307/350,166/175,1",0.041176190758283202,True,False,True
0.20595694165411677,False,False,False,"0,1/14,1/7,3/14,2/7,5/14,3/7,1/2,4/7,9/14,5/7,11/14,6/7,13/14,1",9896249/133043400,0.29999999999999999,False,False,False,"-1/20,3/140,13/140,23/140,33/140,43/140,53/140,9/20,73/140,83/140,93/140,103/140,113/140,123/140,19/20",True,2.7755575615628914e-17,2,16,0.13402061855670103,False,False,False,7/10,False,1/2,0.16294835546458275,ascending,1/20,box,"1/20,17/140,27/140,37/140,47/140,57/140,67/140,11/20,87/140,97/140,107/140,117/140,127/140,137/140,1",0.074383614670100129,True,False,False
0.24895373142937582,False,False,False,"0,1/14,1/7,3/14,2/7,5/14,3/7,1/2,4/7,9/14,5/7,11/14,6/7,13/14,1",6751637/52768660,0.34999999999999998,False,False,False,"-1/10,-1/35,3/70,4/35,13/70,9/35,23/70,2/5,33/70,19/35,43/70,24/35,53/70,29/35,9/10",True,2.7755575615628914e-17,2,16,0.1702127659574468,False,False,False,13/20,False,1/2,0.15422312213032,ascending,1/10,box,"1/10,6/35,17/70,11/35,27/70,16/35,37/70,3/5,47/70,26/35,57/70,31/35,67/70,1,1",0.12794785768674058,False,False,False
0.67000564668971674,False,False,False,"1,13/14,6/7,11/14,5/7,9/14,4/7,1/2,3/7,5/14,2/7,3/14,1/7,1/14,0",5/8,0.75,False,False,False,"1,13/14,6/7,11/14,5/7,9/14,4/7,1/2,3/7,5/14,2/7,3/14,1/7,1/14,0",False,0,2,16,0.625,False,False,False,1/4,False,1/2,0.0625,descending,0,box,"1,13/14,6/7,11/14,5/7,9/14,4/7,1/2,3/7,5/14,2/7,3/14,1/7,1/14,0",0.625,False,False,False
0.6712288370884294,False,False,False,"1,13/14,6/7,11/14,5/7,9/14,4/7,1/2,3/7,5/14,2/7,3/14,1/7,1/14,0",2503/3997,0.751,False,False,False,"999/1000,6493/7000,5993/7000,5493/7000,4993/7000,4493/7000,3993/7000,499/1000,2993/7000,2493/7000,1993/7000,1493/7000,993/7000,493/7000,-1/1000",True,2.7755575615628914e-17,2,16,0.62621966474856139,False,False,False,249/1000,False,1/2,0.06225,descending,1/1000,box,"1,6507/7000,6007/7000,5507/7000,5007/7000,4507/7000,4007/7000,501/1000,3007/7000,2507/7000,2007/7000,1507/7000,1007/7000,507/7000,1/1000",0.62621966474856139,False,False,False
0.67612988932391771,False,False,False,"1,13/14,6/7,11/14,5/7,9/14,4/7,1/2,3/7,5/14,2/7,3/14,1/7,1/14,0",503/797,0.755,False,False,False,"199/200,1293/1400,1193/1400,1093/1400,993/1400,893/1400,793/1400,99/200,593/1400,493/1400,393/1400,293/1400,193/1400,93/1400,-1/200",True,2.7755575615628914e-17,2,16,0.6311166875784191,False,False,False,49/200,False,1/2,0.061250000000000027,descending,1/200,box,"1,1307/1400,1207/1400,1107/1400,1007/1400,907/1400,807/1400,101/200,607/1400,507/1400,407/1400,307/1400,207/1400,107/1400,1/200",0.6311166875784191,False,False,False
0.68227481601563578,False,False,False,"1,13/14,6/7,11/14,5/7,9/14,4/7,1/2,3/7,5/14,2/7,3/14,1/7,1/14,0",253/397,0.76000000000000001,False,False,False,"99/100,643/700,593/700,543/700,493/700,443/700,393/700,49/100,293/700,243/700,193/700,143/700,93/700,43/700,-1/100",True,2.7755575615628914e-17,2,16,0.63727959697732994,False,False,False,6/25,False,1/2,0.059999999999999998,descending,1/100,box,"1,657/700,607/700,557/700,507/700,457/700,407/700,51/100,307/700,257/700,207/700,157/700,107/700,57/700,1/100",0.63727959697732994,False,False,False
0.69462643471091978,False,False,False,"1,13/14,6/7,11/14,5/7,9/14,4/7,1/2,3/7,5/14,2/7,3/14,1/7,1/14,0",128/197,0.77000000000000002,False,False,False,"49/50,159/175,293/350,134/175,243/350,109/175,193/350,12/25,143/350,59/175,93/350,34/175,43/350,9/175,-1/50",True,2.7755575615628914e-17,2,16,0.64974619289340096,False,False,False,23/100,False,1/2,0.057499999999999996,descending,1/50,box,"1,166/175,307/350,141/175,257/350,116/175,207/350,13/25,157/350,66/175,107/350,41/175,57/350,16/175,1/50",0.64974619289340096,False,False,False
0.73217010319475351,False,False,False,"1,13/14,6/7,11/14,5/7,9/14,4/7,1/2,3/7,5/14,2/7,3/14,1/7,1/14,0",53/77,0.80000000000000004,False,False,False,"19/20,123/140,113/140,103/140,93/140,83/140,73/140,9/20,53/140,43/140,33/140,23/140,13/140,3/140,-1/20",True,2.7755575615628914e-17,2,16,0.68831168831168832,False,False,False,1/5,False,1/2,0.049999999999999989,descending,1/20,box,"1,137/140,127/140,117/140,107/140,97/140,87/140,11/20,67/140,57/140,47/140,37/140,27/140,17/140,1/20",0.68831168831168832,False,False,False
0.79633517159538891,False,False,False,"1,13/14,6/7,11/14,5/7,9/14,4/7,1/2,3/7,5/14,2/7,3/14,1/7,1/14,0",28/37,0.84999999999999998,False,False,False,"9/10,29/35,53/70,24/35,43/70,19/35,33/70,2/5,23/70,9/35,13/70,4/35,3/70,-1/35,-1/10",True,6.9388939039072284e-18,2,16,0.7567567567567568,False,False,False,3/20,False,1/2,0.037500000000000006,descending,1/10,box,"1,1,67/70,31/35,57/70,26/35,47/70,3/5,37/70,16/35,27/70,11/35,17/70,6/35,1/10",0.7567567567567568,False,False,False
0.42535857000175836,False,False,False,"0,1,0,1,0,1,0,1,0,1,0,1,0,1,0",0,0.53333333333333333,False,False,False,"0,1,0,1,0,1,0,1,0,1,0,1,0,1,0",False,1.3877787807814457e-17,2,16,0.37604456824512533,False,False,False,7/15,False,1/2,0.046354166666666655,alternating,0,box,"0,1,0,1,0,1,0,1,0,1,0,1,0,1,0",0,True,True,True
0.42639162277248049,False,False,False,"0,1,0,1,0,1,0,1,0,1,0,1,0,1,0",3/2536,0.53433333333333333,False,False,False,"-1/1000,999/1000,-1/1000,999/1000,-1/1000,999/1000,-1/1000,999/1000,-1/1000,999/1000,-1/1000,999/1000,-1/1000,999/1000,-1/1000",True,1.3877787807814457e-17,2,16,0.37696510201806221,False,False,False,1397/3000,False,1/2,0.046200208661934819,alternating,1/1000,box,"1/1000,1,1/1000,1,1/1000,1,1/1000,1,1/1000,1,1/1000,1,1/1000,1,1/1000",0.0011829652996845426,True,True,True
0.43053293052198399,False,False,False,"0,1,0,1,0,1,0,1,0,1,0,1,0,1,0",21/3512,0.53833333333333333,False,False,False,"-1/200,199/200,-1/200,199/200,-1/200,199/200,-1/200,199/200,-1/200,199/200,-1/200,199/200,-1/200,199/200,-1/200",True,1.3877787807814457e-17,2,16,0.38065958636109559,False,False,False,277/600,False,1/2,0.045593471194001506,alternating,1/200,box,"1/200,1,1/200,1,1/200,1,1/200,1,1/200,1,1/200,1,1/200,1,1/200",0.0059794988610478361,True,True,True
0.43573002150015527,False,False,False,"0,1,0,1,0,1,0,1,0,1,0,1,0,1,0",21/1732,0.54333333333333333,False,False,False,"-1/100,99/100,-1/100,99/100,-1/100,99/100,-1/100,99/100,-1/100,99/100,-1/100,99/100,-1/100,99/100,-1/100",True,8.6736173798840355e-19,2,16,0.38530566461020749,False,False,False,137/300,False,1/2,0.044856079195535026,alternating,1/100,box,"1/100,1,1/100,1,1/100,1,1/100,1,1/100,1,1/100,1,1/100,1,1/100",0.012124711316397229,True,False,True
0.44619231458661068,False,False,False,"0,1,0,1,0,1,0,1,0,1,0,1,0,1,0",21/842,0.55333333333333334,False,False,False,"-1/50,49/50,-1/50,49/50,-1/50,49/50,-1/50,49/50,-1/50,49/50,-1/50,49/50,-1/50,49/50,-1/50",True,1.3877787807814457e-17,2,16,0.39469226425748166,False,False,False,67/150,False,1/2,0.043455191013460001,alternating,1/50,box,"1/50,1,1/50,1,1/50,1,1/50,1,1/50,1,1/50,1,1/50,1,1/50",0.024940617577197149,True,False,True
0.47812237949805658,False,False,False,"0,1,0,1,0,1,0,1,0,1,0,1,0,1,0",3/44,0.58333333333333337,False,False,False,"-1/20,19/20,-1/20,19/20,-1/20,19/20,-1/20,19/20,-1/20,19/20,-1/20,19/20,-1/20,19/20,-1/20",True,2.0816681711721685e-17,2,16,0.42363112391930835,False,False,False,5/12,False,1/2,0.039926609848484826,alternating,1/20,box,"1/20,1,1/20,1,1/20,1,1/20,1,1/20,1,1/20,1,1/20,1,1/20",0.068181818181818177,True,False,False
0.53313521330311198,False,False,False,"0,1,0,1,0,1,0,1,0,1,0,1,0,1,0",21/130,0.6333333333333333,False,False,False,"-1/10,9/10,-1/10,9/10,-1/10,9/10,-1/10,9/10,-1/10,9/10,-1/10,9/10,-1/10,9/10,-1/10",True,6.9388939039072284e-18,2,16,0.47462686567164181,False,False,False,11/30,False,1/2,0.037039262820512828,alternating,1/10,box,"1/10,1,1/10,1,1/10,1,1/10,1,1/10,1,1/10,1,1/10,1,1/10",0.16153846153846155,False,False,False
0.44788683398554024,False,False,False,"1,3/4,3/4,1,1/2,3/4,3/4,1/4,1/2,0,1/4,1/2,3/4,1/4,3/4",512086/1582537,0.5549448649088542,False,False,False,"1,3/4,3/4,1,1/2,3/4,3/4,1/4,1/2,0,1/4,1/2,3/4,1/4,3/4",False,1.3877787807814457e-17,2,16,0.36568752436966884,False,False,False,437507/983040,False,1/2,0.10387872897267666,random_271,0,box,"1,3/4,3/4,1,1/2,3/4,3/4,1/4,1/2,0,1/4,1/2,3/4,1/4,3/4",0.32358548330939496,False,False,False
0.44893951380260261,False,False,False,"1,3/4,3/4,1,1/2,3/4,3/4,1/4,1/2,0,1/4,1/2,3/4,1/4,3/4",385244563/1184936670,0.5559448649088542,False,False,False,"999/1000,749/1000,749/1000,999/1000,499/1000,749/1000,749/1000,249/1000,499/1000,-1/1000,249/1000,499/1000,749/1000,249/1000,749/1000",True,1.3877787807814457e-17,2,16,0.36666143785998273,False,False,False,10913099/24576000,False,1/2,0.10373195337694004,random_271,1/1000,box,"1,751/1000,751/1000,1,501/1000,751/1000,751/1000,251/1000,501/1000,1/1000,251/1000,501/1000,751/1000,251/1000,751/1000",0.32511827235458923,False,False,False
0.45315929303000063,False,False,False,"1,3/4,3/4,1,1/2,3/4,3/4,1/4,1/2,0,1/4,1/2,3/4,1/4,3/4",77992963/235414470,0.5599448649088542,False,False,False,"199/200,149/200,149/200,199/200,99/200,149/200,149/200,49/200,99/200,-1/200,49/200,99/200,149/200,49/200,149/200",True,0,2,16,0.37057102210687481,False,False,False,2162959/4915200,False,1/2,0.10314996876881395,random_271,1/200,box,"1,151/200,151/200,1,101/200,151/200,151/200,51/200,101/200,1/200,51/200,101/200,151/200,51/200,151/200",0.33130063330431642,False,False,False
0.45845438702378172,False,False,False,"1,3/4,3/4,1,1/2,3/4,3/4,1/4,1/2,0,1/4,1/2,3/4,1/4,3/4",39586513/116724195,0.56494486490885421,False,False,False,"99/100,37/50,37/50,99/100,49/100,37/50,37/50,6/25,49/100,-1/100,6/25,49/100,37/50,6/25,37/50",True,0,2,16,0.37548957051953818,False,False,False,2138383/4915200,False,1/2,0.10243419695834634,random_271,1/100,box,"1,19/25,19/25,1,51/100,19/25,19/25,13/50,51/100,1/100,13/50,51/100,19/25,13/50,19/25",0.33914573580910112,False,False,False
0.46911237480250423,False,False,False,"1,3/4,3/4,1,1/2,3/4,3/4,1/4,1/2,0,1/4,1/2,3/4,1/4,3/4",40766576/114758115,0.57494486490885421,False,False,False,"49/50,73/100,73/100,49/50,12/25,73/100,73/100,23/100,12/25,-1/50,23/100,12/25,73/100,23/100,73/100",True,1.3877787807814457e-17,2,16,0.38543333971352528,False,False,False,2089231/4915200,False,1/2,0.10104295365039224,random_271,1/50,box,"1,77/100,77/100,1,13/25,77/100,77/100,27/100,13/25,1/50,27/100,13/25,77/100,27/100,77/100",0.35523915672543072,False,False,False
0.50162659279399169,False,False,False,"1,3/4,3/4,1,1/2,3/4,3/4,1/4,1/2,0,1/4,1/2,3/4,1/4,3/4",19176409/47559615,0.60494486490885413,False,False,False,"19/20,7/10,7/10,19/20,9/20,7/10,7/10,1/5,9/20,-1/20,1/5,9/20,7/10,1/5,7/10",True,2.7755575615628914e-17,2,16,0.41614640351998977,False,False,False,77671/196608,False,1/2,0.096575113844269894,random_271,1/20,box,"1,4/5,4/5,1,11/20,4/5,4/5,3/10,11/20,1/20,3/10,11/20,4/5,3/10,4/5",0.40320782664031235,False,False,False
0.55760040666418231,False,False,False,"1,3/4,3/4,1,1/2,3/4,3/4,1/4,1/2,0,1/4,1/2,3/4,1/4,3/4",21001163/45593535,0.65494486490885417,False,False,False,"9/10,13/20,13/20,9/10,2/5,13/20,13/20,3/20,2/5,-1/10,3/20,2/5,13/20,3/20,13/20",True,2.7755575615628914e-17,2,16,0.4704770026094427,False,False,False,339203/983040,False,1/2,0.084657526114891551,random_271,1/10,box,"1,17/20,17/20,1,3/5,17/20,17/20,7/20,3/5,1/10,7/20,3/5,17/20,7/20,17/20",0.46061712477437866,False,False,False
0.49983406769601785,False,False,False,"0,3/4,1/2,3/4,1/4,0,0,1,3/4,1/2,0,0,1/2,0,1",1030185/3686296,0.60331013997395833,False,False,False,"0,3/4,1/2,3/4,1/4,0,0,1,3/4,1/2,0,0,1/2,0,1",False,0,2,16,0.42473511264857849,False,False,False,194981/491520,False,1/2,0.074128438958296863,random_811,0,box,"0,3/4,1/2,3/4,1/4,0,0,1,3/4,1/2,0,0,1/2,0,1",0.27946345057477751,False,False,False
0.50093031398174748,False,False,False,"0,3/4,1/2,3/4,1/4,0,0,1,3/4,1/2,0,0,1/2,0,1",4618167/16421570,0.60431013997395833,False,False,False,"-1/1000,749/1000,499/1000,749/1000,249/1000,-1/1000,-1/1000,999/1000,749/1000,499/1000,-1/1000,-1/1000,499/1000,-1/1000,999/1000",True,0,2,16,0.42576891118331689,False,False,False,4862237/12288000,False,1/2,0.074022082301394482,random_811,1/1000,box,"1/1000,751/1000,501/1000,751/1000,251/1000,1/1000,1/1000,1,751/1000,501/1000,1/1000,1/1000,501/1000,1/1000,1",0.28122566843486951,False,False,False
0.50532423867751264,False,False,False,"0,3/4,1/2,3/4,1/4,0,0,1,3/4,1/2,0,0,1/2,0,1",3286272/11396795,0.60831013997395833,False,False,False,"-1/200,149/200,99/200,149/200,49/200,-1/200,-1/200,199/200,149/200,99/200,-1/200,-1/200,99/200,-1/200,199/200",True,1.3877787807814457e-17,2,16,0.42991915163329042,False,False,False,962617/2457600,False,1/2,0.073605304740342631,random_811,1/200,box,"1/200,151/200,101/200,151/200,51/200,1/200,1/200,1,151/200,101/200,1/200,1/200,101/200,1/200,1",0.28835054065638627,False,False,False
0.51083673557708331,False,False,False,"0,3/4,1/2,3/4,1/4,0,0,1,3/4,1/2,0,0,1/2,0,1",26825727/90191320,0.61331013997395833,False,False,False,"-1/100,37/50,49/100,37/50,6/25,-1/100,-1/100,99/100,37/50,49/100,-1/100,-1/100,49/100,-1/100,99/100",True,1.3877787807814457e-17,2,16,0.43514105365892219,False,False,False,950329/2457600,False,1/2,0.073104217405910679,random_811,1/100,box,"1/100,19/25,51/100,19/25,13/50,1/100,1/100,1,19/25,51/100,1/100,1/100,51/100,1/100,1",0.29743136035707207,False,False,False
0.52192854901381014,False,False,False,"0,3/4,1/2,3/4,1/4,0,0,1,3/4,1/2,0,0,1/2,0,1",27896829/88225240,0.62331013997395834,False,False,False,"-1/50,73/100,12/25,73/100,23/100,-1/50,-1/50,49/50,73/100,12/25,-1/50,-1/50,12/25,-1/50,49/50",True,0,2,16,0.44570011829915662,False,False,False,925753/2457600,False,1/2,0.072171131247211973,random_811,1/50,box,"1/50,77/100,13/25,77/100,27/100,1/50,1/50,1,77/100,13/25,1/50,1/50,13/25,1/50,1",0.31620009194647697,False,False,False
0.55573546684600816,False,False,False,"0,3/4,1/2,3/4,1/4,0,0,1,3/4,1/2,0,0,1/2,0,1",888861/2352200,0.65331013997395837,False,False,False,"-1/20,7/10,9/20,7/10,1/5,-1/20,-1/20,19/20,7/10,9/20,-1/20,-1/20,9/20,-1/20,19/20",True,2.7755575615628914e-17,2,16,0.47833061510944708,False,False,False,34081/98304,False,1/2,0.069983978223534402,random_811,1/20,box,"1/20,4/5,11/20,4/5,3/10,1/20,1/20,1,4/5,11/20,1/20,1/20,11/20,1/20,1",0.37788495876201006,False,False,False
0.61382855868754427,False,False,False,"0,3/4,1/2,3/4,1/4,0,0,1,3/4,1/2,0,0,1/2,0,1",3675201/7317040,0.7033101399739583,False,False,False,"-1/10,13/20,2/5,13/20,3/20,-1/10,-1/10,9/10,13/20,2/5,-1/10,-1/10,2/5,-1/10,9/10",True,1.3877787807814457e-17,2,16,0.53611603063633784,False,False,False,145829/491520,False,1/2,0.06876223156538365,random_811,1/10,box,"1/10,17/20,3/5,17/20,7/20,1/10,1/10,1,17/20,3/5,1/10,1/10,3/5,1/10,1",0.50227974700151978,False,False,False
0.2170526164039796,False,False,False,"0,1,1/4,0,3/4,0,1/2,1/4,1,1/2,1/2,1/2,1,3/4,1",0,0.31318766276041665,False,False,False,"0,1,1/4,0,3/4,0,1/2,1/4,1,1/2,1/2,1/2,1,3/4,1",False,0,2,16,0.14654039375381395,False,False,False,168791/245760,False,1/2,0.14222138722737629,random_1619,0,box,"0,1,1/4,0,3/4,0,1/2,1/4,1,1/2,1/2,1/2,1,3/4,1",0,True,True,True
0.21790115606760768,False,False,False,"0,1,1/4,0,3/4,0,1/2,1/4,1,1/2,1/2,1/2,1,3/4,1",38143/42818040,0.31418766276041665,False,False,False,"-1/1000,999/1000,249/1000,-1/1000,749/1000,-1/1000,499/1000,249/1000,999/1000,499/1000,499/1000,499/1000,999/1000,749/1000,999/1000",True,8.1315162936412833e-20,2,16,0.147253204382706,False,False,False,4213631/6144000,False,1/2,0.14202564872397769,random_1619,1/1000,box,"1/1000,1,251/1000,1/1000,751/1000,1/1000,501/1000,251/1000,1,501/1000,501/1000,501/1000,1,751/1000,1",0.00089081611395570653,True,True,True
0.22130541573945722,False,False,False,"0,1,1/4,0,3/4,0,1/2,1/4,1,1/2,1/2,1/2,1,3/4,1",877289/195390120,0.31818766276041666,False,False,False,"-1/200,199/200,49/200,-1/200,149/200,-1/200,99/200,49/200,199/200,99/200,99/200,99/200,199/200,149/200,199/200",True,2.7755575615628914e-17,2,16,0.15011333216210859,False,False,False,837811/1228800,False,1/2,0.14124760805130832,random_1619,1/200,box,"1/200,1,51/200,1/200,151/200,1/200,101/200,51/200,1,101/200,101/200,101/200,1,151/200,1",0.0044899353150507299,True,True,True
0.22558345448043024,False,False,False,"0,1,1/4,0,3/4,0,1/2,1/4,1,1/2,1/2,1/2,1,3/4,1",877289/96712020,0.32318766276041666,False,False,False,"-1/100,99/100,6/25,-1/100,37/50,-1/100,49/100,6/25,99/100,49/100,49/100,49/100,99/100,37/50,99/100",True,2.7755575615628914e-17,2,16,0.15370860871977002,False,False,False,831667/1228800,False,1/2,0.14028633696743525,random_1619,1/100,box,"1/100,1,13/50,1/100,19/25,1/100,51/100,13/50,1,51/100,51/100,51/100,1,19/25,1",0.0090711475160998607,True,True,True
0.23421515163255566,False,False,False,"0,1,1/4,0,3/4,0,1/2,1/4,1,1/2,1/2,1/2,1,3/4,1",877289/47372970,0.33318766276041667,False,False,False,"-1/50,49/50,23/100,-1/50,73/100,-1/50,12/25,23/100,49/50,12/25,12/25,12/25,49/50,73/100,49/50",True,2.6020852139652106e-18,2,16,0.16096701950892556,False,False,False,819379/1228800,False,1/2,0.13840287641434471,random_1619,1/50,box,"1/50,1,27/100,1/50,77/100,1/50,13/25,27/100,1,13/25,13/25,13/25,1,77/100,1",0.018518767136618201,True,False,True
0.26071291305803462,False,False,False,"0,1,1/4,0,3/4,0,1/2,1/4,1,1/2,1/2,1/2,1,3/4,1",877289/17769540,0.36318766276041664,False,False,False,"-1/20,19/20,1/5,-1/20,7/10,-1/20,9/20,1/5,19/20,9/20,9/20,9/20,19/20,7/10,19/20",True,5.2041704279304213e-18,2,16,0.18330077796937372,False,False,False,156503/245760,False,1/2,0.13309628131915233,random_1619,1/20,box,"1/20,1,3/10,1/20,4/5,1/20,11/20,3/10,1,11/20,11/20,11/20,1,4/5,1",0.049370383251339092,True,False,True
0.30686318619312392,False,False,False,"0,1,1/4,0,3/4,0,1/2,1/4,1,1/2,1/2,1/2,1,3/4,1",877289/7901730,0.41318766276041669,False,False,False,"-1/10,9/10,3/20,-1/10,13/20,-1/10,2/5,3/20,9/10,2/5,2/5,2/5,9/10,13/20,9/10",True,2.7755575615628914e-17,2,16,0.22249646618403474,False,False,False,28843/49152,False,1/2,0.12567010139287815,random_1619,1/10,box,"1/10,1,7/20,1/10,17/20,1/10,3/5,7/20,1,3/5,3/5,3/5,1,17/20,1",0.11102492745259582,False,False,False
1,False,False,False,"0,0,0,0,0,0,0,0,0,0,0,0,0,0,0",1,1,False,False,False,"0,0,0,0,0,0,0,0,0,0,0,0,0,0,0",True,0,1,16,1,False,False,False,0,True,9/10,,constant_0,0,box,"0,0,0,0,0,0,0,0,0,0,0,0,0,0,0",1,False,False,False
1,False,False,False,"0,0,0,0,0,0,0,0,0,0,0,0,0,0,0",1,1,False,False,False,"-1/1000,-1/1000,-1/1000,-1/1000,-1/1000,-1/1000,-1/1000,-1/1000,-1/1000,-1/1000,-1/1000,-1/1000,-1/1000,-1/1000,-1/1000",True,5.5077470362263625e-17,1,16,1,False,False,False,-1/1000,True,9/10,,constant_0,1/1000,box,"1/1000,1/1000,1/1000,1/1000,1/1000,1/1000,1/1000,1/1000,1/1000,1/1000,1/1000,1/1000,1/1000,1/1000,1/1000",1,False,False,False
1,False,False,False,"0,0,0,0,0,0,0,0,0,0,0,0,0,0,0",1,1,False,False,False,"-1/200,-1/200,-1/200,-1/200,-1/200,-1/200,-1/200,-1/200,-1/200,-1/200,-1/200,-1/200,-1/200,-1/200,-1/200",True,5.3342746886286818e-17,1,16,1,False,False,False,-1/200,True,9/10,,constant_0,1/200,box,"1/200,1/200,1/200,1/200,1/200,1/200,1/200,1/200,1/200,1/200,1/200,1/200,1/200,1/200,1/200",1,False,False,False
1,False,False,False,"0,0,0,0,0,0,0,0,0,0,0,0,0,0,0",1,1,False,False,False,"-1/100,-1/100,-1/100,-1/100,-1/100,-1/100,-1/100,-1/100,-1/100,-1/100,-1/100,-1/100,-1/100,-1/100,-1/100",True,4.3368086899420177e-18,1,16,1,False,False,False,-1/100,True,9/10,,constant_0,1/100,box,"1/100,1/100,1/100,1/100,1/100,1/100,1/100,1/100,1/100,1/100,1/100,1/100,1/100,1/100,1/100",1,False,False,False
1,False,False,False,"0,0,0,0,0,0,0,0,0,0,0,0,0,0,0",1,1,False,False,False,"-1/50,-1/50,-1/50,-1/50,-1/50,-1/50,-1/50,-1/50,-1/50,-1/50,-1/50,-1/50,-1/50,-1/50,-1/50",True,8.6736173798840355e-18,1,16,1,False,False,False,-1/50,True,9/10,,constant_0,1/50,box,"1/50,1/50,1/50,1/50,1/50,1/50,1/50,1/50,1/50,1/50,1/50,1/50,1/50,1/50,1/50",1,False,False,False
1,False,False,False,"0,0,0,0,0,0,0,0,0,0,0,0,0,0,0",1,1,False,False,False,"-1/20,-1/20,-1/20,-1/20,-1/20,-1/20,-1/20,-1/20,-1/20,-1/20,-1/20,-1/20,-1/20,-1/20,-1/20",True,2.0816681711721685e-17,1,16,1,False,False,False,-1/20,True,9/10,,constant_0,1/20,box,"1/20,1/20,1/20,1/20,1/20,1/20,1/20,1/20,1/20,1/20,1/20,1/20,1/20,1/20,1/20",1,False,False,False
1,False,False,False,"0,0,0,0,0,0,0,0,0,0,0,0,0,0,0",1,1,False,False,False,"-1/10,-1/10,-1/10,-1/10,-1/10,-1/10,-1/10,-1/10,-1/10,-1/10,-1/10,-1/10,-1/10,-1/10,-1/10",True,1.3877787807814457e-17,1,16,1,False,False,False,-1/10,True,9/10,,constant_0,1/10,box,"1/10,1/10,1/10,1/10,1/10,1/10,1/10,1/10,1/10,1/10,1/10,1/10,1/10,1/10,1/10",1,False,False,False
0.84749674013187948,False,False,False,"1/10,1/10,1/10,1/10,1/10,1/10,1/10,1/10,1/10,1/10,1/10,1/10,1/10,1/10,1/10",9/11,0.90000000000000002,False,False,False,"1/10,1/10,1/10,1/10,1/10,1/10,1/10,1/10,1/10,1/10,1/10,1/10,1/10,1/10,1/10",True,2.7755575615628914e-17,2,16,0.81818181818181823,False,False,False,1/10,True,9/10,0.024999999999999994,constant_1/10,0,box,"1/10,1/10,1/10,1/10,1/10,1/10,1/10,1/10,1/10,1/10,1/10,1/10,1/10,1/10,1/10",0.81818181818181823,False,False,False
0.84895935634969044,False,False,False,"1/10,1/10,1/10,1/10,1/10,1/10,1/10,1/10,1/10,1/10,1/10,1/10,1/10,1/10,1/10",901/1099,0.90100000000000002,False,False,False,"99/1000,99/1000,99/1000,99/1000,99/1000,99/1000,99/1000,99/1000,99/1000,99/1000,99/1000,99/1000,99/1000,99/1000,99/1000",True,6.9388939039072284e-18,2,16,0.81983621474067336,False,False,False,99/1000,True,9/10,0.024749999999999994,constant_1/10,1/1000,box,"101/1000,101/1000,101/1000,101/1000,101/1000,101/1000,101/1000,101/1000,101/1000,101/1000,101/1000,101/1000,101/1000,101/1000,101/1000",0.81983621474067336,False,False,False
0.85481822164763521,False,False,False,"1/10,1/10,1/10,1/10,1/10,1/10,1/10,1/10,1/10,1/10,1/10,1/10,1/10,1/10,1/10",181/219,0.90500000000000003,False,False,False,"19/200,19/200,19/200,19/200,19/200,19/200,19/200,19/200,19/200,19/200,19/200,19/200,19/200,19/200,19/200",True,2.7755575615628914e-17,2,16,0.82648401826484019,False,False,False,19/200,True,9/10,0.023749999999999993,constant_1/10,1/200,box,"21/200,21/200,21/200,21/200,21/200,21/200,21/200,21/200,21/200,21/200,21/200,21/200,21/200,21/200,21/200",0.82648401826484019,False,False,False
0.86205679530775792,False,False,False,"1/10,1/10,1/10,1/10,1/10,1/10,1/10,1/10,1/10,1/10,1/10,1/10,1/10,1/10,1/10",91/109,0.91000000000000003,False,False,False,"9/100,9/100,9/100,9/100,9/100,9/100,9/100,9/100,9/100,9/100,9/100,9/100,9/100,9/100,9/100",True,2.0816681711721685e-17,2,16,0.83486238532110091,False,False,False,9/100,True,9/10,0.02250000000000002,constant_1/10,1/100,box,"11/100,11/100,11/100,11/100,11/100,11/100,11/100,11/100,11/100,11/100,11/100,11/100,11/100,11/100,11/100",0.83486238532110091,False,False,False
0.87666181219243577,False,False,False,"1/10,1/10,1/10,1/10,1/10,1/10,1/10,1/10,1/10,1/10,1/10,1/10,1/10,1/10,1/10",23/27,0.92000000000000004,False,False,False,"2/25,2/25,2/25,2/25,2/25,2/25,2/25,2/25,2/25,2/25,2/25,2/25,2/25,2/25,2/25",True,1.0408340855860843e-17,2,16,0.85185185185185186,False,False,False,2/25,True,9/10,0.01999999999999999,constant_1/10,1/50,box,"3/25,3/25,3/25,3/25,3/25,3/25,3/25,3/25,3/25,3/25,3/25,3/25,3/25,3/25,3/25",0.85185185185185186,False,False,False
0.92152741262181814,False,False,False,"1/10,1/10,1/10,1/10,1/10,1/10,1/10,1/10,1/10,1/10,1/10,1/10,1/10,1/10,1/10",19/21,0.94999999999999996,False,False,False,"1/20,1/20,1/20,1/20,1/20,1/20,1/20,1/20,1/20,1/20,1/20,1/20,1/20,1/20,1/20",True,1.0408340855860843e-17,2,16,0.90476190476190477,False,False,False,1/20,True,9/10,0.012500000000000011,constant_1/10,1/20,box,"3/20,3/20,3/20,3/20,3/20,3/20,3/20,3/20,3/20,3/20,3/20,3/20,3/20,3/20,3/20",0.90476190476190477,False,False,False
1,False,False,False,"1/10,1/10,1/10,1/10,1/10,1/10,1/10,1/10,1/10,1/10,1/10,1/10,1/10,1/10,1/10",1,1,False,False,False,"0,0,0,0,0,0,0,0,0,0,0,0,0,0,0",True,0,1,16,1,False,False,False,0,True,9/10,,constant_1/10,1/10,box,"1/5,1/5,1/5,1/5,1/5,1/5,1/5,1/5,1/5,1/5,1/5,1/5,1/5,1/5,1/5",1,False,False,False
0.36370143228607643,False,False,False,"1/2,1/2,1/2,1/2,1/2,1/2,1/2,1/2,1/2,1/2,1/2,1/2,1/2,1/2,1/2",1/3,0.5,False,False,False,"1/2,1/2,1/2,1/2,1/2,1/2,1/2,1/2,1/2,1/2,1/2,1/2,1/2,1/2,1/2",True,0,2,16,0.33333333333333331,False,False,False,1/2,True,9/10,0.125,constant_1/2,0,box,"1/2,1/2,1/2,1/2,1/2,1/2,1/2,1/2,1/2,1/2,1/2,1/2,1/2,1/2,1/2",0.33333333333333331,False,False,False
0.3646692804443919,False,False,False,"1/2,1/2,1/2,1/2,1/2,1/2,1/2,1/2,1/2,1/2,1/2,1/2,1/2,1/2,1/2",501/1499,0.501,False,False,False,"499/1000,499/1000,499/1000,499/1000,499/1000,499/1000,499/1000,499/1000,499/1000,499/1000,499/1000,499/1000,499/1000,499/1000,499/1000",True,1.3877787807814457e-17,2,16,0.33422281521014008,False,False,False,499/1000,True,9/10,0.12474999999999999,constant_1/2,1/1000,box,"501/1000,501/1000,501/1000,501/1000,501/1000,501/1000,501/1000,501/1000,501/1000,501/1000,501/1000,501/1000,501/1000,501/1000,501/1000",0.33422281521014008,False,False,False
0.36855192042144203,False,False,False,"1/2,1/2,1/2,1/2,1/2,1/2,1/2,1/2,1/2,1/2,1/2,1/2,1/2,1/2,1/2",101/299,0.505,False,False,False,"99/200,99/200,99/200,99/200,99/200,99/200,99/200,99/200,99/200,99/200,99/200,99/200,99/200,99/200,99/200",True,1.3877787807814457e-17,2,16,0.33779264214046822,False,False,False,99/200,True,9/10,0.12375,constant_1/2,1/200,box,"101/200,101/200,101/200,101/200,101/200,101/200,101/200,101/200,101/200,101/200,101/200,101/200,101/200,101/200,101/200",0.33779264214046822,False,False,False
0.37343059253253957,False,False,False,"1/2,1/2,1/2,1/2,1/2,1/2,1/2,1/2,1/2,1/2,1/2,1/2,1/2,1/2,1/2",51/149,0.51000000000000001,False,False,False,"49/100,49/100,49/100,49/100,49/100,49/100,49/100,49/100,49/100,49/100,49/100,49/100,49/100,49/100,49/100",True,0,2,16,0.34228187919463088,False,False,False,49/100,True,9/10,0.1225,constant_1/2,1/100,box,"51/100,51/100,51/100,51/100,51/100,51/100,51/100,51/100,51/100,51/100,51/100,51/100,51/100,51/100,51/100",0.34228187919463088,False,False,False
0.38327292224239695,False,False,False,"1/2,1/2,1/2,1/2,1/2,1/2,1/2,1/2,1/2,1/2,1/2,1/2,1/2,1/2,1/2",13/37,0.52000000000000002,False,False,False,"12/25,12/25,12/25,12/25,12/25,12/25,12/25,12/25,12/25,12/25,12/25,12/25,12/25,12/25,12/25",True,2.7755575615628914e-17,2,16,0.35135135135135137,False,False,False,12/25,True,9/10,0.11999999999999997,constant_1/2,1/50,box,"13/25,13/25,13/25,13/25,13/25,13/25,13/25,13/25,13/25,13/25,13/25,13/25,13/25,13/25,13/25",0.35135135135135137,False,False,False
0.41348740605544704,False,False,False,"1/2,1/2,1/2,1/2,1/2,1/2,1/2,1/2,1/2,1/2,1/2,1/2,1/2,1/2,1/2",11/29,0.55000000000000004,False,False,False,"9/20,9/20,9/20,9/20,9/20,9/20,9/20,9/20,9/20,9/20,9/20,9/20,9/20,9/20,9/20",True,1.3877787807814457e-17,2,16,0.37931034482758619,False,False,False,9/20,True,9/10,0.1125,constant_1/2,1/20,box,"11/20,11/20,11/20,11/20,11/20,11/20,11/20,11/20,11/20,11/20,11/20,11/20,11/20,11/20,11/20",0.37931034482758619,False,False,False
0.46618457519313,False,False,False,"1/2,1/2,1/2,1/2,1/2,1/2,1/2,1/2,1/2,1/2,1/2,1/2,1/2,1/2,1/2",3/7,0.59999999999999998,False,False,False,"2/5,2/5,2/5,2/5,2/5,2/5,2/5,2/5,2/5,2/5,2/5,2/5,2/5,2/5,2/5",True,1.3877787807814457e-17,2,16,0.42857142857142855,False,False,False,2/5,True,9/10,0.10000000000000001,constant_1/2,1/10,box,"3/5,3/5,3/5,3/5,3/5,3/5,3/5,3/5,3/5,3/5,3/5,3/5,3/5,3/5,3/5",0.42857142857142855,False,False,False
0.054999062370729837,True,False,False,"9/10,9/10,9/10,9/10,9/10,9/10,9/10,9/10,9/10,9/10,9/10,9/10,9/10,9/10,9/10",1/19,0.10000000000000001,True,False,False,"9/10,9/10,9/10,9/10,9/10,9/10,9/10,9/10,9/10,9/10,9/10,9/10,9/10,9/10,9/10",True,5.2041704279304213e-18,2,16,0.052631578947368418,True,False,False,9/10,True,9/10,0.22500000000000001,constant_9/10,0,box,"9/10,9/10,9/10,9/10,9/10,9/10,9/10,9/10,9/10,9/10,9/10,9/10,9/10,9/10,9/10",0.052631578947368418,True,False,False
0.055595215253935695,True,False,False,"9/10,9/10,9/10,9/10,9/10,9/10,9/10,9/10,9/10,9/10,9/10,9/10,9/10,9/10,9/10",101/1899,0.10100000000000001,False,False,False,"899/1000,899/1000,899/1000,899/1000,899/1000,899/1000,899/1000,899/1000,899/1000,899/1000,899/1000,899/1000,899/1000,899/1000,899/1000",True,6.9388939039072284e-18,2,16,0.053185887309110058,True,False,False,899/1000,True,9/10,0.22475000000000001,constant_9/10,1/1000,box,"901/1000,901/1000,901/1000,901/1000,901/1000,901/1000,901/1000,901/1000,901/1000,901/1000,901/1000,901/1000,901/1000,901/1000,901/1000",0.053185887309110058,True,False,False
0.057989363909809945,True,False,False,"9/10,9/10,9/10,9/10,9/10,9/10,9/10,9/10,9/10,9/10,9/10,9/10,9/10,9/10,9/10",21/379,0.105,False,False,False,"179/200,179/200,179/200,179/200,179/200,179/200,179/200,179/200,179/200,179/200,179/200,179/200,179/200,179/200,179/200",True,3.4694469519536142e-18,2,16,0.055408970976253295,True,False,False,179/200,True,9/10,0.22375,constant_9/10,1/200,box,"181/200,181/200,181/200,181/200,181/200,181/200,181/200,181/200,181/200,181/200,181/200,181/200,181/200,181/200,181/200",0.055408970976253295,True,False,False
0.061003589353989529,True,False,False,"9/10,9/10,9/10,9/10,9/10,9/10,9/10,9/10,9/10,9/10,9/10,9/10,9/10,9/10,9/10",11/189,0.11,False,False,False,"89/100,89/100,89/100,89/100,89/100,89/100,89/100,89/100,89/100,89/100,89/100,89/100,89/100,89/100,89/100",True,2.7755575615628914e-17,2,16,0.058201058201058198,True,False,False,89/100,True,9/10,0.22249999999999998,constant_9/10,1/100,box,"91/100,91/100,91/100,91/100,91/100,91/100,91/100,91/100,91/100,91/100,91/100,91/100,91/100,91/100,91/100",0.058201058201058198,True,False,False
0.067104347213462937,True,False,False,"9/10,9/10,9/10,9/10,9/10,9/10,9/10,9/10,9/10,9/10,9/10,9/10,9/10,9/10,9/10",3/47,0.12,False,False,False,"22/25,22/25,22/25,22/25,22/25,22/25,22/25,22/25,22/25,22/25,22/25,22/25,22/25,22/25,22/25",True,0,2,16,0.063829787234042548,True,False,False,22/25,True,9/10,0.22,constant_9/10,1/50,box,"23/25,23/25,23/25,23/25,23/25,23/25,23/25,23/25,23/25,23/25,23/25,23/25,23/25,23/25,23/25",0.063829787234042548,True,False,False
0.085994434980243242,True,False,False,"9/10,9/10,9/10,9/10,9/10,9/10,9/10,9/10,9/10,9/10,9/10,9/10,9/10,9/10,9/10",3/37,0.14999999999999999,False,False,False,"17/20,17/20,17/20,17/20,17/20,17/20,17/20,17/20,17/20,17/20,17/20,17/20,17/20,17/20,17/20",True,2.7755575615628914e-17,2,16,0.081081081081081086,True,False,False,17/20,True,9/10,0.21250000000000002,constant_9/10,1/20,box,"19/20,19/20,19/20,19/20,19/20,19/20,19/20,19/20,19/20,19/20,19/20,19/20,19/20,19/20,19/20",0.081081081081081086,True,False,False
0.11949565203533653,False,False,False,"9/10,9/10,9/10,9/10,9/10,9/10,9/10,9/10,9/10,9/10,9/10,9/10,9/10,9/10,9/10",1/9,0.20000000000000001,False,False,False,"4/5,4/5,4/5,4/5,4/5,4/5,4/5,4/5,4/5,4/5,4/5,4/5,4/5,4/5,4/5",True,2.7755575615628914e-17,2,16,0.1111111111111111,False,False,False,4/5,True,9/10,0.20000000000000004,constant_9/10,1/10,box,"1,1,1,1,1,1,1,1,1,1,1,1,1,1,1",0.1111111111111111,False,False,False
0,True,True,True,"1,1,1,1,1,1,1,1,1,1,1,1,1,1,1",0,0,True,True,True,"1,1,1,1,1,1,1,1,1,1,1,1,1,1,1",False,0,2,16,0,True,True,True,1,False,9/10,0.25,constant_1,0,box,"1,1,1,1,1,1,1,1,1,1,1,1,1,1,1",0,True,True,True
0.00050080460436638754,True,True,True,"1,1,1,1,1,1,1,1,1,1,1,1,1,1,1",1/1999,0.001,True,True,True,"999/1000,999/1000,999/1000,999/1000,999/1000,999/1000,999/1000,999/1000,999/1000,999/1000,999/1000,999/1000,999/1000,999/1000,999/1000",True,2.7755575615628914e-17,2,16,0.00050025012506253123,True,True,True,999/1000,False,9/10,0.24975000000000003,constant_1,1/1000,box,"1,1,1,1,1,1,1,1,1,1,1,1,1,1,1",0.00050025012506253123,True,True,True
0.0025172684608479887,True,True,True,"1,1,1,1,1,1,1,1,1,1,1,1,1,1,1",1/399,0.0050000000000000001,True,True,True,"199/200,199/200,199/200,199/200,199/200,199/200,199/200,199/200,199/200,199/200,199/200,199/200,199/200,199/200,199/200",True,1.0842021724855044e-18,2,16,0.0025062656641604009,True,True,True,199/200,False,9/10,0.24875,constant_1,1/200,box,"1,1,1,1,1,1,1,1,1,1,1,1,1,1,1",0.0025062656641604009,True,True,True
0.0050646289855715313,True,True,True,"1,1,1,1,1,1,1,1,1,1,1,1,1,1,1",1/199,0.01,True,True,True,"99/100,99/100,99/100,99/100,99/100,99/100,99/100,99/100,99/100,99/100,99/100,99/100,99/100,99/100,99/100",True,2.1684043449710089e-18,2,16,0.0050251256281407036,True,True,True,99/100,False,9/10,0.2475,constant_1,1/100,box,"1,1,1,1,1,1,1,1,1,1,1,1,1,1,1",0.0050251256281407036,True,True,True
0.010237516981973328,True,False,True,"1,1,1,1,1,1,1,1,1,1,1,1,1,1,1",1/99,0.02,True,False,True,"49/50,49/50,49/50,49/50,49/50,49/50,49/50,49/50,49/50,49/50,49/50,49/50,49/50,49/50,49/50",True,4.7704895589362195e-18,2,16,0.010101010101010102,True,False,True,49/50,False,9/10,0.245,constant_1,1/50,box,"1,1,1,1,1,1,1,1,1,1,1,1,1,1,1",0.010101010101010102,True,False,True
0.026381420683571397,True,False,True,"1,1,1,1,1,1,1,1,1,1,1,1,1,1,1",1/39,0.050000000000000003,True,False,True,"19/20,19/20,19/20,19/20,19/20,19/20,19/20,19/20,19/20,19/20,19/20,19/20,19/20,19/20,19/20",True,2.7755575615628914e-17,2,16,0.02564102564102564,True,False,True,19/20,False,9/10,0.23749999999999996,constant_1,1/20,box,"1,1,1,1,1,1,1,1,1,1,1,1,1,1,1",0.02564102564102564,True,False,True
0.054999062370729837,True,False,False,"1,1,1,1,1,1,1,1,1,1,1,1,1,1,1",1/19,0.10000000000000001,True,False,False,"9/10,9/10,9/10,9/10,9/10,9/10,9/10,9/10,9/10,9/10,9/10,9/10,9/10,9/10,9/10",True,5.2041704279304213e-18,2,16,0.052631578947368418,True,False,False,9/10,False,9/10,0.22500000000000001,constant_1,1/10,box,"1,1,1,1,1,1,1,1,1,1,1,1,1,1,1",0.052631578947368418,True,False,False
0.026381420683571397,True,False,True,"0,1/14,1/7,3/14,2/7,5/14,3/7,1/2,4/7,9/14,5/7,11/14,6/7,13/14,1",0,0.050000000000000003,True,False,True,"0,1/14,1/7,3/14,2/7,5/14,3/7,1/2,4/7,9/14,5/7,11/14,6/7,13/14,1",False,2.7755575615628914e-17,2,16,0.017241379310344827,True,False,True,19/20,False,9/10,0.23333333333333331,ascending,0,box,"0,1/14,1/7,3/14,2/7,5/14,3/7,1/2,4/7,9/14,5/7,11/14,6/7,13/14,1",0,True,True,True
0.026931370554852608,True,False,True,"0,1/14,1/7,3/14,2/7,5/14,3/7,1/2,4/7,9/14,5/7,11/14,6/7,13/14,1",7853020188851841/14894040377703682000,0.050999999999999997,True,False,False,"-1/1000,493/7000,993/7000,1493/7000,1993/7000,2493/7000,2993/7000,499/1000,3993/7000,4493/7000,4993/7000,5493/7000,5993/7000,6493/7000,999/1000",True,2.7755575615628914e-17,2,16,0.017767810936691393,True,False,True,949/1000,False,9/10,0.23308568840534066,ascending,1/1000,box,"1/1000,507/7000,1007/7000,1507/7000,2007/7000,2507/7000,3007/7000,501/1000,4007/7000,4507/7000,5007/7000,5507/7000,6007/7000,6507/7000,1",0.00052725922514670908,True,True,True
0.029140140961940678,True,False,True,"0,1/14,1/7,3/14,2/7,5/14,3/7,1/2,4/7,9/14,5/7,11/14,6/7,13/14,1",7853020188851841/2969208075540736400,0.055,True,False,False,"-1/200,93/1400,193/1400,293/1400,393/1400,493/1400,593/1400,99/200,793/1400,893/1400,993/1400,1093/1400,1193/1400,1293/1400,199/200",True,5.5511151231257827e-17,2,16,0.019878997407087293,True,False,True,189/200,False,9/10,0.23209584509624448,ascending,1/200,box,"1/200,107/1400,207/1400,307/1400,407/1400,507/1400,607/1400,101/200,807/1400,907/1400,1007/1400,1107/1400,1207/1400,1307/1400,1",0.0026448197597003001,True,True,True
0.031921376219356083,True,False,True,"0,1/14,1/7,3/14,2/7,5/14,3/7,1/2,4/7,9/14,5/7,11/14,6/7,13/14,1",7853020188851841/1478604037770368200,0.059999999999999998,True,False,False,"-1/100,43/700,93/700,143/700,193/700,243/700,293/700,49/100,393/700,443/700,493/700,543/700,593/700,643/700,99/100",True,1.5178830414797062e-18,2,16,0.022530329289428077,True,False,True,47/50,False,9/10,0.23086021131340212,ascending,1/100,box,"1/100,57/700,107/700,157/700,207/700,257/700,307/700,51/100,407/700,457/700,507/700,557/700,607/700,657/700,1",0.0053111042498528872,True,True,True
0.037551972927552177,True,False,True,"0,1/14,1/7,3/14,2/7,5/14,3/7,1/2,4/7,9/14,5/7,11/14,6/7,13/14,1",7853020188851841/733302018885184100,0.070000000000000007,True,False,False,"-1/50,9/175,43/350,34/175,93/350,59/175,143/350,12/25,193/350,109/175,243/350,134/175,293/350,159/175,49/50",True,5.5511151231257827e-17,2,16,0.027874564459930314,True,False,True,93/100,False,9/10,0.22839459815118984,ascending,1/50,box,"1/50,16/175,57/350,41/175,107/350,66/175,157/350,13/25,207/350,116/175,257/350,141/175,307/350,166/175,1",0.010709121189643716,True,False,True
0.054999062370729837,True,False,False,"0,1/14,1/7,3/14,2/7,5/14,3/7,1/2,4/7,9/14,5/7,11/14,6/7,13/14,1",7853020188851841/286120807554073640,0.10000000000000001,True,False,False,"-1/20,3/140,13/140,23/140,33/140,43/140,53/140,9/20,73/140,83/140,93/140,103/140,113/140,123/140,19/20",True,2.7755575615628914e-17,2,16,0.044247787610619468,True,False,True,9/10,False,9/10,0.22104470135451842,ascending,1/20,box,"1/20,17/140,27/140,37/140,47/140,57/140,67/140,11/20,87/140,97/140,107/140,117/140,127/140,137/140,1",0.027446519028042755,True,False,True
0.085994434980243242,True,False,False,"0,1/14,1/7,3/14,2/7,5/14,3/7,1/2,4/7,9/14,5/7,11/14,6/7,13/14,1",7853020188851841/137060403777036820,0.14999999999999999,False,False,False,"-1/10,-1/35,3/70,4/35,13/70,9/35,23/70,2/5,33/70,19/35,43/70,24/35,53/70,29/35,9/10",True,5.5511151231257827e-17,2,16,0.072727272727272724,True,False,False,17/20,False,9/10,0.20896367886239514,ascending,1/10,box,"1/10,6/35,17/70,11/35,27/70,16/35,37/70,3/5,47/70,26/35,57/70,31/35,67/70,1,1",0.057296053217723998,True,False,False
0.92152741262181814,False,False,False,"1,13/14,6/7,11/14,5/7,9/14,4/7,1/2,3/7,5/14,2/7,3/14,1/7,1/14,0",29/32,0.94999999999999996,False,False,False,"1,13/14,6/7,11/14,5/7,9/14,4/7,1/2,3/7,5/14,2/7,3/14,1/7,1/14,0",False,1.0408340855860843e-17,2,16,0.90625,False,False,False,1/20,False,9/10,0.012500000000000011,descending,0,box,"1,13/14,6/7,11/14,5/7,9/14,4/7,1/2,3/7,5/14,2/7,3/14,1/7,1/14,0",0.90625,False,False,False
0.92305073922093506,False,False,False,"1,13/14,6/7,11/14,5/7,9/14,4/7,1/2,3/7,5/14,2/7,3/14,1/7,1/14,0",2903/3197,0.95099999999999996,False,False,False,"999/1000,6493/7000,5993/7000,5493/7000,4993/7000,4493/7000,3993/7000,499/1000,2993/7000,2493/7000,1993/7000,1493/7000,993/7000,493/7000,-1/1000",True,2.7755575615628914e-17,2,16,0.90803878636221458,False,False,False,49/1000,False,9/10,0.012250000000000011,descending,1/1000,box,"1,6507/7000,6007/7000,5507/7000,5007/7000,4507/7000,4007/7000,501/1000,3007/7000,2507/7000,2007/7000,1507/7000,1007/7000,507/7000,1/1000",0.90803878636221458,False,False,False
0.92916236285296971,False,False,False,"1,13/14,6/7,11/14,5/7,9/14,4/7,1/2,3/7,5/14,2/7,3/14,1/7,1/14,0",583/637,0.95499999999999996,False,False,False,"199/200,1293/1400,1193/1400,1093/1400,993/1400,893/1400,793/1400,99/200,593/1400,493/1400,393/1400,293/1400,193/1400,93/1400,-1/200",True,3.8163916471489756e-17,2,16,0.9152276295133438,False,False,False,9/200,False,9/10,0.011250000000000038,descending,1/200,box,"1,1307/1400,1207/1400,1107/1400,1007/1400,907/1400,807/1400,101/200,607/1400,507/1400,407/1400,307/1400,207/1400,107/1400,1/200",0.9152276295133438,False,False,False
0.93684335470764413,False,False,False,"1,13/14,6/7,11/14,5/7,9/14,4/7,1/2,3/7,5/14,2/7,3/14,1/7,1/14,0",293/317,0.95999999999999996,False,False,False,"99/100,643/700,593/700,543/700,493/700,443/700,393/700,49/100,293/700,243/700,193/700,143/700,93/700,43/700,-1/100",True,8.6736173798840355e-18,2,16,0.9242902208201893,False,False,False,1/25,False,9/10,0.010000000000000009,descending,1/100,box,"1,657/700,607/700,557/700,507/700,457/700,407/700,51/100,307/700,257/700,207/700,157/700,107/700,57/700,1/100",0.9242902208201893,False,False,False
0.95234513928436626,False,False,False,"1,13/14,6/7,11/14,5/7,9/14,4/7,1/2,3/7,5/14,2/7,3/14,1/7,1/14,0",148/157,0.96999999999999997,False,False,False,"49/50,159/175,293/350,134/175,243/350,109/175,193/350,12/25,143/350,59/175,93/350,34/175,43/350,9/175,-1/50",True,6.9388939039072284e-18,2,16,0.9426751592356688,False,False,False,3/100,False,9/10,0.0075000000000000067,descending,1/50,box,"1,166/175,307/350,141/175,257/350,116/175,207/350,13/25,157/350,66/175,107/350,41/175,57/350,16/175,1/50",0.9426751592356688,False,False,False
1,False,False,False,"1,13/14,6/7,11/14,5/7,9/14,4/7,1/2,3/7,5/14,2/7,3/14,1/7,1/14,0",1,1,False,False,False,"19/20,123/140,113/140,103/140,93/140,83/140,73/140,9/20,53/140,43/140,33/140,23/140,13/140,3/140,-1/20",True,0,1,16,1,False,False,False,0,False,9/10,,descending,1/20,box,"1,137/140,127/140,117/140,107/140,97/140,87/140,11/20,67/140,57/140,47/140,37/140,27/140,17/140,1/20",1,False,False,False
1,False,False,False,"1,13/14,6/7,11/14,5/7,9/14,4/7,1/2,3/7,5/14,2/7,3/14,1/7,1/14,0",1,1,False,False,False,"9/10,29/35,53/70,24/35,43/70,19/35,33/70,2/5,23/70,9/35,13/70,4/35,3/70,-1/35,-1/10",True,2.0816681711721685e-17,1,16,1,False,False,False,-1/20,False,9/10,,descending,1/10,box,"1,1,67/70,31/35,57/70,26/35,47/70,3/5,37/70,16/35,27/70,11/35,17/70,6/35,1/10",1,False,False,False
0.53432156429328714,False,False,False,"0,1,0,1,0,1,0,1,0,1,0,1,0,1,0",1072410201671/2066152570855,0.66080260465186136,False,False,False,"0,1,0,1,0,1,0,1,0,1,0,1,0,1,0",False,1.3877787807814457e-17,2,16,0.51903727575511194,False,False,False,31054449037/91552734375,False,9/10,0.084799348837034674,alternating,0,box,"0,1,0,1,0,1,0,1,0,1,0,1,0,1,0",0.51903727575511194,False,False,False
0.5354801155829596,False,False,False,"0,1,0,1,0,1,0,1,0,1,0,1,0,1,0",1073875045421/2064687727105,0.66180260465186136,False,False,False,"-1/1000,999/1000,-1/1000,999/1000,-1/1000,999/1000,-1/1000,999/1000,-1/1000,999/1000,-1/1000,999/1000,-1/1000,999/1000,-1/1000",True,2.7755575615628914e-17,2,16,0.52011499430314967,False,False,False,247703170421/732421875000,False,9/10,0.084549348837034688,alternating,1/1000,box,"1/1000,1,1/1000,1,1/1000,1,1/1000,1,1/1000,1,1/1000,1,1/1000,1,1/1000",0.52011499430314967,False,False,False
0.54012671644072885,False,False,False,"0,1,0,1,0,1,0,1,0,1,0,1,0,1,0",1079734420421/2058828352105,0.66580260465186136,False,False,False,"-1/200,199/200,-1/200,199/200,-1/200,199/200,-1/200,199/200,-1/200,199/200,-1/200,199/200,-1/200,199/200,-1/200",True,4.163336342344337e-17,2,16,0.52444120429809082,False,False,False,244773482921/732421875000,False,9/10,0.083549348837034715,alternating,1/200,box,"1/200,1,1/200,1,1/200,1,1/200,1,1/200,1,1/200,1,1/200,1,1/200",0.52444120429809082,False,False,False
0.54596289610096627,False,False,False,"0,1,0,1,0,1,0,1,0,1,0,1,0,1,0",1087058639171/2051504133355,0.67080260465186137,False,False,False,"-1/100,99/100,-1/100,99/100,-1/100,99/100,-1/100,99/100,-1/100,99/100,-1/100,99/100,-1/100,99/100,-1/100",True,1.3877787807814457e-17,2,16,0.52988371872945739,False,False,False,120555686773/366210937500,False,9/10,0.082299348837034658,alternating,1/100,box,"1/100,1,1/100,1,1/100,1,1/100,1,1/100,1,1/100,1,1/100,1,1/100",0.52988371872945739,False,False,False
0.55772858620328747,False,False,False,"0,1,0,1,0,1,0,1,0,1,0,1,0,1,0",1101707076671/2036855695855,0.68080260465186138,False,False,False,"-1/50,49/50,-1/50,49/50,-1/50,49/50,-1/50,49/50,-1/50,49/50,-1/50,49/50,-1/50,49/50,-1/50",True,0,2,16,0.54088617024415286,False,False,False,58446788699/183105468750,False,9/10,0.07979934883703467,alternating,1/50,box,"1/50,1,1/50,1,1/50,1,1/50,1,1/50,1,1/50,1,1/50,1,1/50",0.54088617024415286,False,False,False
0.59377643975868433,False,False,False,"0,1,0,1,0,1,0,1,0,1,0,1,0,1,0",1145652389171/1992910383355,0.71080260465186129,False,False,False,"-1/20,19/20,-1/20,19/20,-1/20,19/20,-1/20,19/20,-1/20,19/20,-1/20,19/20,-1/20,19/20,-1/20",True,2.7755575615628914e-17,2,16,0.57486397719617044,False,False,False,105907249273/366210937500,False,9/10,0.072299348837034635,alternating,1/20,box,"1/20,1,1/20,1,1/20,1,1/20,1,1/20,1,1/20,1,1/20,1,1/20",0.57486397719617044,False,False,False
0.65638203452713451,False,False,False,"0,1,0,1,0,1,0,1,0,1,0,1,0,1,0",1218894576671/1919668195855,0.76080260465186134,False,False,False,"-1/10,9/10,-1/10,9/10,-1/10,9/10,-1/10,9/10,-1/10,9/10,-1/10,9/10,-1/10,9/10,-1/10",True,2.7755575615628914e-17,2,16,0.63495065413016194,False,False,False,43798351199/183105468750,False,9/10,0.059799348837034694,alternating,1/10,box,"1/10,1,1/10,1,1/10,1,1/10,1,1/10,1,1/10,1,1/10,1,1/10",0.63495065413016194,False,False,False
0.28545098775407368,False,False,False,"1,3/4,3/4,1,1/2,3/4,3/4,1/4,1/2,0,1/4,1/2,3/4,1/4,3/4",8745817169251090/48430618857156251,0.41500624316272616,False,False,False,"1,3/4,3/4,1,1/2,3/4,3/4,1/4,1/2,0,1/4,1/2,3/4,1/4,3/4",False,0,2,16,0.24581893007587152,False,False,False,3509962541023643/6000000000000000,False,9/10,0.13359837443707434,random_271,0,box,"1,3/4,3/4,1,1/2,3/4,3/4,1/4,1/2,0,1/4,1/2,3/4,1/4,3/4",0.18058446031933748,False,False,False
0.28632667556636182,False,False,False,"1,3/4,3/4,1,1/2,3/4,3/4,1/4,1/2,0,1/4,1/2,3/4,1/4,3/4",2195200109482451707/12095654714289062750,0.41600624316272616,False,False,False,"999/1000,749/1000,749/1000,999/1000,499/1000,749/1000,749/1000,249/1000,499/1000,-1/1000,249/1000,499/1000,749/1000,249/1000,749/1000",True,0,2,16,0.24662251053104323,False,False,False,3503962541023643/6000000000000000,False,9/10,0.13337564251167877,random_271,1/1000,box,"1,751/1000,751/1000,1,501/1000,751/1000,751/1000,251/1000,501/1000,1/1000,251/1000,501/1000,751/1000,251/1000,751/1000",0.18148667115052294,False,False,False
0.28983987913294179,False,False,False,"1,3/4,3/4,1,1/2,3/4,3/4,1/4,1/2,0,1/4,1/2,3/4,1/4,3/4",63719525090319101/344218706122544650,0.42000624316272617,False,False,False,"199/200,149/200,149/200,199/200,99/200,149/200,149/200,49/200,99/200,-1/200,49/200,99/200,149/200,49/200,149/200",True,2.7755575615628914e-17,2,16,0.24984722570684309,False,False,False,3479962541023643/6000000000000000,False,9/10,0.13248593328749553,random_271,1/200,box,"1,151/200,151/200,1,101/200,151/200,151/200,51/200,101/200,1/200,51/200,101/200,151/200,51/200,151/200",0.18511348731766608,False,False,False
0.29425497486720609,False,False,False,"1,3/4,3/4,1,1/2,3/4,3/4,1/4,1/2,0,1/4,1/2,3/4,1/4,3/4",227391246400956457/1198765471428906275,0.42500624316272617,False,False,False,"99/100,37/50,37/50,99/100,49/100,37/50,37/50,6/25,49/100,-1/100,6/25,49/100,37/50,6/25,37/50",True,2.7755575615628914e-17,2,16,0.25390165644503865,False,False,False,3449962541023643/6000000000000000,False,9/10,0.13137656577538953,random_271,1/100,box,"1,19/25,19/25,1,51/100,19/25,19/25,13/50,51/100,1/100,13/50,51/100,19/25,13/50,19/25",0.18968785122740506,False,False,False
0.30316426762886328,False,False,False,"1,3/4,3/4,1,1/2,3/4,3/4,1/4,1/2,0,1/4,1/2,3/4,1/4,3/4",236137063570635664/1186765471428906275,0.43500624316272618,False,False,False,"49/50,73/100,73/100,49/50,12/25,73/100,73/100,23/100,12/25,-1/50,23/100,12/25,73/100,23/100,73/100",True,2.7755575615628914e-17,2,16,0.26208994725574541,False,False,False,3389962541023643/6000000000000000,False,9/10,0.12916723813843281,random_271,1/50,box,"1,77/100,77/100,1,13/25,77/100,77/100,27/100,13/25,1/50,27/100,13/25,77/100,27/100,77/100",0.19897534033099104,False,False,False
0.33053363186880547,False,False,False,"1,3/4,3/4,1,1/2,3/4,3/4,1/4,1/2,0,1/4,1/2,3/4,1/4,3/4",52474903015934657/230153094285781255,0.46500624316272615,False,False,False,"19/20,7/10,7/10,19/20,9/20,7/10,7/10,1/5,9/20,-1/20,1/5,9/20,7/10,1/5,7/10",True,2.7755575615628914e-17,2,16,0.28730930045121034,False,False,False,3209962541023643/6000000000000000,False,9/10,0.12261804588037947,random_271,1/20,box,"1,4/5,4/5,1,11/20,4/5,4/5,3/10,11/20,1/20,3/10,11/20,4/5,3/10,4/5",0.22799998921924783,False,False,False
0.3783437019950408,False,False,False,"1,3/4,3/4,1,1/2,3/4,3/4,1/4,1/2,0,1/4,1/2,3/4,1/4,3/4",61220720185613864/218153094285781255,0.51500624316272614,False,False,False,"9/10,13/20,13/20,9/10,2/5,13/20,13/20,3/20,2/5,-1/10,3/20,2/5,13/20,3/20,13/20",True,2.7755575615628914e-17,2,16,0.33165844357592383,False,False,False,2909962541023643/6000000000000000,False,9/10,0.11199136529861214,random_271,1/10,box,"1,17/20,17/20,1,3/5,17/20,17/20,7/20,3/5,1/10,7/20,3/5,17/20,7/20,17/20",0.28063191304274843,False,False,False
0.27961641285903743,False,False,False,"0,3/4,1/2,3/4,1/4,0,0,1,3/4,1/2,0,0,1/2,0,1",0,0.408312774749373,False,False,False,"0,3/4,1/2,3/4,1/4,0,0,1,3/4,1/2,0,0,1/2,0,1",False,0,2,16,0.20657191099845121,False,False,False,591687225250627/1000000000000000,False,9/10,0.10940982188467839,random_811,0,box,"0,3/4,1/2,3/4,1/4,0,0,1,3/4,1/2,0,0,1/2,0,1",0,True,True,True
0.28048513639829309,False,False,False,"0,3/4,1/2,3/4,1/4,0,0,1,3/4,1/2,0,0,1/2,0,1",7853084241218969/9591812393538908000,0.409312774749373,False,False,False,"-1/1000,749/1000,499/1000,749/1000,249/1000,-1/1000,-1/1000,999/1000,749/1000,499/1000,-1/1000,-1/1000,499/1000,-1/1000,999/1000",True,1.3877787807814457e-17,2,16,0.20738143527411876,False,False,False,590687225250627/1000000000000000,False,9/10,0.10919962312355375,random_811,1/1000,box,"1/1000,751/1000,501/1000,751/1000,251/1000,1/1000,1/1000,1,751/1000,501/1000,1/1000,1/1000,501/1000,1/1000,1",0.00081872788155331786,True,True,True
0.28397041690961888,False,False,False,"0,3/4,1/2,3/4,1/4,0,0,1,3/4,1/2,0,0,1/2,0,1",7853084241218969/1908762478707781600,0.413312774749373,False,False,False,"-1/200,149/200,99/200,149/200,49/200,-1/200,-1/200,199/200,149/200,99/200,-1/200,-1/200,99/200,-1/200,199/200",True,8.6736173798840355e-19,2,16,0.21063042427636533,False,False,False,586687225250627/1000000000000000,False,9/10,0.10835921377054629,random_811,1/200,box,"1/200,151/200,101/200,151/200,51/200,1/200,1/200,1,151/200,101/200,1/200,1/200,101/200,1/200,1",0.004114228107907617,True,True,True
0.28835046084335236,False,False,False,"0,3/4,1/2,3/4,1/4,0,0,1,3/4,1/2,0,0,1/2,0,1",7853084241218969/948381239353890800,0.41831277474937301,False,False,False,"-1/100,37/50,49/100,37/50,6/25,-1/100,-1/100,99/100,37/50,49/100,-1/100,-1/100,49/100,-1/100,99/100",True,1.3877787807814457e-17,2,16,0.21471633272519103,False,False,False,581687225250627/1000000000000000,False,9/10,0.10730958086561061,random_811,1/100,box,"1/100,19/25,51/100,19/25,13/50,1/100,1/100,1,19/25,51/100,1/100,1/100,51/100,1/100,1",0.0082805141174756743,True,True,True
0.29718915961832842,False,False,False,"0,3/4,1/2,3/4,1/4,0,0,1,3/4,1/2,0,0,1/2,0,1",7853084241218969/468190619676945400,0.42831277474937302,False,False,False,"-1/50,73/100,12/25,73/100,23/100,-1/50,-1/50,49/50,73/100,12/25,-1/50,-1/50,12/25,-1/50,49/50",True,2.6020852139652106e-18,2,16,0.22297145218851777,False,False,False,571687225250627/1000000000000000,False,9/10,0.10521331566887836,random_811,1/50,box,"1/50,77/100,13/25,77/100,27/100,1/50,1/50,1,77/100,13/25,1/50,1/50,13/25,1/50,1",0.016773262665188911,True,False,True
0.32434287948907309,False,False,False,"0,3/4,1/2,3/4,1/4,0,0,1,3/4,1/2,0,0,1/2,0,1",7853084241218969/180076247870778160,0.45831277474937299,False,False,False,"-1/20,7/10,9/20,7/10,1/5,-1/20,-1/20,19/20,7/10,9/20,-1/20,-1/20,9/20,-1/20,19/20",True,5.2041704279304213e-18,2,16,0.24842403550278741,False,False,False,541687225250627/1000000000000000,False,9/10,0.098949964668252316,random_811,1/20,box,"1/20,4/5,11/20,4/5,3/10,1/20,1/20,1,4/5,11/20,1/20,1/20,11/20,1/20,1",0.043609772716134691,True,False,True
0.37178115139660217,False,False,False,"0,3/4,1/2,3/4,1/4,0,0,1,3/4,1/2,0,0,1/2,0,1",7853084241218969/84038123935389080,0.50831277474937298,False,False,False,"-1/10,13/20,2/5,13/20,3/20,-1/10,-1/10,9/10,13/20,2/5,-1/10,-1/10,2/5,-1/10,9/10",True,2.7755575615628914e-17,2,16,0.29328392263953995,False,False,False,491687225250627/1000000000000000,False,9/10,0.088606761509567492,random_811,1/10,box,"1/10,17/20,3/5,17/20,7/20,1/10,1/10,1,17/20,3/5,1/10,1/10,3/5,1/10,1",0.093446686735375553,True,False,False
0.054217151381227367,True,False,False,"0,1,1/4,0,3/4,0,1/2,1/4,1,1/2,1/2,1/2,1,3/4,1",0,0.098685978890296663,True,False,False,"0,1,1/4,0,3/4,0,1/2,1/4,1,1/2,1/2,1/2,1,3/4,1",False,0,2,16,0.038950051010196232,True,False,True,270394206332911/300000000000000,False,9/10,0.21619624655993422,random_1619,0,box,"0,1,1/4,0,3/4,0,1/2,1/4,1,1/2,1/2,1/2,1,3/4,1",0,True,True,True
0.054812054148887575,True,False,False,"0,1,1/4,0,3/4,0,1/2,1/4,1,1/2,1/2,1/2,1,3/4,1",8746489383928041/15989212111368157000,0.099685978890296664,True,False,False,"-1/1000,999/1000,249/1000,-1/1000,749/1000,-1/1000,499/1000,249/1000,999/1000,499/1000,499/1000,499/1000,999/1000,749/1000,999/1000",True,1.3552527156068805e-19,2,16,0.039504250480914202,True,False,True,270094206332911/300000000000000,False,9/10,0.21594943394656452,random_1619,1/1000,box,"1/1000,1,251/1000,1/1000,751/1000,1/1000,501/1000,251/1000,1,501/1000,501/1000,501/1000,1,751/1000,1",0.00054702441389900514,True,True,True
0.057201188057513182,True,False,False,"0,1,1/4,0,3/4,0,1/2,1/4,1,1/2,1/2,1/2,1,3/4,1",8746489383928041/3188242422273631400,0.10368597889029667,False,False,False,"-1/200,199/200,49/200,-1/200,149/200,-1/200,99/200,49/200,199/200,99/200,99/200,99/200,199/200,149/200,199/200",True,9.7578195523695399e-19,2,16,0.041726973456907533,True,False,True,268894206332911/300000000000000,False,9/10,0.21496274171587648,random_1619,1/200,box,"1/200,1,51/200,1/200,151/200,1/200,101/200,51/200,1,101/200,101/200,101/200,1,151/200,1",0.0027433576953946486,True,True,True
0.060209113142958043,True,False,False,"0,1,1/4,0,3/4,0,1/2,1/4,1,1/2,1/2,1/2,1,3/4,1",8746489383928041/1588121211136815700,0.10868597889029667,False,False,False,"-1/100,99/100,6/25,-1/100,37/50,-1/100,49/100,6/25,99/100,49/100,49/100,49/100,99/100,37/50,99/100",True,1.5178830414797062e-18,2,16,0.044518780092491286,True,False,True,267394206332911/300000000000000,False,9/10,0.21373064191926494,random_1619,1/100,box,"1/100,1,13/50,1/100,19/25,1/100,51/100,13/50,1,51/100,51/100,51/100,1,19/25,1",0.0055074444712359784,True,True,True
0.06629716530029689,True,False,False,"0,1,1/4,0,3/4,0,1/2,1/4,1,1/2,1/2,1/2,1,3/4,1",8746489383928041/788060605568407850,0.11868597889029667,False,False,False,"-1/50,49/50,23/100,-1/50,73/100,-1/50,12/25,23/100,49/50,12/25,12/25,12/25,49/50,73/100,49/50",True,3.4694469519536142e-18,2,16,0.050147527181564601,True,False,False,264394206332911/300000000000000,False,9/10,0.21127072165342886,random_1619,1/50,box,"1/50,1,27/100,1/50,77/100,1/50,13/25,27/100,1,13/25,13/25,13/25,1,77/100,1",0.011098752205256374,True,False,True
0.085148325914602474,True,False,False,"0,1,1/4,0,3/4,0,1/2,1/4,1,1/2,1/2,1/2,1,3/4,1",8746489383928041/308024242227363140,0.14868597889029667,False,False,False,"-1/20,19/20,1/5,-1/20,7/10,-1/20,9/20,1/5,19/20,9/20,9/20,9/20,19/20,7/10,19/20",True,7.8062556418956319e-18,2,16,0.067403738755434858,True,False,False,255394206332911/300000000000000,False,9/10,0.20392639581523483,random_1619,1/20,box,"1/20,1,3/10,1/20,4/5,1/20,11/20,3/10,1,11/20,11/20,11/20,1,4/5,1",0.02839545784020454,True,False,True
0.11858219812994858,False,False,False,"0,1,1/4,0,3/4,0,1/2,1/4,1,1/2,1/2,1/2,1,3/4,1",8746489383928041/148012121113681570,0.19868597889029666,False,False,False,"-1/10,9/10,3/20,-1/10,13/20,-1/10,2/5,3/20,9/10,2/5,2/5,2/5,9/10,13/20,9/10",True,5.5511151231257827e-17,2,16,0.097459831765523031,True,False,False,240394206332911/300000000000000,False,9/10,0.19181258789119437,random_1619,1/10,box,"1/10,1,7/20,1/10,17/20,1/10,3/5,7/20,1,3/5,3/5,3/5,1,17/20,1",0.059093061555480643,True,False,False
1,False,False,False,"0,0,0,0,0,0,0,0,0,0,0,0,0,0,0,0,0,0,0,0,0,0,0,0,0,0,0,0,0,0,0",1,1,False,False,False,"0,0,0,0,0,0,0,0,0,0,0,0,0,0,0,0,0,0,0,0,0,0,0,0,0,0,0,0,0,0,0",True,0,1,32,1,False,False,False,0,True,1/10,,constant_0,0,box,"0,0,0,0,0,0,0,0,0,0,0,0,0,0,0,0,0,0,0,0,0,0,0,0,0,0,0,0,0,0,0",1,False,False,False
1,False,False,False,"0,0,0,0,0,0,0,0,0,0,0,0,0,0,0,0,0,0,0,0,0,0,0,0,0,0,0,0,0,0,0",1,1,False,False,False,"-1/1000,-1/1000,-1/1000,-1/1000,-1/1000,-1/1000,-1/1000,-1/1000,-1/1000,-1/1000,-1/1000,-1/1000,-1/1000,-1/1000,-1/1000,-1/1000,-1/1000,-1/1000,-1/1000,-1/1000,-1/1000,-1/1000,-1/1000,-1/1000,-1/1000,-1/1000,-1/1000,-1/1000,-1/1000,-1/1000,-1/1000",True,5.5944832100252029e-17,1,32,1,False,False,False,-1/1000,True,1/10,,constant_0,1/1000,box,"1/1000,1/1000,1/1000,1/1000,1/1000,1/1000,1/1000,1/1000,1/1000,1/1000,1/1000,1/1000,1/1000,1/1000,1/1000,1/1000,1/1000,1/1000,1/1000,1/1000,1/1000,1/1000,1/1000,1/1000,1/1000,1/1000,1/1000,1/1000,1/1000,1/1000,1/1000",1,False,False,False
1,False,False,False,"0,0,0,0,0,0,0,0,0,0,0,0,0,0,0,0,0,0,0,0,0,0,0,0,0,0,0,0,0,0,0",1,1,False,False,False,"-1/200,-1/200,-1/200,-1/200,-1/200,-1/200,-1/200,-1/200,-1/200,-1/200,-1/200,-1/200,-1/200,-1/200,-1/200,-1/200,-1/200,-1/200,-1/200,-1/200,-1/200,-1/200,-1/200,-1/200,-1/200,-1/200,-1/200,-1/200,-1/200,-1/200,-1/200",True,5.3342746886286818e-17,1,32,1,False,False,False,-1/200,True,1/10,,constant_0,1/200,box,"1/200,1/200,1/200,1/200,1/200,1/200,1/200,1/200,1/200,1/200,1/200,1/200,1/200,1/200,1/200,1/200,1/200,1/200,1/200,1/200,1/200,1/200,1/200,1/200,1/200,1/200,1/200,1/200,1/200,1/200,1/200",1,False,False,False
1,False,False,False,"0,0,0,0,0,0,0,0,0,0,0,0,0,0,0,0,0,0,0,0,0,0,0,0,0,0,0,0,0,0,0",1,1,False,False,False,"-1/100,-1/100,-1/100,-1/100,-1/100,-1/100,-1/100,-1/100,-1/100,-1/100,-1/100,-1/100,-1/100,-1/100,-1/100,-1/100,-1/100,-1/100,-1/100,-1/100,-1/100,-1/100,-1/100,-1/100,-1/100,-1/100,-1/100,-1/100,-1/100,-1/100,-1/100",True,4.3368086899420177e-18,1,32,1,False,False,False,-1/100,True,1/10,,constant_0,1/100,box,"1/100,1/100,1/100,1/100,1/100,1/100,1/100,1/100,1/100,1/100,1/100,1/100,1/100,1/100,1/100,1/100,1/100,1/100,1/100,1/100,1/100,1/100,1/100,1/100,1/100,1/100,1/100,1/100,1/100,1/100,1/100",1,False,False,False
1,False,False,False,"0,0,0,0,0,0,0,0,0,0,0,0,0,0,0,0,0,0,0,0,0,0,0,0,0,0,0,0,0,0,0",1,1,False,False,False,"-1/50,-1/50,-1/50,-1/50,-1/50,-1/50,-1/50,-1/50,-1/50,-1/50,-1/50,-1/50,-1/50,-1/50,-1/50,-1/50,-1/50,-1/50,-1/50,-1/50,-1/50,-1/50,-1/50,-1/50,-1/50,-1/50,-1/50,-1/50,-1/50,-1/50,-1/50",True,4.6837533851373792e-17,1,32,1,False,False,False,-1/50,True,1/10,,constant_0,1/50,box,"1/50,1/50,1/50,1/50,1/50,1/50,1/50,1/50,1/50,1/50,1/50,1/50,1/50,1/50,1/50,1/50,1/50,1/50,1/50,1/50,1/50,1/50,1/50,1/50,1/50,1/50,1/50,1/50,1/50,1/50,1/50",1,False,False,False
1,False,False,False,"0,0,0,0,0,0,0,0,0,0,0,0,0,0,0,0,0,0,0,0,0,0,0,0,0,0,0,0,0,0,0",1,1,False,False,False,"-1/20,-1/20,-1/20,-1/20,-1/20,-1/20,-1/20,-1/20,-1/20,-1/20,-1/20,-1/20,-1/20,-1/20,-1/20,-1/20,-1/20,-1/20,-1/20,-1/20,-1/20,-1/20,-1/20,-1/20,-1/20,-1/20,-1/20,-1/20,-1/20,-1/20,-1/20",True,2.0816681711721685e-17,1,32,1,False,False,False,-1/20,True,1/10,,constant_0,1/20,box,"1/20,1/20,1/20,1/20,1/20,1/20,1/20,1/20,1/20,1/20,1/20,1/20,1/20,1/20,1/20,1/20,1/20,1/20,1/20,1/20,1/20,1/20,1/20,1/20,1/20,1/20,1/20,1/20,1/20,1/20,1/20",1,False,False,False
1,False,False,False,"0,0,0,0,0,0,0,0,0,0,0,0,0,0,0,0,0,0,0,0,0,0,0,0,0,0,0,0,0,0,0",1,1,False,False,False,"-1/10,-1/10,-1/10,-1/10,-1/10,-1/10,-1/10,-1/10,-1/10,-1/10,-1/10,-1/10,-1/10,-1/10,-1/10,-1/10,-1/10,-1/10,-1/10,-1/10,-1/10,-1/10,-1/10,-1/10,-1/10,-1/10,-1/10,-1/10,-1/10,-1/10,-1/10",True,1.3877787807814457e-17,1,32,1,False,False,False,-1/10,True,1/10,,constant_0,1/10,box,"1/10,1/10,1/10,1/10,1/10,1/10,1/10,1/10,1/10,1/10,1/10,1/10,1/10,1/10,1/10,1/10,1/10,1/10,1/10,1/10,1/10,1/10,1/10,1/10,1/10,1/10,1/10,1/10,1/10,1/10,1/10",1,False,False,False
0.86809596695587044,False,False,False,"1/10,1/10,1/10,1/10,1/10,1/10,1/10,1/10,1/10,1/10,1/10,1/10,1/10,1/10,1/10,1/10,1/10,1/10,1/10,1/10,1/10,1/10,1/10,1/10,1/10,1/10,1/10,1/10,1/10,1/10,1/10",9/11,0.90000000000000002,False,False,False,"1/10,1/10,1/10,1/10,1/10,1/10,1/10,1/10,1/10,1/10,1/10,1/10,1/10,1/10,1/10,1/10,1/10,1/10,1/10,1/10,1/10,1/10,1/10,1/10,1/10,1/10,1/10,1/10,1/10,1/10,1/10",True,6.9388939039072284e-18,2,32,0.81818181818181823,False,False,False,1/10,True,1/10,0.024999999999999994,constant_1/10,0,box,"1/10,1/10,1/10,1/10,1/10,1/10,1/10,1/10,1/10,1/10,1/10,1/10,1/10,1/10,1/10,1/10,1/10,1/10,1/10,1/10,1/10,1/10,1/10,1/10,1/10,1/10,1/10,1/10,1/10,1/10,1/10",0.81818181818181823,False,False,False
0.86938323630289227,False,False,False,"1/10,1/10,1/10,1/10,1/10,1/10,1/10,1/10,1/10,1/10,1/10,1/10,1/10,1/10,1/10,1/10,1/10,1/10,1/10,1/10,1/10,1/10,1/10,1/10,1/10,1/10,1/10,1/10,1/10,1/10,1/10",901/1099,0.90100000000000002,False,False,False,"99/1000,99/1000,99/1000,99/1000,99/1000,99/1000,99/1000,99/1000,99/1000,99/1000,99/1000,99/1000,99/1000,99/1000,99/1000,99/1000,99/1000,99/1000,99/1000,99/1000,99/1000,99/1000,99/1000,99/1000,99/1000,99/1000,99/1000,99/1000,99/1000,99/1000,99/1000",True,6.9388939039072284e-18,2,32,0.81983621474067336,False,False,False,99/1000,True,1/10,0.024749999999999994,constant_1/10,1/1000,box,"101/1000,101/1000,101/1000,101/1000,101/1000,101/1000,101/1000,101/1000,101/1000,101/1000,101/1000,101/1000,101/1000,101/1000,101/1000,101/1000,101/1000,101/1000,101/1000,101/1000,101/1000,101/1000,101/1000,101/1000,101/1000,101/1000,101/1000,101/1000,101/1000,101/1000,101/1000",0.81983621474067336,False,False,False
0.874538867371627,False,False,False,"1/10,1/10,1/10,1/10,1/10,1/10,1/10,1/10,1/10,1/10,1/10,1/10,1/10,1/10,1/10,1/10,1/10,1/10,1/10,1/10,1/10,1/10,1/10,1/10,1/10,1/10,1/10,1/10,1/10,1/10,1/10",181/219,0.90500000000000003,False,False,False,"19/200,19/200,19/200,19/200,19/200,19/200,19/200,19/200,19/200,19/200,19/200,19/200,19/200,19/200,19/200,19/200,19/200,19/200,19/200,19/200,19/200,19/200,19/200,19/200,19/200,19/200,19/200,19/200,19/200,19/200,19/200",True,6.9388939039072284e-18,2,32,0.82648401826484019,False,False,False,19/200,True,1/10,0.023749999999999993,constant_1/10,1/200,box,"21/200,21/200,21/200,21/200,21/200,21/200,21/200,21/200,21/200,21/200,21/200,21/200,21/200,21/200,21/200,21/200,21/200,21/200,21/200,21/200,21/200,21/200,21/200,21/200,21/200,21/200,21/200,21/200,21/200,21/200,21/200",0.82648401826484019,False,False,False
0.88099812083341389,False,False,False,"1/10,1/10,1/10,1/10,1/10,1/10,1/10,1/10,1/10,1/10,1/10,1/10,1/10,1/10,1/10,1/10,1/10,1/10,1/10,1/10,1/10,1/10,1/10,1/10,1/10,1/10,1/10,1/10,1/10,1/10,1/10",91/109,0.91000000000000003,False,False,False,"9/100,9/100,9/100,9/100,9/100,9/100,9/100,9/100,9/100,9/100,9/100,9/100,9/100,9/100,9/100,9/100,9/100,9/100,9/100,9/100,9/100,9/100,9/100,9/100,9/100,9/100,9/100,9/100,9/100,9/100,9/100",True,4.8572257327350599e-17,2,32,0.83486238532110091,False,False,False,9/100,True,1/10,0.022500000000000048,constant_1/10,1/100,box,"11/100,11/100,11/100,11/100,11/100,11/100,11/100,11/100,11/100,11/100,11/100,11/100,11/100,11/100,11/100,11/100,11/100,11/100,11/100,11/100,11/100,11/100,11/100,11/100,11/100,11/100,11/100,11/100,11/100,11/100,11/100",0.83486238532110091,False,False,False
0.89396547784258984,False,False,False,"1/10,1/10,1/10,1/10,1/10,1/10,1/10,1/10,1/10,1/10,1/10,1/10,1/10,1/10,1/10,1/10,1/10,1/10,1/10,1/10,1/10,1/10,1/10,1/10,1/10,1/10,1/10,1/10,1/10,1/10,1/10",23/27,0.92000000000000004,False,False,False,"2/25,2/25,2/25,2/25,2/25,2/25,2/25,2/25,2/25,2/25,2/25,2/25,2/25,2/25,2/25,2/25,2/25,2/25,2/25,2/25,2/25,2/25,2/25,2/25,2/25,2/25,2/25,2/25,2/25,2/25,2/25",True,3.8163916471489756e-17,2,32,0.85185185185185186,False,False,False,2/25,True,1/10,0.019999999999999962,constant_1/10,1/50,box,"3/25,3/25,3/25,3/25,3/25,3/25,3/25,3/25,3/25,3/25,3/25,3/25,3/25,3/25,3/25,3/25,3/25,3/25,3/25,3/25,3/25,3/25,3/25,3/25,3/25,3/25,3/25,3/25,3/25,3/25,3/25",0.85185185185185186,False,False,False
0.93325452555839727,False,False,False,"1/10,1/10,1/10,1/10,1/10,1/10,1/10,1/10,1/10,1/10,1/10,1/10,1/10,1/10,1/10,1/10,1/10,1/10,1/10,1/10,1/10,1/10,1/10,1/10,1/10,1/10,1/10,1/10,1/10,1/10,1/10",19/21,0.94999999999999996,False,False,False,"1/20,1/20,1/20,1/20,1/20,1/20,1/20,1/20,1/20,1/20,1/20,1/20,1/20,1/20,1/20,1/20,1/20,1/20,1/20,1/20,1/20,1/20,1/20,1/20,1/20,1/20,1/20,1/20,1/20,1/20,1/20",True,4.5102810375396984e-17,2,32,0.90476190476190477,False,False,False,1/20,True,1/10,0.012499999999999956,constant_1/10,1/20,box,"3/20,3/20,3/20,3/20,3/20,3/20,3/20,3/20,3/20,3/20,3/20,3/20,3/20,3/20,3/20,3/20,3/20,3/20,3/20,3/20,3/20,3/20,3/20,3/20,3/20,3/20,3/20,3/20,3/20,3/20,3/20",0.90476190476190477,False,False,False
1,False,False,False,"1/10,1/10,1/10,1/10,1/10,1/10,1/10,1/10,1/10,1/10,1/10,1/10,1/10,1/10,1/10,1/10,1/10,1/10,1/10,1/10,1/10,1/10,1/10,1/10,1/10,1/10,1/10,1/10,1/10,1/10,1/10",1,1,False,False,False,"0,0,0,0,0,0,0,0,0,0,0,0,0,0,0,0,0,0,0,0,0,0,0,0,0,0,0,0,0,0,0",True,0,1,32,1,False,False,False,0,True,1/10,,constant_1/10,1/10,box,"1/5,1/5,1/5,1/5,1/5,1/5,1/5,1/5,1/5,1/5,1/5,1/5,1/5,1/5,1/5,1/5,1/5,1/5,1/5,1/5,1/5,1/5,1/5,1/5,1/5,1/5,1/5,1/5,1/5,1/5,1/5",1,False,False,False
0.40635083846873382,False,False,False,"1/2,1/2,1/2,1/2,1/2,1/2,1/2,1/2,1/2,1/2,1/2,1/2,1/2,1/2,1/2,1/2,1/2,1/2,1/2,1/2,1/2,1/2,1/2,1/2,1/2,1/2,1/2,1/2,1/2,1/2,1/2",1/3,0.5,False,False,False,"1/2,1/2,1/2,1/2,1/2,1/2,1/2,1/2,1/2,1/2,1/2,1/2,1/2,1/2,1/2,1/2,1/2,1/2,1/2,1/2,1/2,1/2,1/2,1/2,1/2,1/2,1/2,1/2,1/2,1/2,1/2",True,1.3877787807814457e-17,2,32,0.33333333333333331,False,False,False,1/2,True,1/10,0.125,constant_1/2,0,box,"1/2,1/2,1/2,1/2,1/2,1/2,1/2,1/2,1/2,1/2,1/2,1/2,1/2,1/2,1/2,1/2,1/2,1/2,1/2,1/2,1/2,1/2,1/2,1/2,1/2,1/2,1/2,1/2,1/2,1/2,1/2",0.33333333333333331,False,False,False
0.4073719983405486,False,False,False,"1/2,1/2,1/2,1/2,1/2,1/2,1/2,1/2,1/2,1/2,1/2,1/2,1/2,1/2,1/2,1/2,1/2,1/2,1/2,1/2,1/2,1/2,1/2,1/2,1/2,1/2,1/2,1/2,1/2,1/2,1/2",501/1499,0.501,False,False,False,"499/1000,499/1000,499/1000,499/1000,499/1000,499/1000,499/1000,499/1000,499/1000,499/1000,499/1000,499/1000,499/1000,499/1000,499/1000,499/1000,499/1000,499/1000,499/1000,499/1000,499/1000,499/1000,499/1000,499/1000,499/1000,499/1000,499/1000,499/1000,499/1000,499/1000,499/1000",True,2.7755575615628914e-17,2,32,0.33422281521014008,False,False,False,499/1000,True,1/10,0.12474999999999997,constant_1/2,1/1000,box,"501/1000,501/1000,501/1000,501/1000,501/1000,501/1000,501/1000,501/1000,501/1000,501/1000,501/1000,501/1000,501/1000,501/1000,501/1000,501/1000,501/1000,501/1000,501/1000,501/1000,501/1000,501/1000,501/1000,501/1000,501/1000,501/1000,501/1000,501/1000,501/1000,501/1000,501/1000",0.33422281521014008,False,False,False
0.41146445427723899,False,False,False,"1/2,1/2,1/2,1/2,1/2,1/2,1/2,1/2,1/2,1/2,1/2,1/2,1/2,1/2,1/2,1/2,1/2,1/2,1/2,1/2,1/2,1/2,1/2,1/2,1/2,1/2,1/2,1/2,1/2,1/2,1/2",101/299,0.505,False,False,False,"99/200,99/200,99/200,99/200,99/200,99/200,99/200,99/200,99/200,99/200,99/200,99/200,99/200,99/200,99/200,99/200,99/200,99/200,99/200,99/200,99/200,99/200,99/200,99/200,99/200,99/200,99/200,99/200,99/200,99/200,99/200",True,0,2,32,0.33779264214046822,False,False,False,99/200,True,1/10,0.12375,constant_1/2,1/200,box,"101/200,101/200,101/200,101/200,101/200,101/200,101/200,101/200,101/200,101/200,101/200,101/200,101/200,101/200,101/200,101/200,101/200,101/200,101/200,101/200,101/200,101/200,101/200,101/200,101/200,101/200,101/200,101/200,101/200,101/200,101/200",0.33779264214046822,False,False,False
0.41659756712311879,False,False,False,"1/2,1/2,1/2,1/2,1/2,1/2,1/2,1/2,1/2,1/2,1/2,1/2,1/2,1/2,1/2,1/2,1/2,1/2,1/2,1/2,1/2,1/2,1/2,1/2,1/2,1/2,1/2,1/2,1/2,1/2,1/2",51/149,0.51000000000000001,False,False,False,"49/100,49/100,49/100,49/100,49/100,49/100,49/100,49/100,49/100,49/100,49/100,49/100,49/100,49/100,49/100,49/100,49/100,49/100,49/100,49/100,49/100,49/100,49/100,49/100,49/100,49/100,49/100,49/100,49/100,49/100,49/100",True,1.3877787807814457e-17,2,32,0.34228187919463088,False,False,False,49/100,True,1/10,0.1225,constant_1/2,1/100,box,"51/100,51/100,51/100,51/100,51/100,51/100,51/100,51/100,51/100,51/100,51/100,51/100,51/100,51/100,51/100,51/100,51/100,51/100,51/100,51/100,51/100,51/100,51/100,51/100,51/100,51/100,51/100,51/100,51/100,51/100,51/100",0.34228187919463088,False,False,False
0.42691384373149421,False,False,False,"1/2,1/2,1/2,1/2,1/2,1/2,1/2,1/2,1/2,1/2,1/2,1/2,1/2,1/2,1/2,1/2,1/2,1/2,1/2,1/2,1/2,1/2,1/2,1/2,1/2,1/2,1/2,1/2,1/2,1/2,1/2",13/37,0.52000000000000002,False,False,False,"12/25,12/25,12/25,12/25,12/25,12/25,12/25,12/25,12/25,12/25,12/25,12/25,12/25,12/25,12/25,12/25,12/25,12/25,12/25,12/25,12/25,12/25,12/25,12/25,12/25,12/25,12/25,12/25,12/25,12/25,12/25",True,0,2,32,0.35135135135135137,False,False,False,12/25,True,1/10,0.12,constant_1/2,1/50,box,"13/25,13/25,13/25,13/25,13/25,13/25,13/25,13/25,13/25,13/25,13/25,13/25,13/25,13/25,13/25,13/25,13/25,13/25,13/25,13/25,13/25,13/25,13/25,13/25,13/25,13/25,13/25,13/25,13/25,13/25,13/25",0.35135135135135137,False,False,False
0.45810619183121598,False,False,False,"1/2,1/2,1/2,1/2,1/2,1/2,1/2,1/2,1/2,1/2,1/2,1/2,1/2,1/2,1/2,1/2,1/2,1/2,1/2,1/2,1/2,1/2,1/2,1/2,1/2,1/2,1/2,1/2,1/2,1/2,1/2",11/29,0.55000000000000004,False,False,False,"9/20,9/20,9/20,9/20,9/20,9/20,9/20,9/20,9/20,9/20,9/20,9/20,9/20,9/20,9/20,9/20,9/20,9/20,9/20,9/20,9/20,9/20,9/20,9/20,9/20,9/20,9/20,9/20,9/20,9/20,9/20",True,4.163336342344337e-17,2,32,0.37931034482758619,False,False,False,9/20,True,1/10,0.11249999999999996,constant_1/2,1/20,box,"11/20,11/20,11/20,11/20,11/20,11/20,11/20,11/20,11/20,11/20,11/20,11/20,11/20,11/20,11/20,11/20,11/20,11/20,11/20,11/20,11/20,11/20,11/20,11/20,11/20,11/20,11/20,11/20,11/20,11/20,11/20",0.37931034482758619,False,False,False
0.5116108440255378,False,False,False,"1/2,1/2,1/2,1/2,1/2,1/2,1/2,1/2,1/2,1/2,1/2,1/2,1/2,1/2,1/2,1/2,1/2,1/2,1/2,1/2,1/2,1/2,1/2,1/2,1/2,1/2,1/2,1/2,1/2,1/2,1/2",3/7,0.59999999999999998,False,False,False,"2/5,2/5,2/5,2/5,2/5,2/5,2/5,2/5,2/5,2/5,2/5,2/5,2/5,2/5,2/5,2/5,2/5,2/5,2/5,2/5,2/5,2/5,2/5,2/5,2/5,2/5,2/5,2/5,2/5,2/5,2/5",True,1.3877787807814457e-17,2,32,0.42857142857142855,False,False,False,2/5,True,1/10,0.099999999999999992,constant_1/2,1/10,box,"3/5,3/5,3/5,3/5,3/5,3/5,3/5,3/5,3/5,3/5,3/5,3/5,3/5,3/5,3/5,3/5,3/5,3/5,3/5,3/5,3/5,3/5,3/5,3/5,3/5,3/5,3/5,3/5,3/5,3/5,3/5",0.42857142857142855,False,False,False
0.061226350727479992,True,False,False,"9/10,9/10,9/10,9/10,9/10,9/10,9/10,9/10,9/10,9/10,9/10,9/10,9/10,9/10,9/10,9/10,9/10,9/10,9/10,9/10,9/10,9/10,9/10,9/10,9/10,9/10,9/10,9/10,9/10,9/10,9/10",1/19,0.10000000000000001,True,False,False,"9/10,9/10,9/10,9/10,9/10,9/10,9/10,9/10,9/10,9/10,9/10,9/10,9/10,9/10,9/10,9/10,9/10,9/10,9/10,9/10,9/10,9/10,9/10,9/10,9/10,9/10,9/10,9/10,9/10,9/10,9/10",True,2.7755575615628914e-17,2,32,0.052631578947368418,True,False,False,9/10,True,1/10,0.22500000000000003,constant_9/10,0,box,"9/10,9/10,9/10,9/10,9/10,9/10,9/10,9/10,9/10,9/10,9/10,9/10,9/10,9/10,9/10,9/10,9/10,9/10,9/10,9/10,9/10,9/10,9/10,9/10,9/10,9/10,9/10,9/10,9/10,9/10,9/10",0.052631578947368418,True,False,False
0.06190795132956084,True,False,False,"9/10,9/10,9/10,9/10,9/10,9/10,9/10,9/10,9/10,9/10,9/10,9/10,9/10,9/10,9/10,9/10,9/10,9/10,9/10,9/10,9/10,9/10,9/10,9/10,9/10,9/10,9/10,9/10,9/10,9/10,9/10",101/1899,0.10100000000000001,False,False,False,"899/1000,899/1000,899/1000,899/1000,899/1000,899/1000,899/1000,899/1000,899/1000,899/1000,899/1000,899/1000,899/1000,899/1000,899/1000,899/1000,899/1000,899/1000,899/1000,899/1000,899/1000,899/1000,899/1000,899/1000,899/1000,899/1000,899/1000,899/1000,899/1000,899/1000,899/1000",True,5.5511151231257827e-17,2,32,0.053185887309110058,True,False,False,899/1000,True,1/10,0.22474999999999995,constant_9/10,1/1000,box,"901/1000,901/1000,901/1000,901/1000,901/1000,901/1000,901/1000,901/1000,901/1000,901/1000,901/1000,901/1000,901/1000,901/1000,901/1000,901/1000,901/1000,901/1000,901/1000,901/1000,901/1000,901/1000,901/1000,901/1000,901/1000,901/1000,901/1000,901/1000,901/1000,901/1000,901/1000",0.053185887309110058,True,False,False
0.064648014387446703,True,False,False,"9/10,9/10,9/10,9/10,9/10,9/10,9/10,9/10,9/10,9/10,9/10,9/10,9/10,9/10,9/10,9/10,9/10,9/10,9/10,9/10,9/10,9/10,9/10,9/10,9/10,9/10,9/10,9/10,9/10,9/10,9/10",21/379,0.105,False,False,False,"179/200,179/200,179/200,179/200,179/200,179/200,179/200,179/200,179/200,179/200,179/200,179/200,179/200,179/200,179/200,179/200,179/200,179/200,179/200,179/200,179/200,179/200,179/200,179/200,179/200,179/200,179/200,179/200,179/200,179/200,179/200",True,3.4694469519536142e-18,2,32,0.055408970976253295,True,False,False,179/200,True,1/10,0.22375,constant_9/10,1/200,box,"181/200,181/200,181/200,181/200,181/200,181/200,181/200,181/200,181/200,181/200,181/200,181/200,181/200,181/200,181/200,181/200,181/200,181/200,181/200,181/200,181/200,181/200,181/200,181/200,181/200,181/200,181/200,181/200,181/200,181/200,181/200",0.055408970976253295,True,False,False
0.068103775345167233,True,False,False,"9/10,9/10,9/10,9/10,9/10,9/10,9/10,9/10,9/10,9/10,9/10,9/10,9/10,9/10,9/10,9/10,9/10,9/10,9/10,9/10,9/10,9/10,9/10,9/10,9/10,9/10,9/10,9/10,9/10,9/10,9/10",11/189,0.11,False,False,False,"89/100,89/100,89/100,89/100,89/100,89/100,89/100,89/100,89/100,89/100,89/100,89/100,89/100,89/100,89/100,89/100,89/100,89/100,89/100,89/100,89/100,89/100,89/100,89/100,89/100,89/100,89/100,89/100,89/100,89/100,89/100",True,2.7755575615628914e-17,2,32,0.058201058201058198,True,False,False,89/100,True,1/10,0.22249999999999998,constant_9/10,1/100,box,"91/100,91/100,91/100,91/100,91/100,91/100,91/100,91/100,91/100,91/100,91/100,91/100,91/100,91/100,91/100,91/100,91/100,91/100,91/100,91/100,91/100,91/100,91/100,91/100,91/100,91/100,91/100,91/100,91/100,91/100,91/100",0.058201058201058198,True,False,False
0.075117183328936785,True,False,False,"9/10,9/10,9/10,9/10,9/10,9/10,9/10,9/10,9/10,9/10,9/10,9/10,9/10,9/10,9/10,9/10,9/10,9/10,9/10,9/10,9/10,9/10,9/10,9/10,9/10,9/10,9/10,9/10,9/10,9/10,9/10",3/47,0.12,False,False,False,"22/25,22/25,22/25,22/25,22/25,22/25,22/25,22/25,22/25,22/25,22/25,22/25,22/25,22/25,22/25,22/25,22/25,22/25,22/25,22/25,22/25,22/25,22/25,22/25,22/25,22/25,22/25,22/25,22/25,22/25,22/25",True,2.7755575615628914e-17,2,32,0.063829787234042548,True,False,False,22/25,True,1/10,0.21999999999999997,constant_9/10,1/50,box,"23/25,23/25,23/25,23/25,23/25,23/25,23/25,23/25,23/25,23/25,23/25,23/25,23/25,23/25,23/25,23/25,23/25,23/25,23/25,23/25,23/25,23/25,23/25,23/25,23/25,23/25,23/25,23/25,23/25,23/25,23/25",0.063829787234042548,True,False,False
0.096749415192350668,True,False,False,"9/10,9/10,9/10,9/10,9/10,9/10,9/10,9/10,9/10,9/10,9/10,9/10,9/10,9/10,9/10,9/10,9/10,9/10,9/10,9/10,9/10,9/10,9/10,9/10,9/10,9/10,9/10,9/10,9/10,9/10,9/10",3/37,0.14999999999999999,False,False,False,"17/20,17/20,17/20,17/20,17/20,17/20,17/20,17/20,17/20,17/20,17/20,17/20,17/20,17/20,17/20,17/20,17/20,17/20,17/20,17/20,17/20,17/20,17/20,17/20,17/20,17/20,17/20,17/20,17/20,17/20,17/20",True,2.7755575615628914e-17,2,32,0.081081081081081086,True,False,False,17/20,True,1/10,0.21249999999999997,constant_9/10,1/20,box,"19/20,19/20,19/20,19/20,19/20,19/20,19/20,19/20,19/20,19/20,19/20,19/20,19/20,19/20,19/20,19/20,19/20,19/20,19/20,19/20,19/20,19/20,19/20,19/20,19/20,19/20,19/20,19/20,19/20,19/20,19/20",0.081081081081081086,True,False,False
0.13477299121769964,False,False,False,"9/10,9/10,9/10,9/10,9/10,9/10,9/10,9/10,9/10,9/10,9/10,9/10,9/10,9/10,9/10,9/10,9/10,9/10,9/10,9/10,9/10,9/10,9/10,9/10,9/10,9/10,9/10,9/10,9/10,9/10,9/10",1/9,0.20000000000000001,False,False,False,"4/5,4/5,4/5,4/5,4/5,4/5,4/5,4/5,4/5,4/5,4/5,4/5,4/5,4/5,4/5,4/5,4/5,4/5,4/5,4/5,4/5,4/5,4/5,4/5,4/5,4/5,4/5,4/5,4/5,4/5,4/5",True,2.7755575615628914e-17,2,32,0.1111111111111111,False,False,False,4/5,True,1/10,0.19999999999999998,constant_9/10,1/10,box,"1,1,1,1,1,1,1,1,1,1,1,1,1,1,1,1,1,1,1,1,1,1,1,1,1,1,1,1,1,1,1",0.1111111111111111,False,False,False
0,True,True,True,"1,1,1,1,1,1,1,1,1,1,1,1,1,1,1,1,1,1,1,1,1,1,1,1,1,1,1,1,1,1,1",0,0,True,True,True,"1,1,1,1,1,1,1,1,1,1,1,1,1,1,1,1,1,1,1,1,1,1,1,1,1,1,1,1,1,1,1",False,5.5511151231257827e-17,2,32,0,True,True,True,1,False,1/10,0.24999999999999994,constant_1,0,box,"1,1,1,1,1,1,1,1,1,1,1,1,1,1,1,1,1,1,1,1,1,1,1,1,1,1,1,1,1,1,1",0,True,True,True
0.00050333912760172021,True,True,True,"1,1,1,1,1,1,1,1,1,1,1,1,1,1,1,1,1,1,1,1,1,1,1,1,1,1,1,1,1,1,1",1/1999,0.001,True,True,True,"999/1000,999/1000,999/1000,999/1000,999/1000,999/1000,999/1000,999/1000,999/1000,999/1000,999/1000,999/1000,999/1000,999/1000,999/1000,999/1000,999/1000,999/1000,999/1000,999/1000,999/1000,999/1000,999/1000,999/1000,999/1000,999/1000,999/1000,999/1000,999/1000,999/1000,999/1000",True,1.8973538018496328e-19,2,32,0.00050025012506253123,True,True,True,999/1000,False,1/10,0.24975,constant_1,1/1000,box,"1,1,1,1,1,1,1,1,1,1,1,1,1,1,1,1,1,1,1,1,1,1,1,1,1,1,1,1,1,1,1",0.00050025012506253123,True,True,True
0.0025646407906784832,True,True,True,"1,1,1,1,1,1,1,1,1,1,1,1,1,1,1,1,1,1,1,1,1,1,1,1,1,1,1,1,1,1,1",1/399,0.0050000000000000001,True,True,True,"199/200,199/200,199/200,199/200,199/200,199/200,199/200,199/200,199/200,199/200,199/200,199/200,199/200,199/200,199/200,199/200,199/200,199/200,199/200,199/200,199/200,199/200,199/200,199/200,199/200,199/200,199/200,199/200,199/200,199/200,199/200",True,2.7755575615628914e-17,2,32,0.0025062656641604009,True,True,True,199/200,False,1/10,0.24874999999999997,constant_1,1/200,box,"1,1,1,1,1,1,1,1,1,1,1,1,1,1,1,1,1,1,1,1,1,1,1,1,1,1,1,1,1,1,1",0.0025062656641604009,True,True,True
0.005227316572899654,True,True,True,"1,1,1,1,1,1,1,1,1,1,1,1,1,1,1,1,1,1,1,1,1,1,1,1,1,1,1,1,1,1,1",1/199,0.01,True,True,True,"99/100,99/100,99/100,99/100,99/100,99/100,99/100,99/100,99/100,99/100,99/100,99/100,99/100,99/100,99/100,99/100,99/100,99/100,99/100,99/100,99/100,99/100,99/100,99/100,99/100,99/100,99/100,99/100,99/100,99/100,99/100",True,2.7755575615628914e-17,2,32,0.0050251256281407036,True,True,True,99/100,False,1/10,0.24750000000000003,constant_1,1/100,box,"1,1,1,1,1,1,1,1,1,1,1,1,1,1,1,1,1,1,1,1,1,1,1,1,1,1,1,1,1,1,1",0.0050251256281407036,True,True,True
0.010760307378929999,True,False,True,"1,1,1,1,1,1,1,1,1,1,1,1,1,1,1,1,1,1,1,1,1,1,1,1,1,1,1,1,1,1,1",1/99,0.02,True,False,True,"49/50,49/50,49/50,49/50,49/50,49/50,49/50,49/50,49/50,49/50,49/50,49/50,49/50,49/50,49/50,49/50,49/50,49/50,49/50,49/50,49/50,49/50,49/50,49/50,49/50,49/50,49/50,49/50,49/50,49/50,49/50",True,5.2041704279304213e-18,2,32,0.010101010101010102,True,False,True,49/50,False,1/10,0.245,constant_1,1/50,box,"1,1,1,1,1,1,1,1,1,1,1,1,1,1,1,1,1,1,1,1,1,1,1,1,1,1,1,1,1,1,1",0.010101010101010102,True,False,True
0.028566823818964224,True,False,True,"1,1,1,1,1,1,1,1,1,1,1,1,1,1,1,1,1,1,1,1,1,1,1,1,1,1,1,1,1,1,1",1/39,0.050000000000000003,True,False,True,"19/20,19/20,19/20,19/20,19/20,19/20,19/20,19/20,19/20,19/20,19/20,19/20,19/20,19/20,19/20,19/20,19/20,19/20,19/20,19/20,19/20,19/20,19/20,19/20,19/20,19/20,19/20,19/20,19/20,19/20,19/20",True,5.5511151231257827e-17,2,32,0.02564102564102564,True,False,True,19/20,False,1/10,0.23749999999999993,constant_1,1/20,box,"1,1,1,1,1,1,1,1,1,1,1,1,1,1,1,1,1,1,1,1,1,1,1,1,1,1,1,1,1,1,1",0.02564102564102564,True,False,True
0.061226350727479992,True,False,False,"1,1,1,1,1,1,1,1,1,1,1,1,1,1,1,1,1,1,1,1,1,1,1,1,1,1,1,1,1,1,1",1/19,0.10000000000000001,True,False,False,"9/10,9/10,9/10,9/10,9/10,9/10,9/10,9/10,9/10,9/10,9/10,9/10,9/10,9/10,9/10,9/10,9/10,9/10,9/10,9/10,9/10,9/10,9/10,9/10,9/10,9/10,9/10,9/10,9/10,9/10,9/10",True,2.7755575615628914e-17,2,32,0.052631578947368418,True,False,False,9/10,False,1/10,0.22500000000000003,constant_1,1/10,box,"1,1,1,1,1,1,1,1,1,1,1,1,1,1,1,1,1,1,1,1,1,1,1,1,1,1,1,1,1,1,1",0.052631578947368418,True,False,False
0.35630256909760372,False,False,False,"0,1/30,1/15,1/10,2/15,1/6,1/5,7/30,4/15,3/10,1/3,11/30,2/5,13/30,7/15,1/2,8/15,17/30,3/5,19/30,2/3,7/10,11/15,23/30,4/5,5/6,13/15,9/10,14/15,29/30,1",3279012345679012345844219957412/23128888888888888890133547487149,0.45000000000000001,False,False,False,"0,1/30,1/15,1/10,2/15,1/6,1/5,7/30,4/15,3/10,1/3,11/30,2/5,13/30,7/15,1/2,8/15,17/30,3/5,19/30,2/3,7/10,11/15,23/30,4/5,5/6,13/15,9/10,14/15,29/30,1",False,1.3877787807814457e-17,2,32,0.21428571428571427,False,False,False,11/20,False,1/10,0.12480997523272698,ascending,0,box,"0,1/30,1/15,1/10,2/15,1/6,1/5,7/30,4/15,3/10,1/3,11/30,2/5,13/30,7/15,1/2,8/15,17/30,3/5,19/30,2/3,7/10,11/15,23/30,4/5,5/6,13/15,9/10,14/15,29/30,1",0.14177128704415407,False,False,False
0.35728391276386962,False,False,False,"0,1/30,1/15,1/10,2/15,1/6,1/5,7/30,4/15,3/10,1/3,11/30,2/5,13/30,7/15,1/2,8/15,17/30,3/5,19/30,2/3,7/10,11/15,23/30,4/5,5/6,13/15,9/10,14/15,29/30,1",6610913580246913580578573462311149/46158577777777777780267094974298000,0.45100000000000001,False,False,False,"-1/1000,97/3000,197/3000,99/1000,397/3000,497/3000,199/1000,697/3000,797/3000,299/1000,997/3000,1097/3000,399/1000,1297/3000,1397/3000,499/1000,1597/3000,1697/3000,599/1000,1897/3000,1997/3000,699/1000,2197/3000,2297/3000,799/1000,2497/3000,2597/3000,899/1000,2797/3000,2897/3000,999/1000",True,1.3877787807814457e-17,2,32,0.21515368120085776,False,False,False,549/1000,False,1/10,0.12467090843139569,ascending,1/1000,box,"1/1000,103/3000,203/3000,101/1000,403/3000,503/3000,201/1000,703/3000,803/3000,301/1000,1003/3000,1103/3000,401/1000,1303/3000,1403/3000,501/1000,1603/3000,1703/3000,601/1000,1903/3000,2003/3000,701/1000,2203/3000,2303/3000,801/1000,2503/3000,2603/3000,901/1000,2803/3000,2903/3000,1",0.14322177802084751,False,False,False
0.36121737350909006,False,False,False,"0,1/30,1/15,1/10,2/15,1/6,1/5,7/30,4/15,3/10,1/3,11/30,2/5,13/30,7/15,1/2,8/15,17/30,3/5,19/30,2/3,7/10,11/15,23/30,4/5,5/6,13/15,9/10,14/15,29/30,1",1364493827160493827227821530451949/9152355555555555556053418994859600,0.45500000000000002,False,False,False,"-1/200,17/600,37/600,19/200,77/600,97/600,39/200,137/600,157/600,59/200,197/600,217/600,79/200,257/600,277/600,99/200,317/600,337/600,119/200,377/600,397/600,139/200,437/600,457/600,159/200,497/600,517/600,179/200,557/600,577/600,199/200",True,6.9388939039072284e-18,2,32,0.21863799283154123,False,False,False,109/200,False,1/10,0.12412198074084146,ascending,1/200,box,"1/200,23/600,43/600,21/200,83/600,103/600,41/200,143/600,163/600,61/200,203/600,223/600,81/200,263/600,283/600,101/200,323/600,343/600,121/200,383/600,403/600,141/200,443/600,463/600,161/200,503/600,523/600,181/200,563/600,583/600,1",0.14908662790446714,False,False,False
0.36615235599358553,False,False,False,"0,1/30,1/15,1/10,2/15,1/6,1/5,7/30,4/15,3/10,1/3,11/30,2/5,13/30,7/15,1/2,8/15,17/30,3/5,19/30,2/3,7/10,11/15,23/30,4/5,5/6,13/15,9/10,14/15,29/30,1",852592592592592593531812408096099/5454972839506172845593386072439800,0.46000000000000002,False,False,False,"-1/100,7/300,17/300,9/100,37/300,47/300,19/100,67/300,77/300,29/100,97/300,107/300,39/100,127/300,137/300,49/100,157/300,167/300,59/100,187/300,197/300,69/100,217/300,227/300,79/100,247/300,257/300,89/100,277/300,287/300,99/100",True,1.3877787807814457e-17,2,32,0.22302158273381295,False,False,False,27/50,False,1/10,0.12340649872536735,ascending,1/100,box,"1/100,13/300,23/300,11/100,43/300,53/300,21/100,73/300,83/300,31/100,103/300,113/300,41/100,133/300,143/300,51/100,163/300,173/300,61/100,193/300,203/300,71/100,223/300,233/300,81/100,253/300,263/300,91/100,283/300,293/300,1",0.15629639554168265,False,False,False
0.37608260287623524,False,False,False,"0,1/30,1/15,1/10,2/15,1/6,1/5,7/30,4/15,3/10,1/3,11/30,2/5,13/30,7/15,1/2,8/15,17/30,3/5,19/30,2/3,7/10,11/15,23/30,4/5,5/6,13/15,9/10,14/15,29/30,1",455061728395061728879889669229149/2677886419753086422796693036219900,0.46999999999999997,False,False,False,"-1/50,1/75,7/150,2/25,17/150,11/75,9/50,16/75,37/150,7/25,47/150,26/75,19/50,31/75,67/150,12/25,77/150,41/75,29/50,46/75,97/150,17/25,107/150,56/75,39/50,61/75,127/150,22/25,137/150,71/75,49/50",True,2.7755575615628914e-17,2,32,0.2318840579710145,False,False,False,53/100,False,1/10,0.12181347183701166,ascending,1/50,box,"1/50,4/75,13/150,3/25,23/150,14/75,11/50,19/75,43/150,8/25,53/150,29/75,21/50,34/75,73/150,13/25,83/150,44/75,31/50,49/75,103/150,18/25,113/150,59/75,41/50,64/75,133/150,23/25,143/150,74/75,1",0.16993317006963296,False,False,False
0.40635083846873382,False,False,False,"0,1/30,1/15,1/10,2/15,1/6,1/5,7/30,4/15,3/10,1/3,11/30,2/5,13/30,7/15,1/2,8/15,17/30,3/5,19/30,2/3,7/10,11/15,23/30,4/5,5/6,13/15,9/10,14/15,29/30,1",142403292181070007940983227381971/676681481481481718208667311796440,0.5,False,False,False,"-1/20,-1/60,1/60,1/20,1/12,7/60,3/20,11/60,13/60,1/4,17/60,19/60,7/20,23/60,5/12,9/20,29/60,31/60,11/20,7/12,37/60,13/20,41/60,43/60,3/4,47/60,49/60,17/20,53/60,11/12,19/20",True,1.3877787807814457e-17,2,32,0.25925925925925924,False,False,False,1/2,False,1/10,0.11676235878798495,ascending,1/20,box,"1/20,1/12,7/60,3/20,11/60,13/60,1/4,17/60,19/60,7/20,23/60,5/12,9/20,29/60,31/60,11/20,7/12,37/60,13/20,41/60,43/60,3/4,47/60,49/60,17/20,53/60,11/12,19/20,59/60,1,1",0.21044360763250333,False,False,False
0.45810619183121598,False,False,False,"0,1/30,1/15,1/10,2/15,1/6,1/5,7/30,4/15,3/10,1/3,11/30,2/5,13/30,7/15,1/2,8/15,17/30,3/5,19/30,2/3,7/10,11/15,23/30,4/5,5/6,13/15,9/10,14/15,29/30,1",214436213991783978292702845325547/778192592592646963195764510059540,0.55000000000000004,False,False,False,"-1/10,-1/15,-1/30,0,1/30,1/15,1/10,2/15,1/6,1/5,7/30,4/15,3/10,1/3,11/30,2/5,13/30,7/15,1/2,8/15,17/30,3/5,19/30,2/3,7/10,11/15,23/30,4/5,5/6,13/15,9/10",True,1.3877787807814457e-17,2,32,0.30769230769230771,False,False,False,9/20,False,1/10,0.10727797026770897,ascending,1/10,box,"1/10,2/15,1/6,1/5,7/30,4/15,3/10,1/3,11/30,2/5,13/30,7/15,1/2,8/15,17/30,3/5,19/30,2/3,7/10,11/15,23/30,4/5,5/6,13/15,9/10,14/15,29/30,1,1,1,1",0.27555674010897818,False,False,False
0.45810619183121598,False,False,False,"1,29/30,14/15,9/10,13/15,5/6,4/5,23/30,11/15,7/10,2/3,19/30,3/5,17/30,8/15,1/2,7/15,13/30,2/5,11/30,1/3,3/10,4/15,7/30,1/5,1/6,2/15,1/10,1/15,1/30,0",198146502057613168724279832746325/475081481481481481481481475382098,0.55000000000000004,False,False,False,"1,29/30,14/15,9/10,13/15,5/6,4/5,23/30,11/15,7/10,2/3,19/30,3/5,17/30,8/15,1/2,7/15,13/30,2/5,11/30,1/3,3/10,4/15,7/30,1/5,1/6,2/15,1/10,1/15,1/30,0",False,1.3877787807814457e-17,2,32,0.4375,False,False,False,9/20,False,1/10,0.10841579698695829,descending,0,box,"1,29/30,14/15,9/10,13/15,5/6,4/5,23/30,11/15,7/10,2/3,19/30,3/5,17/30,8/15,1/2,7/15,13/30,2/5,11/30,1/3,3/10,4/15,7/30,1/5,1/6,2/15,1/10,1/15,1/30,0",0.41707898493479134,False,False,False
0.45915780712612714,False,False,False,"1,29/30,14/15,9/10,13/15,5/6,4/5,23/30,11/15,7/10,2/3,19/30,3/5,17/30,8/15,1/2,7/15,13/30,2/5,11/30,1/3,3/10,4/15,7/30,1/5,1/6,2/15,1/10,1/15,1/30,0",198483242798353909465020573484016049/474585481481481481481481475382098000,0.55100000000000005,False,False,False,"999/1000,2897/3000,2797/3000,899/1000,2597/3000,2497/3000,799/1000,2297/3000,2197/3000,699/1000,1997/3000,1897/3000,599/1000,1697/3000,1597/3000,499/1000,1397/3000,1297/3000,399/1000,1097/3000,997/3000,299/1000,797/3000,697/3000,199/1000,497/3000,397/3000,99/1000,197/3000,97/3000,-1/1000",True,4.163336342344337e-17,2,32,0.43839899937460913,False,False,False,449/1000,False,1/10,0.1082176080808037,descending,1/1000,box,"1,2903/3000,2803/3000,901/1000,2603/3000,2503/3000,801/1000,2303/3000,2203/3000,701/1000,2003/3000,1903/3000,601/1000,1703/3000,1603/3000,501/1000,1403/3000,1303/3000,401/1000,1103/3000,1003/3000,301/1000,803/3000,703/3000,201/1000,503/3000,403/3000,101/1000,203/3000,103/3000,1/1000",0.4182244306731891,False,False,False
0.46337187762975601,False,False,False,"1,29/30,14/15,9/10,13/15,5/6,4/5,23/30,11/15,7/10,2/3,19/30,3/5,17/30,8/15,1/2,7/15,13/30,2/5,11/30,1/3,3/10,4/15,7/30,1/5,1/6,2/15,1/10,1/15,1/30,0",493407915460041660316008731937729/1166917238225880201188843149091600,0.55500000000000005,False,False,False,"199/200,577/600,557/600,179/200,517/600,497/600,159/200,457/600,437/600,139/200,397/600,377/600,119/200,337/600,317/600,99/200,277/600,257/600,79/200,217/600,197/600,59/200,157/600,137/600,39/200,97/600,77/600,19/200,37/600,17/600,-1/200",True,1.3877787807814457e-17,2,32,0.44200626959247646,False,False,False,89/200,False,1/10,0.10742678244209269,descending,1/200,box,"1,583/600,563/600,181/200,523/600,503/600,161/200,463/600,443/600,141/200,403/600,383/600,121/200,343/600,323/600,101/200,283/600,263/600,81/200,223/600,203/600,61/200,163/600,143/600,41/200,103/600,83/600,21/200,43/600,23/600,1/200",0.42283025676284736,False,False,False
0.46865655412165785,False,False,False,"1,29/30,14/15,9/10,13/15,5/6,4/5,23/30,11/15,7/10,2/3,19/30,3/5,17/30,8/15,1/2,7/15,13/30,2/5,11/30,1/3,3/10,4/15,7/30,1/5,1/6,2/15,1/10,1/15,1/30,0",20151390946502057613168724012323549/47012148148148148148148147538209800,0.56000000000000005,False,False,False,"99/100,287/300,277/300,89/100,257/300,247/300,79/100,227/300,217/300,69/100,197/300,187/300,59/100,167/300,157/300,49/100,137/300,127/300,39/100,107/300,97/300,29/100,77/300,67/300,19/100,47/300,37/300,9/100,17/300,7/300,-1/100",True,0,2,32,0.44654088050314467,False,False,False,11/25,False,1/10,0.10644263867705327,descending,1/100,box,"1,293/300,283/300,91/100,263/300,253/300,81/100,233/300,223/300,71/100,203/300,193/300,61/100,173/300,163/300,51/100,143/300,133/300,41/100,113/300,103/300,31/100,83/300,73/300,21/100,53/300,43/300,11/100,23/300,13/300,1/100",0.42864220718014223,False,False,False
0.47928265826280914,False,False,False,"1,29/30,14/15,9/10,13/15,5/6,4/5,23/30,11/15,7/10,2/3,19/30,3/5,17/30,8/15,1/2,7/15,13/30,2/5,11/30,1/3,3/10,4/15,7/30,1/5,1/6,2/15,1/10,1/15,1/30,0",3414688614540466392318244125002433/7752691358024691358024691256368300,0.56999999999999995,False,False,False,"49/50,71/75,137/150,22/25,127/150,61/75,39/50,56/75,107/150,17/25,97/150,46/75,29/50,41/75,77/150,12/25,67/150,31/75,19/50,26/75,47/150,7/25,37/150,16/75,9/50,11/75,17/150,2/25,7/150,1/75,-1/50",True,2.7755575615628914e-17,2,32,0.45569620253164556,False,False,False,43/100,False,1/10,0.10448927510814419,descending,1/50,box,"1,74/75,143/150,23/25,133/150,64/75,41/50,59/75,113/150,18/25,103/150,49/75,31/50,44/75,83/150,13/25,73/150,34/75,21/50,29/75,53/150,8/25,43/150,19/75,11/50,14/75,23/150,3/25,13/150,4/75,1/50",0.44045202586402138,False,False,False
0.5116108440255378,False,False,False,"1,29/30,14/15,9/10,13/15,5/6,4/5,23/30,11/15,7/10,2/3,19/30,3/5,17/30,8/15,1/2,7/15,13/30,2/5,11/30,1/3,3/10,4/15,7/30,1/5,1/6,2/15,1/10,1/15,1/30,0",301115683584819387288523090991673/633646090534979423868312757200520,0.59999999999999998,False,False,False,"19/20,11/12,53/60,17/20,49/60,47/60,3/4,43/60,41/60,13/20,37/60,7/12,11/20,31/60,29/60,9/20,5/12,23/60,7/20,19/60,17/60,1/4,13/60,11/60,3/20,7/60,1/12,1/20,1/60,-1/60,-1/20",True,4.163336342344337e-17,2,32,0.4838709677419355,False,False,False,2/5,False,1/10,0.098322159153230268,descending,1/20,box,"1,1,59/60,19/20,11/12,53/60,17/20,49/60,47/60,3/4,43/60,41/60,13/20,37/60,7/12,11/20,31/60,29/60,9/20,5/12,23/60,7/20,19/60,17/60,1/4,13/60,11/60,3/20,7/60,1/12,1/20",0.47521114401667214,False,False,False
0.56695512458713071,False,False,False,"1,29/30,14/15,9/10,13/15,5/6,4/5,23/30,11/15,7/10,2/3,19/30,3/5,17/30,8/15,1/2,7/15,13/30,2/5,11/30,1/3,3/10,4/15,7/30,1/5,1/6,2/15,1/10,1/15,1/30,0",3237547325102880658436213991769509/6091851851851851851851851851851780,0.65000000000000002,False,False,False,"9/10,13/15,5/6,4/5,23/30,11/15,7/10,2/3,19/30,3/5,17/30,8/15,1/2,7/15,13/30,2/5,11/30,1/3,3/10,4/15,7/30,1/5,1/6,2/15,1/10,1/15,1/30,0,-1/30,-1/15,-1/10",True,2.7755575615628914e-17,2,32,0.53333333333333333,False,False,False,7/20,False,1/10,0.087147880188067461,descending,1/10,box,"1,1,1,1,29/30,14/15,9/10,13/15,5/6,4/5,23/30,11/15,7/10,2/3,19/30,3/5,17/30,8/15,1/2,7/15,13/30,2/5,11/30,1/3,3/10,4/15,7/30,1/5,1/6,2/15,1/10",0.53145536100302637,False,False,False
0.41553798724435209,False,False,False,"0,1,0,1,0,1,0,1,0,1,0,1,0,1,0,1,0,1,0,1,0,1,0,1,0,1,0,1,0,1,0",0,0.50896944759884788,False,False,False,"0,1,0,1,0,1,0,1,0,1,0,1,0,1,0,1,0,1,0,1,0,1,0,1,0,1,0,1,0,1,0",False,0,2,32,0.34514912649658019,False,False,False,14176542986590149216297/28870999813079833984375,False,1/10,0.05805635529612535,alternating,0,box,"0,1,0,1,0,1,0,1,0,1,0,1,0,1,0,1,0,1,0,1,0,1,0,1,0,1,0,1,0,1,0",0,True,True,True
0.41656614228364103,False,False,False,"0,1,0,1,0,1,0,1,0,1,0,1,0,1,0,1,0,1,0,1,0,1,0,1,0,1,0,1,0,1,0",445666368739833197957889/428169253869029505613397000,0.50996944759884788,False,False,False,"-1/1000,999/1000,-1/1000,999/1000,-1/1000,999/1000,-1/1000,999/1000,-1/1000,999/1000,-1/1000,999/1000,-1/1000,999/1000,-1/1000,999/1000,-1/1000,999/1000,-1/1000,999/1000,-1/1000,999/1000,-1/1000,999/1000,-1/1000,999/1000,-1/1000,999/1000,-1/1000,999/1000,-1/1000",True,2.7755575615628914e-17,2,32,0.34604668760030488,False,False,False,113181375894216555058501/230967998504638671875000,False,1/10,0.057876344608218347,alternating,1/1000,box,"1/1000,1,1/1000,1,1/1000,1,1/1000,1,1/1000,1,1/1000,1,1/1000,1,1/1000,1,1/1000,1,1/1000,1,1/1000,1,1/1000,1,1/1000,1,1/1000,1,1/1000,1,1/1000",0.0010408649493458392,True,True,True
0.42068652579882976,False,False,False,"0,1,0,1,0,1,0,1,0,1,0,1,0,1,0,1,0,1,0,1,0,1,0,1,0,1,0,1,0,1,0",21222208035230152283709/4042607294218621779651400,0.51396944759884788,False,False,False,"-1/200,199/200,-1/200,199/200,-1/200,199/200,-1/200,199/200,-1/200,199/200,-1/200,199/200,-1/200,199/200,-1/200,199/200,-1/200,199/200,-1/200,199/200,-1/200,199/200,-1/200,199/200,-1/200,199/200,-1/200,199/200,-1/200,199/200,-1/200",True,6.9388939039072284e-18,2,32,0.34964894216169334,False,False,False,112257503900198000371001/230967998504638671875000,False,1/10,0.057162164968918058,alternating,1/200,box,"1/200,1,1/200,1,1/200,1,1/200,1,1/200,1,1/200,1,1/200,1,1/200,1,1/200,1,1/200,1,1/200,1,1/200,1,1/200,1,1/200,1,1/200,1,1/200",0.0052496338354656091,True,True,True
0.42585442756472985,False,False,False,"0,1,0,1,0,1,0,1,0,1,0,1,0,1,0,1,0,1,0,1,0,1,0,1,0,1,0,1,0,1,0",445666368739833197957889/41985440592286251342589700,0.51896944759884789,False,False,False,"-1/100,99/100,-1/100,99/100,-1/100,99/100,-1/100,99/100,-1/100,99/100,-1/100,99/100,-1/100,99/100,-1/100,99/100,-1/100,99/100,-1/100,99/100,-1/100,99/100,-1/100,99/100,-1/100,99/100,-1/100,99/100,-1/100,99/100,-1/100",True,6.9388939039072284e-18,2,32,0.35417896459431297,False,False,False,55551331953837403505813/115483999252319335937500,False,1/10,0.056282922707012462,alternating,1/100,box,"1/100,1,1/100,1,1/100,1,1/100,1,1/100,1,1/100,1,1/100,1,1/100,1,1/100,1,1/100,1,1/100,1,1/100,1,1/100,1,1/100,1,1/100,1,1/100",0.010614783659593487,True,False,True
0.43616726753209717,False,False,False,"0,1,0,1,0,1,0,1,0,1,0,1,0,1,0,1,0,1,0,1,0,1,0,1,0,1,0,1,0,1,0",148555456246611065985963/6843594766377949442514950,0.5289694475988479,False,False,False,"-1/50,49/50,-1/50,49/50,-1/50,49/50,-1/50,49/50,-1/50,49/50,-1/50,49/50,-1/50,49/50,-1/50,49/50,-1/50,49/50,-1/50,49/50,-1/50,49/50,-1/50,49/50,-1/50,49/50,-1/50,49/50,-1/50,49/50,-1/50",True,2.0816681711721685e-17,2,32,0.3633308546327359,False,False,False,27198245980657105073219/57741999626159667968750,False,1/10,0.05457130033887278,alternating,1/50,box,"1/50,1,1/50,1,1/50,1,1/50,1,1/50,1,1/50,1,1/50,1,1/50,1,1/50,1,1/50,1,1/50,1,1/50,1,1/50,1,1/50,1,1/50,1,1/50",0.021707225707818426,True,False,True
0.46756577587586962,False,False,False,"0,1,0,1,0,1,0,1,0,1,0,1,0,1,0,1,0,1,0,1,0,1,0,1,0,1,0,1,0,1,0",148555456246611065985963/2552663507747468839505980,0.55896944759884792,False,False,False,"-1/20,19/20,-1/20,19/20,-1/20,19/20,-1/20,19/20,-1/20,19/20,-1/20,19/20,-1/20,19/20,-1/20,19/20,-1/20,19/20,-1/20,19/20,-1/20,19/20,-1/20,19/20,-1/20,19/20,-1/20,19/20,-1/20,19/20,-1/20",True,4.8572257327350599e-17,2,32,0.39154409424232728,False,False,False,50931971983744630068313/115483999252319335937500,False,1/10,0.049852035852616355,alternating,1/20,box,"1/20,1,1/20,1,1/20,1,1/20,1,1/20,1,1/20,1,1/20,1,1/20,1,1/20,1,1/20,1,1/20,1,1/20,1,1/20,1,1/20,1,1/20,1,1/20",0.058196254929698876,True,False,False
0.52140605162185016,False,False,False,"0,1,0,1,0,1,0,1,0,1,0,1,0,1,0,1,0,1,0,1,0,1,0,1,0,1,0,1,0,1,0",445666368739833197957889/3367059264611925915508970,0.60896944759884797,False,False,False,"-1/10,9/10,-1/10,9/10,-1/10,9/10,-1/10,9/10,-1/10,9/10,-1/10,9/10,-1/10,9/10,-1/10,9/10,-1/10,9/10,-1/10,9/10,-1/10,9/10,-1/10,9/10,-1/10,9/10,-1/10,9/10,-1/10,9/10,-1/10",True,6.9388939039072284e-18,2,32,0.44125376634166691,False,False,False,22578886010564331635719/57741999626159667968750,False,1/10,0.043714043008258069,alternating,1/10,box,"1/10,1,1/10,1,1/10,1,1/10,1,1/10,1,1/10,1,1/10,1,1/10,1,1/10,1,1/10,1,1/10,1,1/10,1,1/10,1,1/10,1,1/10,1,1/10",0.13236071411745673,False,False,False
0.4831952601809022,False,False,False,"1,3/4,3/4,1,1/2,3/4,3/4,1/4,1/2,0,1/4,1/2,3/4,1/4,3/4,1/4,1/2,0,0,1/2,0,3/4,1/4,1/2,0,1/4,1/4,0,1/2,1,1",290506941823740787674632307835944/846129642647755277690890295946227,0.57366430482054942,False,False,False,"1,3/4,3/4,1,1/2,3/4,3/4,1/4,1/2,0,1/4,1/2,3/4,1/4,3/4,1/4,1/2,0,0,1/2,0,3/4,1/4,1/2,0,1/4,1/4,0,1/2,1,1",False,1.3877787807814457e-17,2,32,0.40951646249255441,False,False,False,52865626202251872421764642677179/124000000000000000000000000000000,False,1/10,0.094638203212419961,random_271,0,box,"1,3/4,3/4,1,1/2,3/4,3/4,1/4,1/2,0,1/4,1/2,3/4,1/4,3/4,1/4,1/2,0,0,1/2,0,3/4,1/4,1/2,0,1/4,1/4,0,1/2,1,1",0.3433362066298381,False,False,False
0.48426477416831448,False,False,False,"1,3/4,3/4,1,1/2,3/4,3/4,1/4,1/2,0,1/4,1/2,3/4,1/4,3/4,1/4,1/2,0,0,1/2,0,3/4,1/4,1/2,0,1/4,1/4,0,1/2,1,1",36435192066605863268106372506621768/105518205330969409711361286993278375,0.57466430482054942,False,False,False,"999/1000,749/1000,749/1000,999/1000,499/1000,749/1000,749/1000,249/1000,499/1000,-1/1000,249/1000,499/1000,749/1000,249/1000,749/1000,249/1000,499/1000,-1/1000,-1/1000,499/1000,-1/1000,749/1000,249/1000,499/1000,-1/1000,249/1000,249/1000,-1/1000,499/1000,999/1000,999/1000",True,1.3877787807814457e-17,2,32,0.41049324328917197,False,False,False,52741626202251872421764642677179/124000000000000000000000000000000,False,1/10,0.094574093382088179,random_271,1/1000,box,"1,751/1000,751/1000,1,501/1000,751/1000,751/1000,251/1000,501/1000,1/1000,251/1000,501/1000,751/1000,251/1000,751/1000,251/1000,501/1000,1/1000,1/1000,501/1000,1/1000,751/1000,251/1000,501/1000,1/1000,251/1000,251/1000,1/1000,501/1000,1,1",0.34529768538351169,False,False,False
0.48855033316659296,False,False,False,"1,3/4,3/4,1,1/2,3/4,3/4,1/4,1/2,0,1/4,1/2,3/4,1/4,3/4,1/4,1/2,0,0,1/2,0,3/4,1/4,1/2,0,1/4,1/4,0,1/2,1,1",7384497884231784500643141723027368/20905241066193881942272257398655675,0.57866430482054942,False,False,False,"199/200,149/200,149/200,199/200,99/200,149/200,149/200,49/200,99/200,-1/200,49/200,99/200,149/200,49/200,149/200,49/200,99/200,-1/200,-1/200,99/200,-1/200,149/200,49/200,99/200,-1/200,49/200,49/200,-1/200,99/200,199/200,199/200",True,2.7755575615628914e-17,2,32,0.41441394209296273,False,False,False,52245626202251872421764642677179/124000000000000000000000000000000,False,1/10,0.094329492760836797,random_271,1/200,box,"1,151/200,151/200,1,101/200,151/200,151/200,51/200,101/200,1/200,51/200,101/200,151/200,51/200,151/200,51/200,101/200,1/200,1/200,101/200,1/200,151/200,51/200,101/200,1/200,51/200,51/200,1/200,101/200,1,1",0.3532366769103345,False,False,False
0.49392412863360979,False,False,False,"1,3/4,3/4,1,1/2,3/4,3/4,1/4,1/2,0,1/4,1/2,3/4,1/4,3/4,1/4,1/2,0,0,1/2,0,3/4,1/4,1/2,0,1/4,1/4,0,1/2,1,1",7506322222870049309420475750156136/20657241066193881942272257398655675,0.58366430482054943,False,False,False,"99/100,37/50,37/50,99/100,49/100,37/50,37/50,6/25,49/100,-1/100,6/25,49/100,37/50,6/25,37/50,6/25,49/100,-1/100,-1/100,49/100,-1/100,37/50,6/25,49/100,-1/100,6/25,6/25,-1/100,49/100,99/100,99/100",True,1.3877787807814457e-17,2,32,0.41934557373990977,False,False,False,51625626202251872421764642677179/124000000000000000000000000000000,False,1/10,0.094051018640945491,random_271,1/100,box,"1,19/25,19/25,1,51/100,19/25,19/25,13/50,51/100,1/100,13/50,51/100,19/25,13/50,19/25,13/50,51/100,1/100,1/100,51/100,1/100,19/25,13/50,51/100,1/100,13/50,13/50,1/100,51/100,1,1",0.36337486689615794,False,False,False
0.50472764954576155,False,False,False,"1,3/4,3/4,1,1/2,3/4,3/4,1/4,1/2,0,1/4,1/2,3/4,1/4,3/4,1/4,1/2,0,0,1/2,0,3/4,1/4,1/2,0,1/4,1/4,0,1/2,1,1",7749970900146578926975143804413672/20161241066193881942272257398655675,0.59366430482054944,False,False,False,"49/50,73/100,73/100,49/50,12/25,73/100,73/100,23/100,12/25,-1/50,23/100,12/25,73/100,23/100,73/100,23/100,12/25,-1/50,-1/50,12/25,-1/50,73/100,23/100,12/25,-1/50,23/100,23/100,-1/50,12/25,49/50,49/50",True,0,2,32,0.42931273214161986,False,False,False,50385626202251872421764642677179/124000000000000000000000000000000,False,1/10,0.093589242579969228,random_271,1/50,box,"1,77/100,77/100,1,13/25,77/100,77/100,27/100,13/25,1/50,27/100,13/25,77/100,27/100,77/100,27/100,13/25,1/50,1/50,13/25,1/50,77/100,27/100,13/25,1/50,27/100,27/100,1/50,13/25,1,1",0.38439949578013,False,False,False
0.53758123192685658,False,False,False,"1,3/4,3/4,1,1/2,3/4,3/4,1/4,1/2,0,1/4,1/2,3/4,1/4,3/4,1/4,1/2,0,0,1/2,0,3/4,1/4,1/2,0,1/4,1/4,0,1/2,1,1",744587226892371183821990861374136/1760306016681066459281952652662939,0.62366430482054946,False,False,False,"19/20,7/10,7/10,19/20,9/20,7/10,7/10,1/5,9/20,-1/20,1/5,9/20,7/10,1/5,7/10,1/5,9/20,-1/20,-1/20,9/20,-1/20,7/10,1/5,9/20,-1/20,1/5,1/5,-1/20,9/20,19/20,19/20",True,1.3877787807814457e-17,2,32,0.46007219865457927,False,False,False,46665626202251872421764642677179/124000000000000000000000000000000,False,1/10,0.08762179050716698,random_271,1/20,box,"1,4/5,4/5,1,11/20,4/5,4/5,3/10,11/20,1/20,3/10,11/20,4/5,3/10,4/5,3/10,11/20,1/20,1/20,11/20,1/20,4/5,3/10,11/20,1/20,3/10,3/10,1/20,11/20,1,1",0.42298737823792604,False,False,False
0.59363014179202356,False,False,False,"1,3/4,3/4,1,1/2,3/4,3/4,1/4,1/2,0,1/4,1/2,3/4,1/4,3/4,1/4,1/2,0,0,1/2,0,3/4,1/4,1/2,0,1/4,1/4,0,1/2,1,1",818651371698509886872701031143561/1661106016681066459281952652662939,0.6736643048205494,False,False,False,"9/10,13/20,13/20,9/10,2/5,13/20,13/20,3/20,2/5,-1/10,3/20,2/5,13/20,3/20,13/20,3/20,2/5,-1/10,-1/10,2/5,-1/10,13/20,3/20,2/5,-1/10,3/20,3/20,-1/10,2/5,9/10,9/10",True,1.3877787807814457e-17,2,32,0.51438945994291985,False,False,False,40465626202251872421764642677179/124000000000000000000000000000000,False,1/10,0.077962733477743087,random_271,1/10,box,"1,17/20,17/20,1,3/5,17/20,17/20,7/20,3/5,1/10,7/20,3/5,17/20,7/20,17/20,7/20,3/5,1/10,1/10,3/5,1/10,17/20,7/20,3/5,1/10,7/20,7/20,1/10,3/5,1,1",0.49283511315803724,False,False,False
0.4329267887394776,False,False,False,"0,3/4,1/2,3/4,1/4,0,0,1,3/4,1/2,0,0,1/2,0,1,1/2,1,1/2,3/4,3/4,0,1/2,1/4,1/4,1/2,1,0,1/2,1/2,1,1/2",226706697049299605643367875234241/849214844349470940067596767050734,0.52583525847169998,False,False,False,"0,3/4,1/2,3/4,1/4,0,0,1,3/4,1/2,0,0,1/2,0,1,1/2,1,1/2,3/4,3/4,0,1/2,1/4,1/4,1/2,1,0,1/2,1/2,1,1/2",False,0,2,32,0.34358748860679977,False,False,False,29398213974754601965732875644029/62000000000000000000000000000000,False,1/10,0.10470313234293914,random_811,0,box,"0,3/4,1/2,3/4,1/4,0,0,1,3/4,1/2,0,0,1/2,0,1,1/2,1,1/2,3/4,3/4,0,1/2,1/4,1/4,1/2,1,0,1/2,1/2,1,1/2",0.26696035586020056,False,False,False
0.43395987880035797,False,False,False,"0,3/4,1/2,3/4,1/4,0,0,1,3/4,1/2,0,0,1/2,0,1,1/2,1,1/2,3/4,3/4,0,1/2,1/4,1/4,1/2,1,0,1/2,1/2,1,1/2",1749282503596322145953743915281759/6524791110380545692827667438851800,0.52683525847169999,False,False,False,"-1/1000,749/1000,499/1000,749/1000,249/1000,-1/1000,-1/1000,999/1000,749/1000,499/1000,-1/1000,-1/1000,499/1000,-1/1000,999/1000,499/1000,999/1000,499/1000,749/1000,749/1000,-1/1000,499/1000,249/1000,249/1000,499/1000,999/1000,-1/1000,499/1000,499/1000,999/1000,499/1000",True,1.3877787807814457e-17,2,32,0.34451813406364012,False,False,False,29336213974754601965732875644029/62000000000000000000000000000000,False,1/10,0.10450004054548184,random_811,1/1000,box,"1/1000,751/1000,501/1000,751/1000,251/1000,1/1000,1/1000,1,751/1000,501/1000,1/1000,1/1000,501/1000,1/1000,1,501/1000,1,501/1000,751/1000,751/1000,1/1000,501/1000,251/1000,251/1000,501/1000,1,1/1000,501/1000,501/1000,1,501/1000",0.26809785539545017,False,False,False
0.43809994827763155,False,False,False,"0,3/4,1/2,3/4,1/4,0,0,1,3/4,1/2,0,0,1/2,0,1,1/2,1,1/2,3/4,3/4,0,1/2,1/4,1/4,1/2,1,0,1/2,1/2,1,1/2",4604136782808219445929240879923587/16885096886989418801351935341014680,0.53083525847169999,False,False,False,"-1/200,149/200,99/200,149/200,49/200,-1/200,-1/200,199/200,149/200,99/200,-1/200,-1/200,99/200,-1/200,199/200,99/200,199/200,99/200,149/200,149/200,-1/200,99/200,49/200,49/200,99/200,199/200,-1/200,99/200,99/200,199/200,99/200",True,2.7755575615628914e-17,2,32,0.34825364407446191,False,False,False,29088213974754601965732875644029/62000000000000000000000000000000,False,1/10,0.10368964028270544,random_811,1/200,box,"1/200,151/200,101/200,151/200,51/200,1/200,1/200,1,151/200,101/200,1/200,1/200,101/200,1/200,1,101/200,1,101/200,151/200,151/200,1/200,101/200,51/200,51/200,101/200,1,1/200,101/200,101/200,1,101/200",0.27267458479056017,False,False,False
0.44329235107125031,False,False,False,"0,3/4,1/2,3/4,1/4,0,0,1,3/4,1/2,0,0,1/2,0,1,1/2,1,1/2,3/4,3/4,0,1/2,1/4,1/4,1/2,1,0,1/2,1/2,1,1/2",2337069812315223389495562127581177/8392948443494709400675967670507340,0.53583525847169999,False,False,False,"-1/100,37/50,49/100,37/50,6/25,-1/100,-1/100,99/100,37/50,49/100,-1/100,-1/100,49/100,-1/100,99/100,49/100,99/100,49/100,37/50,37/50,-1/100,49/100,6/25,6/25,49/100,99/100,-1/100,49/100,49/100,99/100,49/100",True,2.7755575615628914e-17,2,32,0.35295232274764698,False,False,False,28778213974754601965732875644029/62000000000000000000000000000000,False,1/10,0.10268111784807674,random_811,1/100,box,"1/100,19/25,51/100,19/25,13/50,1/100,1/100,1,19/25,51/100,1/100,1/100,51/100,1/100,1,51/100,1,51/100,19/25,19/25,1/100,51/100,13/50,13/50,51/100,1,1/100,51/100,51/100,1,51/100",0.27845635274057506,False,False,False
0.45373468381292176,False,False,False,"0,3/4,1/2,3/4,1/4,0,0,1,3/4,1/2,0,0,1/2,0,1,1/2,1,1/2,3/4,3/4,0,1/2,1/4,1/4,1/2,1,0,1/2,1/2,1,1/2",601768163534362680639361375704986/2073437110873677350168991917626835,0.5458352584717,False,False,False,"-1/50,73/100,12/25,73/100,23/100,-1/50,-1/50,49/50,73/100,12/25,-1/50,-1/50,12/25,-1/50,49/50,12/25,49/50,12/25,73/100,73/100,-1/50,12/25,23/100,23/100,12/25,49/50,-1/50,12/25,12/25,49/50,12/25",True,1.3877787807814457e-17,2,32,0.36244861938194245,False,False,False,28158213974754601965732875644029/62000000000000000000000000000000,False,1/10,0.10067933850030225,random_811,1/50,box,"1/50,77/100,13/25,77/100,27/100,1/50,1/50,1,77/100,13/25,1/50,1/50,13/25,1/50,1,13/25,1,13/25,77/100,77/100,1/50,13/25,27/100,27/100,13/25,1,1/50,13/25,13/25,1,13/25",0.29022735263033739,False,False,False
0.48551807970500765,False,False,False,"0,3/4,1/2,3/4,1/4,0,0,1,3/4,1/2,0,0,1/2,0,1,1/2,1,1/2,3/4,3/4,0,1/2,1/4,1/4,1/2,1,0,1/2,1/2,1,1/2",523416235920826544348619125707249/1599229688698941880135193534101468,0.57583525847169992,False,False,False,"-1/20,7/10,9/20,7/10,1/5,-1/20,-1/20,19/20,7/10,9/20,-1/20,-1/20,9/20,-1/20,19/20,9/20,19/20,9/20,7/10,7/10,-1/20,9/20,1/5,1/5,9/20,19/20,-1/20,9/20,9/20,19/20,9/20",True,4.163336342344337e-17,2,32,0.39175456151168714,False,False,False,26298213974754601965732875644029/62000000000000000000000000000000,False,1/10,0.094802942440029833,random_811,1/20,box,"1/20,4/5,11/20,4/5,3/10,1/20,1/20,1,4/5,11/20,1/20,1/20,11/20,1/20,1,11/20,1,11/20,4/5,4/5,1/20,11/20,3/10,3/10,11/20,1,1/20,11/20,11/20,1,11/20",0.32729272075148469,False,False,False
0.53998422149060954,False,False,False,"0,3/4,1/2,3/4,1/4,0,0,1,3/4,1/2,0,0,1/2,0,1,1/2,1,1/2,3/4,3/4,0,1/2,1/4,1/4,1/2,1,0,1/2,1/2,1,1/2",148354769435763469352625625236504/375007422174735470033798383525367,0.62583525847169996,False,False,False,"-1/10,13/20,2/5,13/20,3/20,-1/10,-1/10,9/10,13/20,2/5,-1/10,-1/10,2/5,-1/10,9/10,2/5,9/10,2/5,13/20,13/20,-1/10,2/5,3/20,3/20,2/5,9/10,-1/10,2/5,2/5,9/10,2/5",True,1.3877787807814457e-17,2,32,0.44350358647492255,False,False,False,23198213974754601965732875644029/62000000000000000000000000000000,False,1/10,0.085489918782642629,random_811,1/10,box,"1/10,17/20,3/5,17/20,7/20,1/10,1/10,1,17/20,3/5,1/10,1/10,3/5,1/10,1,3/5,1,3/5,17/20,17/20,1/10,3/5,7/20,7/20,3/5,1,1/10,3/5,3/5,1,3/5",0.39560488849907954,False,False,False
0.40083220757316923,False,False,False,"0,1,1/4,0,3/4,0,1/2,1/4,1,1/2,1/2,1/2,1,3/4,1,1,1,1/2,1/4,1/4,0,1/4,0,1/2,1,0,1/4,3/4,1/2,0,1",0,0.49458238191966314,False,False,False,"0,1,1/4,0,3/4,0,1/2,1/4,1,1/2,1/2,1/2,1,3/4,1,1,1,1/2,1/4,1/4,0,1/4,0,1/2,1,0,1/4,3/4,1/2,0,1",False,2.0816681711721685e-17,2,32,0.33584461616352618,False,False,False,7833973080245221363487692296503/15500000000000000000000000000000,False,1/10,0.062460551486037436,random_1619,0,box,"0,1,1/4,0,3/4,0,1/2,1/4,1,1/2,1/2,1/2,1,3/4,1,1,1,1/2,1/4,1/4,0,1/4,0,1/2,1,0,1/4,3/4,1/2,0,1",0,True,True,True
0.4018491195517131,False,False,False,"0,1,1/4,0,3/4,0,1/2,1/4,1,1/2,1/2,1/2,1,3/4,1,1,1,1/2,1/4,1/4,0,1/4,0,1/2,1,0,1/4,3/4,1/2,0,1",64069002549847402438803239183063/9342548087090735513169097800235250,0.49558238191966314,False,False,False,"-1/1000,999/1000,249/1000,-1/1000,749/1000,-1/1000,499/1000,249/1000,999/1000,499/1000,499/1000,499/1000,999/1000,749/1000,999/1000,999/1000,999/1000,499/1000,249/1000,249/1000,-1/1000,249/1000,-1/1000,499/1000,999/1000,-1/1000,249/1000,749/1000,499/1000,-1/1000,999/1000",True,1.3877787807814457e-17,2,32,0.336722891547446,False,False,False,7818473080245221363487692296503/15500000000000000000000000000000,False,1/10,0.063389372173870154,random_1619,1/1000,box,"1/1000,1,251/1000,1/1000,751/1000,1/1000,501/1000,251/1000,1,501/1000,501/1000,501/1000,1,751/1000,1,1,1,501/1000,251/1000,251/1000,1/1000,251/1000,1/1000,501/1000,1,1/1000,251/1000,751/1000,501/1000,1/1000,1",0.0068577653497310983,True,True,True
0.40592461533111168,False,False,False,"0,1,1/4,0,3/4,0,1/2,1/4,1,1/2,1/2,1/2,1,3/4,1,1,1,1/2,1/4,1/4,0,1/4,0,1/2,1,0,1/4,3/4,1/2,0,1",64069002549847402438803239183063/1670109617418147102633819560047050,0.49958238191966314,False,False,False,"-1/200,199/200,49/200,-1/200,149/200,-1/200,99/200,49/200,199/200,99/200,99/200,99/200,199/200,149/200,199/200,199/200,199/200,99/200,49/200,49/200,-1/200,49/200,-1/200,99/200,199/200,-1/200,49/200,149/200,99/200,-1/200,199/200",True,1.3877787807814457e-17,2,32,0.34024757229808084,False,False,False,7756473080245221363487692296503/15500000000000000000000000000000,False,1/10,0.067859908118105272,random_1619,1/200,box,"1/200,1,51/200,1/200,151/200,1/200,101/200,51/200,1,101/200,101/200,101/200,1,151/200,1,1,1,101/200,51/200,51/200,1/200,51/200,1/200,101/200,1,1/200,51/200,151/200,101/200,1/200,1",0.038362154125483598,True,False,True
0.41103659935147724,False,False,False,"0,1,1/4,0,3/4,0,1/2,1/4,1,1/2,1/2,1/2,1,3/4,1,1,1,1/2,1/4,1/4,0,1/4,0,1/2,1,0,1/4,3/4,1/2,0,1",64069002549847402438803239183063/711054808709073551316909780023525,0.50458238191966309,False,False,False,"-1/100,99/100,6/25,-1/100,37/50,-1/100,49/100,6/25,99/100,49/100,49/100,49/100,99/100,37/50,99/100,99/100,99/100,49/100,6/25,6/25,-1/100,6/25,-1/100,49/100,99/100,-1/100,6/25,37/50,49/100,-1/100,99/100",True,3.4694469519536142e-18,2,32,0.34467964878135948,False,False,False,7678973080245221363487692296503/15500000000000000000000000000000,False,1/10,0.075740082398199043,random_1619,1/100,box,"1/100,1,13/50,1/100,19/25,1/100,51/100,13/50,1,51/100,51/100,51/100,1,19/25,1,1,1,51/100,13/50,13/50,1/100,13/50,1/100,51/100,1,1/100,13/50,19/25,51/100,1/100,1",0.090104168856076305,True,False,False
0.42131900284373225,False,False,False,"0,1,1/4,0,3/4,0,1/2,1/4,1,1/2,1/2,1/2,1,3/4,1,1,1,1/2,1/4,1/4,0,1/4,0,1/2,1,0,1/4,3/4,1/2,0,1",1507817725722078985318742023812617/10196788991660290625326627464346050,0.5145823819196631,False,False,False,"-1/50,49/50,23/100,-1/50,73/100,-1/50,12/25,23/100,49/50,12/25,12/25,12/25,49/50,73/100,49/50,49/50,49/50,12/25,23/100,23/100,-1/50,23/100,-1/50,12/25,49/50,-1/50,23/100,73/100,12/25,-1/50,49/50",True,2.7755575615628914e-17,2,32,0.35363232606781619,False,False,False,7523973080245221363487692296503/15500000000000000000000000000000,False,1/10,0.082723227652533149,random_1619,1/50,box,"1/50,1,27/100,1/50,77/100,1/50,13/25,27/100,1,13/25,13/25,13/25,1,77/100,1,1,1,13/25,27/100,27/100,1/50,27/100,1/50,13/25,1,1/50,27/100,77/100,13/25,1/50,1",0.14787181797674612,False,False,False
0.45242219582856935,False,False,False,"0,1,1/4,0,3/4,0,1/2,1/4,1,1/2,1/2,1/2,1,3/4,1,1,1,1/2,1/4,1/4,0,1/4,0,1/2,1,0,1/4,3/4,1/2,0,1",5489978193607555548086361020204/23537267545027812500882776930665,0.54458238191966313,False,False,False,"-1/20,19/20,1/5,-1/20,7/10,-1/20,9/20,1/5,19/20,9/20,9/20,9/20,19/20,7/10,19/20,19/20,19/20,9/20,1/5,1/5,-1/20,1/5,-1/20,9/20,19/20,-1/20,1/5,7/10,9/20,-1/20,19/20",True,2.7755575615628914e-17,2,32,0.38122020266094619,False,False,False,7058973080245221363487692296503/15500000000000000000000000000000,False,1/10,0.086627445713522044,random_1619,1/20,box,"1/20,1,3/10,1/20,4/5,1/20,11/20,3/10,1,11/20,11/20,11/20,1,4/5,1,1,1,11/20,3/10,3/10,1/20,3/10,1/20,11/20,1,1/20,3/10,4/5,11/20,1/20,1",0.23324619916500458,False,False,False
0.50572322072399079,False,False,False,"0,1,1/4,0,3/4,0,1/2,1/4,1,1/2,1/2,1/2,1,3/4,1,1,1,1/2,1/4,1/4,0,1/4,0,1/2,1,0,1/4,3/4,1/2,0,1",1893583316897294293151705582057657/5621869560330156992072806655119010,0.59458238191966317,False,False,False,"-1/10,9/10,3/20,-1/10,13/20,-1/10,2/5,3/20,9/10,2/5,2/5,2/5,9/10,13/20,9/10,9/10,9/10,2/5,3/20,3/20,-1/10,3/20,-1/10,2/5,9/10,-1/10,3/20,13/20,2/5,-1/10,9/10",True,2.7755575615628914e-17,2,32,0.42978678995366243,False,False,False,6283973080245221363487692296503/15500000000000000000000000000000,False,1/10,0.084830516717372184,random_1619,1/10,box,"1/10,1,7/20,1/10,17/20,1/10,3/5,7/20,1,3/5,3/5,3/5,1,17/20,1,1,1,3/5,7/20,7/20,1/10,7/20,1/10,3/5,1,1/10,7/20,17/20,3/5,1/10,1",0.33682448455564828,False,False,False
1,False,False,False,"0,0,0,0,0,0,0,0,0,0,0,0,0,0,0,0,0,0,0,0,0,0,0,0,0,0,0,0,0,0,0",1,1,False,False,False,"0,0,0,0,0,0,0,0,0,0,0,0,0,0,0,0,0,0,0,0,0,0,0,0,0,0,0,0,0,0,0",True,5.5511151231257827e-17,1,32,1,False,False,False,0,True,1/2,,constant_0,0,box,"0,0,0,0,0,0,0,0,0,0,0,0,0,0,0,0,0,0,0,0,0,0,0,0,0,0,0,0,0,0,0",1,False,False,False
1,False,False,False,"0,0,0,0,0,0,0,0,0,0,0,0,0,0,0,0,0,0,0,0,0,0,0,0,0,0,0,0,0,0,0",1,1,False,False,False,"-1/1000,-1/1000,-1/1000,-1/1000,-1/1000,-1/1000,-1/1000,-1/1000,-1/1000,-1/1000,-1/1000,-1/1000,-1/1000,-1/1000,-1/1000,-1/1000,-1/1000,-1/1000,-1/1000,-1/1000,-1/1000,-1/1000,-1/1000,-1/1000,-1/1000,-1/1000,-1/1000,-1/1000,-1/1000,-1/1000,-1/1000",True,4.3368086899420177e-19,1,32,1,False,False,False,-1/1000,True,1/2,,constant_0,1/1000,box,"1/1000,1/1000,1/1000,1/1000,1/1000,1/1000,1/1000,1/1000,1/1000,1/1000,1/1000,1/1000,1/1000,1/1000,1/1000,1/1000,1/1000,1/1000,1/1000,1/1000,1/1000,1/1000,1/1000,1/1000,1/1000,1/1000,1/1000,1/1000,1/1000,1/1000,1/1000",1,False,False,False
1,False,False,False,"0,0,0,0,0,0,0,0,0,0,0,0,0,0,0,0,0,0,0,0,0,0,0,0,0,0,0,0,0,0,0",1,1,False,False,False,"-1/200,-1/200,-1/200,-1/200,-1/200,-1/200,-1/200,-1/200,-1/200,-1/200,-1/200,-1/200,-1/200,-1/200,-1/200,-1/200,-1/200,-1/200,-1/200,-1/200,-1/200,-1/200,-1/200,-1/200,-1/200,-1/200,-1/200,-1/200,-1/200,-1/200,-1/200",True,5.3342746886286818e-17,1,32,1,False,False,False,-1/200,True,1/2,,constant_0,1/200,box,"1/200,1/200,1/200,1/200,1/200,1/200,1/200,1/200,1/200,1/200,1/200,1/200,1/200,1/200,1/200,1/200,1/200,1/200,1/200,1/200,1/200,1/200,1/200,1/200,1/200,1/200,1/200,1/200,1/200,1/200,1/200",1,False,False,False
1,False,False,False,"0,0,0,0,0,0,0,0,0,0,0,0,0,0,0,0,0,0,0,0,0,0,0,0,0,0,0,0,0,0,0",1,1,False,False,False,"-1/100,-1/100,-1/100,-1/100,-1/100,-1/100,-1/100,-1/100,-1/100,-1/100,-1/100,-1/100,-1/100,-1/100,-1/100,-1/100,-1/100,-1/100,-1/100,-1/100,-1/100,-1/100,-1/100,-1/100,-1/100,-1/100,-1/100,-1/100,-1/100,-1/100,-1/100",True,4.3368086899420177e-18,1,32,1,False,False,False,-1/100,True,1/2,,constant_0,1/100,box,"1/100,1/100,1/100,1/100,1/100,1/100,1/100,1/100,1/100,1/100,1/100,1/100,1/100,1/100,1/100,1/100,1/100,1/100,1/100,1/100,1/100,1/100,1/100,1/100,1/100,1/100,1/100,1/100,1/100,1/100,1/100",1,False,False,False
1,False,False,False,"0,0,0,0,0,0,0,0,0,0,0,0,0,0,0,0,0,0,0,0,0,0,0,0,0,0,0,0,0,0,0",1,1,False,False,False,"-1/50,-1/50,-1/50,-1/50,-1/50,-1/50,-1/50,-1/50,-1/50,-1/50,-1/50,-1/50,-1/50,-1/50,-1/50,-1/50,-1/50,-1/50,-1/50,-1/50,-1/50,-1/50,-1/50,-1/50,-1/50,-1/50,-1/50,-1/50,-1/50,-1/50,-1/50",True,8.6736173798840355e-18,1,32,1,False,False,False,-1/50,True,1/2,,constant_0,1/50,box,"1/50,1/50,1/50,1/50,1/50,1/50,1/50,1/50,1/50,1/50,1/50,1/50,1/50,1/50,1/50,1/50,1/50,1/50,1/50,1/50,1/50,1/50,1/50,1/50,1/50,1/50,1/50,1/50,1/50,1/50,1/50",1,False,False,False
1,False,False,False,"0,0,0,0,0,0,0,0,0,0,0,0,0,0,0,0,0,0,0,0,0,0,0,0,0,0,0,0,0,0,0",1,1,False,False,False,"-1/20,-1/20,-1/20,-1/20,-1/20,-1/20,-1/20,-1/20,-1/20,-1/20,-1/20,-1/20,-1/20,-1/20,-1/20,-1/20,-1/20,-1/20,-1/20,-1/20,-1/20,-1/20,-1/20,-1/20,-1/20,-1/20,-1/20,-1/20,-1/20,-1/20,-1/20",True,2.0816681711721685e-17,1,32,1,False,False,False,-1/20,True,1/2,,constant_0,1/20,box,"1/20,1/20,1/20,1/20,1/20,1/20,1/20,1/20,1/20,1/20,1/20,1/20,1/20,1/20,1/20,1/20,1/20,1/20,1/20,1/20,1/20,1/20,1/20,1/20,1/20,1/20,1/20,1/20,1/20,1/20,1/20",1,False,False,False
1,False,False,False,"0,0,0,0,0,0,0,0,0,0,0,0,0,0,0,0,0,0,0,0,0,0,0,0,0,0,0,0,0,0,0",1,1,False,False,False,"-1/10,-1/10,-1/10,-1/10,-1/10,-1/10,-1/10,-1/10,-1/10,-1/10,-1/10,-1/10,-1/10,-1/10,-1/10,-1/10,-1/10,-1/10,-1/10,-1/10,-1/10,-1/10,-1/10,-1/10,-1/10,-1/10,-1/10,-1/10,-1/10,-1/10,-1/10",True,1.3877787807814457e-17,1,32,1,False,False,False,-1/10,True,1/2,,constant_0,1/10,box,"1/10,1/10,1/10,1/10,1/10,1/10,1/10,1/10,1/10,1/10,1/10,1/10,1/10,1/10,1/10,1/10,1/10,1/10,1/10,1/10,1/10,1/10,1/10,1/10,1/10,1/10,1/10,1/10,1/10,1/10,1/10",1,False,False,False
0.86581768078884136,False,False,False,"1/10,1/10,1/10,1/10,1/10,1/10,1/10,1/10,1/10,1/10,1/10,1/10,1/10,1/10,1/10,1/10,1/10,1/10,1/10,1/10,1/10,1/10,1/10,1/10,1/10,1/10,1/10,1/10,1/10,1/10,1/10",9/11,0.90000000000000002,False,False,False,"1/10,1/10,1/10,1/10,1/10,1/10,1/10,1/10,1/10,1/10,1/10,1/10,1/10,1/10,1/10,1/10,1/10,1/10,1/10,1/10,1/10,1/10,1/10,1/10,1/10,1/10,1/10,1/10,1/10,1/10,1/10",True,3.4694469519536142e-17,2,32,0.81818181818181823,False,False,False,1/10,True,1/2,0.024999999999999967,constant_1/10,0,box,"1/10,1/10,1/10,1/10,1/10,1/10,1/10,1/10,1/10,1/10,1/10,1/10,1/10,1/10,1/10,1/10,1/10,1/10,1/10,1/10,1/10,1/10,1/10,1/10,1/10,1/10,1/10,1/10,1/10,1/10,1/10",0.81818181818181823,False,False,False
0.86712684645521709,False,False,False,"1/10,1/10,1/10,1/10,1/10,1/10,1/10,1/10,1/10,1/10,1/10,1/10,1/10,1/10,1/10,1/10,1/10,1/10,1/10,1/10,1/10,1/10,1/10,1/10,1/10,1/10,1/10,1/10,1/10,1/10,1/10",901/1099,0.90100000000000002,False,False,False,"99/1000,99/1000,99/1000,99/1000,99/1000,99/1000,99/1000,99/1000,99/1000,99/1000,99/1000,99/1000,99/1000,99/1000,99/1000,99/1000,99/1000,99/1000,99/1000,99/1000,99/1000,99/1000,99/1000,99/1000,99/1000,99/1000,99/1000,99/1000,99/1000,99/1000,99/1000",True,2.7755575615628914e-17,2,32,0.81983621474067336,False,False,False,99/1000,True,1/2,0.024749999999999994,constant_1/10,1/1000,box,"101/1000,101/1000,101/1000,101/1000,101/1000,101/1000,101/1000,101/1000,101/1000,101/1000,101/1000,101/1000,101/1000,101/1000,101/1000,101/1000,101/1000,101/1000,101/1000,101/1000,101/1000,101/1000,101/1000,101/1000,101/1000,101/1000,101/1000,101/1000,101/1000,101/1000,101/1000",0.81983621474067336,False,False,False
0.87237028674036388,False,False,False,"1/10,1/10,1/10,1/10,1/10,1/10,1/10,1/10,1/10,1/10,1/10,1/10,1/10,1/10,1/10,1/10,1/10,1/10,1/10,1/10,1/10,1/10,1/10,1/10,1/10,1/10,1/10,1/10,1/10,1/10,1/10",181/219,0.90500000000000003,False,False,False,"19/200,19/200,19/200,19/200,19/200,19/200,19/200,19/200,19/200,19/200,19/200,19/200,19/200,19/200,19/200,19/200,19/200,19/200,19/200,19/200,19/200,19/200,19/200,19/200,19/200,19/200,19/200,19/200,19/200,19/200,19/200",True,3.4694469519536142e-17,2,32,0.82648401826484019,False,False,False,19/200,True,1/2,0.023749999999999966,constant_1/10,1/200,box,"21/200,21/200,21/200,21/200,21/200,21/200,21/200,21/200,21/200,21/200,21/200,21/200,21/200,21/200,21/200,21/200,21/200,21/200,21/200,21/200,21/200,21/200,21/200,21/200,21/200,21/200,21/200,21/200,21/200,21/200,21/200",0.82648401826484019,False,False,False
0.87893979480261719,False,False,False,"1/10,1/10,1/10,1/10,1/10,1/10,1/10,1/10,1/10,1/10,1/10,1/10,1/10,1/10,1/10,1/10,1/10,1/10,1/10,1/10,1/10,1/10,1/10,1/10,1/10,1/10,1/10,1/10,1/10,1/10,1/10",91/109,0.91000000000000003,False,False,False,"9/100,9/100,9/100,9/100,9/100,9/100,9/100,9/100,9/100,9/100,9/100,9/100,9/100,9/100,9/100,9/100,9/100,9/100,9/100,9/100,9/100,9/100,9/100,9/100,9/100,9/100,9/100,9/100,9/100,9/100,9/100",True,2.7755575615628914e-17,2,32,0.83486238532110091,False,False,False,9/100,True,1/2,0.022499999999999992,constant_1/10,1/100,box,"11/100,11/100,11/100,11/100,11/100,11/100,11/100,11/100,11/100,11/100,11/100,11/100,11/100,11/100,11/100,11/100,11/100,11/100,11/100,11/100,11/100,11/100,11/100,11/100,11/100,11/100,11/100,11/100,11/100,11/100,11/100",0.83486238532110091,False,False,False
0.89212327605608721,False,False,False,"1/10,1/10,1/10,1/10,1/10,1/10,1/10,1/10,1/10,1/10,1/10,1/10,1/10,1/10,1/10,1/10,1/10,1/10,1/10,1/10,1/10,1/10,1/10,1/10,1/10,1/10,1/10,1/10,1/10,1/10,1/10",23/27,0.92000000000000004,False,False,False,"2/25,2/25,2/25,2/25,2/25,2/25,2/25,2/25,2/25,2/25,2/25,2/25,2/25,2/25,2/25,2/25,2/25,2/25,2/25,2/25,2/25,2/25,2/25,2/25,2/25,2/25,2/25,2/25,2/25,2/25,2/25",True,2.7755575615628914e-17,2,32,0.85185185185185186,False,False,False,2/25,True,1/2,0.01999999999999999,constant_1/10,1/50,box,"3/25,3/25,3/25,3/25,3/25,3/25,3/25,3/25,3/25,3/25,3/25,3/25,3/25,3/25,3/25,3/25,3/25,3/25,3/25,3/25,3/25,3/25,3/25,3/25,3/25,3/25,3/25,3/25,3/25,3/25,3/25",0.85185185185185186,False,False,False
0.93202771317351041,False,False,False,"1/10,1/10,1/10,1/10,1/10,1/10,1/10,1/10,1/10,1/10,1/10,1/10,1/10,1/10,1/10,1/10,1/10,1/10,1/10,1/10,1/10,1/10,1/10,1/10,1/10,1/10,1/10,1/10,1/10,1/10,1/10",19/21,0.94999999999999996,False,False,False,"1/20,1/20,1/20,1/20,1/20,1/20,1/20,1/20,1/20,1/20,1/20,1/20,1/20,1/20,1/20,1/20,1/20,1/20,1/20,1/20,1/20,1/20,1/20,1/20,1/20,1/20,1/20,1/20,1/20,1/20,1/20",True,2.7755575615628914e-17,2,32,0.90476190476190477,False,False,False,1/20,True,1/2,0.012500000000000011,constant_1/10,1/20,box,"3/20,3/20,3/20,3/20,3/20,3/20,3/20,3/20,3/20,3/20,3/20,3/20,3/20,3/20,3/20,3/20,3/20,3/20,3/20,3/20,3/20,3/20,3/20,3/20,3/20,3/20,3/20,3/20,3/20,3/20,3/20",0.90476190476190477,False,False,False
1,False,False,False,"1/10,1/10,1/10,1/10,1/10,1/10,1/10,1/10,1/10,1/10,1/10,1/10,1/10,1/10,1/10,1/10,1/10,1/10,1/10,1/10,1/10,1/10,1/10,1/10,1/10,1/10,1/10,1/10,1/10,1/10,1/10",1,1,False,False,False,"0,0,0,0,0,0,0,0,0,0,0,0,0,0,0,0,0,0,0,0,0,0,0,0,0,0,0,0,0,0,0",True,5.5511151231257827e-17,1,32,1,False,False,False,0,True,1/2,,constant_1/10,1/10,box,"1/5,1/5,1/5,1/5,1/5,1/5,1/5,1/5,1/5,1/5,1/5,1/5,1/5,1/5,1/5,1/5,1/5,1/5,1/5,1/5,1/5,1/5,1/5,1/5,1/5,1/5,1/5,1/5,1/5,1/5,1/5",1,False,False,False
0.39973924104283498,False,False,False,"1/2,1/2,1/2,1/2,1/2,1/2,1/2,1/2,1/2,1/2,1/2,1/2,1/2,1/2,1/2,1/2,1/2,1/2,1/2,1/2,1/2,1/2,1/2,1/2,1/2,1/2,1/2,1/2,1/2,1/2,1/2",1/3,0.5,False,False,False,"1/2,1/2,1/2,1/2,1/2,1/2,1/2,1/2,1/2,1/2,1/2,1/2,1/2,1/2,1/2,1/2,1/2,1/2,1/2,1/2,1/2,1/2,1/2,1/2,1/2,1/2,1/2,1/2,1/2,1/2,1/2",True,2.7755575615628914e-17,2,32,0.33333333333333331,False,False,False,1/2,True,1/2,0.12499999999999997,constant_1/2,0,box,"1/2,1/2,1/2,1/2,1/2,1/2,1/2,1/2,1/2,1/2,1/2,1/2,1/2,1/2,1/2,1/2,1/2,1/2,1/2,1/2,1/2,1/2,1/2,1/2,1/2,1/2,1/2,1/2,1/2,1/2,1/2",0.33333333333333331,False,False,False
0.4007547144214394,False,False,False,"1/2,1/2,1/2,1/2,1/2,1/2,1/2,1/2,1/2,1/2,1/2,1/2,1/2,1/2,1/2,1/2,1/2,1/2,1/2,1/2,1/2,1/2,1/2,1/2,1/2,1/2,1/2,1/2,1/2,1/2,1/2",501/1499,0.501,False,False,False,"499/1000,499/1000,499/1000,499/1000,499/1000,499/1000,499/1000,499/1000,499/1000,499/1000,499/1000,499/1000,499/1000,499/1000,499/1000,499/1000,499/1000,499/1000,499/1000,499/1000,499/1000,499/1000,499/1000,499/1000,499/1000,499/1000,499/1000,499/1000,499/1000,499/1000,499/1000",True,1.3877787807814457e-17,2,32,0.33422281521014008,False,False,False,499/1000,True,1/2,0.12475,constant_1/2,1/1000,box,"501/1000,501/1000,501/1000,501/1000,501/1000,501/1000,501/1000,501/1000,501/1000,501/1000,501/1000,501/1000,501/1000,501/1000,501/1000,501/1000,501/1000,501/1000,501/1000,501/1000,501/1000,501/1000,501/1000,501/1000,501/1000,501/1000,501/1000,501/1000,501/1000,501/1000,501/1000",0.33422281521014008,False,False,False
0.40482503427932459,False,False,False,"1/2,1/2,1/2,1/2,1/2,1/2,1/2,1/2,1/2,1/2,1/2,1/2,1/2,1/2,1/2,1/2,1/2,1/2,1/2,1/2,1/2,1/2,1/2,1/2,1/2,1/2,1/2,1/2,1/2,1/2,1/2",101/299,0.505,False,False,False,"99/200,99/200,99/200,99/200,99/200,99/200,99/200,99/200,99/200,99/200,99/200,99/200,99/200,99/200,99/200,99/200,99/200,99/200,99/200,99/200,99/200,99/200,99/200,99/200,99/200,99/200,99/200,99/200,99/200,99/200,99/200",True,1.3877787807814457e-17,2,32,0.33779264214046822,False,False,False,99/200,True,1/2,0.12375,constant_1/2,1/200,box,"101/200,101/200,101/200,101/200,101/200,101/200,101/200,101/200,101/200,101/200,101/200,101/200,101/200,101/200,101/200,101/200,101/200,101/200,101/200,101/200,101/200,101/200,101/200,101/200,101/200,101/200,101/200,101/200,101/200,101/200,101/200",0.33779264214046822,False,False,False
0.4099318609560712,False,False,False,"1/2,1/2,1/2,1/2,1/2,1/2,1/2,1/2,1/2,1/2,1/2,1/2,1/2,1/2,1/2,1/2,1/2,1/2,1/2,1/2,1/2,1/2,1/2,1/2,1/2,1/2,1/2,1/2,1/2,1/2,1/2",51/149,0.51000000000000001,False,False,False,"49/100,49/100,49/100,49/100,49/100,49/100,49/100,49/100,49/100,49/100,49/100,49/100,49/100,49/100,49/100,49/100,49/100,49/100,49/100,49/100,49/100,49/100,49/100,49/100,49/100,49/100,49/100,49/100,49/100,49/100,49/100",True,2.7755575615628914e-17,2,32,0.34228187919463088,False,False,False,49/100,True,1/2,0.12249999999999997,constant_1/2,1/100,box,"51/100,51/100,51/100,51/100,51/100,51/100,51/100,51/100,51/100,51/100,51/100,51/100,51/100,51/100,51/100,51/100,51/100,51/100,51/100,51/100,51/100,51/100,51/100,51/100,51/100,51/100,51/100,51/100,51/100,51/100,51/100",0.34228187919463088,False,False,False
0.42020839346209893,False,False,False,"1/2,1/2,1/2,1/2,1/2,1/2,1/2,1/2,1/2,1/2,1/2,1/2,1/2,1/2,1/2,1/2,1/2,1/2,1/2,1/2,1/2,1/2,1/2,1/2,1/2,1/2,1/2,1/2,1/2,1/2,1/2",13/37,0.52000000000000002,False,False,False,"12/25,12/25,12/25,12/25,12/25,12/25,12/25,12/25,12/25,12/25,12/25,12/25,12/25,12/25,12/25,12/25,12/25,12/25,12/25,12/25,12/25,12/25,12/25,12/25,12/25,12/25,12/25,12/25,12/25,12/25,12/25",True,1.3877787807814457e-17,2,32,0.35135135135135137,False,False,False,12/25,True,1/2,0.11999999999999998,constant_1/2,1/50,box,"13/25,13/25,13/25,13/25,13/25,13/25,13/25,13/25,13/25,13/25,13/25,13/25,13/25,13/25,13/25,13/25,13/25,13/25,13/25,13/25,13/25,13/25,13/25,13/25,13/25,13/25,13/25,13/25,13/25,13/25,13/25",0.35135135135135137,False,False,False
0.45153681104614418,False,False,False,"1/2,1/2,1/2,1/2,1/2,1/2,1/2,1/2,1/2,1/2,1/2,1/2,1/2,1/2,1/2,1/2,1/2,1/2,1/2,1/2,1/2,1/2,1/2,1/2,1/2,1/2,1/2,1/2,1/2,1/2,1/2",11/29,0.55000000000000004,False,False,False,"9/20,9/20,9/20,9/20,9/20,9/20,9/20,9/20,9/20,9/20,9/20,9/20,9/20,9/20,9/20,9/20,9/20,9/20,9/20,9/20,9/20,9/20,9/20,9/20,9/20,9/20,9/20,9/20,9/20,9/20,9/20",True,1.3877787807814457e-17,2,32,0.37931034482758619,False,False,False,9/20,True,1/2,0.11249999999999999,constant_1/2,1/20,box,"11/20,11/20,11/20,11/20,11/20,11/20,11/20,11/20,11/20,11/20,11/20,11/20,11/20,11/20,11/20,11/20,11/20,11/20,11/20,11/20,11/20,11/20,11/20,11/20,11/20,11/20,11/20,11/20,11/20,11/20,11/20",0.37931034482758619,False,False,False
0.50538273223868013,False,False,False,"1/2,1/2,1/2,1/2,1/2,1/2,1/2,1/2,1/2,1/2,1/2,1/2,1/2,1/2,1/2,1/2,1/2,1/2,1/2,1/2,1/2,1/2,1/2,1/2,1/2,1/2,1/2,1/2,1/2,1/2,1/2",3/7,0.59999999999999998,False,False,False,"2/5,2/5,2/5,2/5,2/5,2/5,2/5,2/5,2/5,2/5,2/5,2/5,2/5,2/5,2/5,2/5,2/5,2/5,2/5,2/5,2/5,2/5,2/5,2/5,2/5,2/5,2/5,2/5,2/5,2/5,2/5",True,1.3877787807814457e-17,2,32,0.42857142857142855,False,False,False,2/5,True,1/2,0.10000000000000001,constant_1/2,1/10,box,"3/5,3/5,3/5,3/5,3/5,3/5,3/5,3/5,3/5,3/5,3/5,3/5,3/5,3/5,3/5,3/5,3/5,3/5,3/5,3/5,3/5,3/5,3/5,3/5,3/5,3/5,3/5,3/5,3/5,3/5,3/5",0.42857142857142855,False,False,False
0.059050909685502057,True,False,False,"9/10,9/10,9/10,9/10,9/10,9/10,9/10,9/10,9/10,9/10,9/10,9/10,9/10,9/10,9/10,9/10,9/10,9/10,9/10,9/10,9/10,9/10,9/10,9/10,9/10,9/10,9/10,9/10,9/10,9/10,9/10",1/19,0.10000000000000001,True,False,False,"9/10,9/10,9/10,9/10,9/10,9/10,9/10,9/10,9/10,9/10,9/10,9/10,9/10,9/10,9/10,9/10,9/10,9/10,9/10,9/10,9/10,9/10,9/10,9/10,9/10,9/10,9/10,9/10,9/10,9/10,9/10",True,8.6736173798840355e-18,2,32,0.052631578947368418,True,False,False,9/10,True,1/2,0.22500000000000001,constant_9/10,0,box,"9/10,9/10,9/10,9/10,9/10,9/10,9/10,9/10,9/10,9/10,9/10,9/10,9/10,9/10,9/10,9/10,9/10,9/10,9/10,9/10,9/10,9/10,9/10,9/10,9/10,9/10,9/10,9/10,9/10,9/10,9/10",0.052631578947368418,True,False,False
0.05971187251056212,True,False,False,"9/10,9/10,9/10,9/10,9/10,9/10,9/10,9/10,9/10,9/10,9/10,9/10,9/10,9/10,9/10,9/10,9/10,9/10,9/10,9/10,9/10,9/10,9/10,9/10,9/10,9/10,9/10,9/10,9/10,9/10,9/10",101/1899,0.10100000000000001,False,False,False,"899/1000,899/1000,899/1000,899/1000,899/1000,899/1000,899/1000,899/1000,899/1000,899/1000,899/1000,899/1000,899/1000,899/1000,899/1000,899/1000,899/1000,899/1000,899/1000,899/1000,899/1000,899/1000,899/1000,899/1000,899/1000,899/1000,899/1000,899/1000,899/1000,899/1000,899/1000",True,2.7755575615628914e-17,2,32,0.053185887309110058,True,False,False,899/1000,True,1/2,0.22475000000000003,constant_9/10,1/1000,box,"901/1000,901/1000,901/1000,901/1000,901/1000,901/1000,901/1000,901/1000,901/1000,901/1000,901/1000,901/1000,901/1000,901/1000,901/1000,901/1000,901/1000,901/1000,901/1000,901/1000,901/1000,901/1000,901/1000,901/1000,901/1000,901/1000,901/1000,901/1000,901/1000,901/1000,901/1000",0.053185887309110058,True,False,False
0.06236975427266183,True,False,False,"9/10,9/10,9/10,9/10,9/10,9/10,9/10,9/10,9/10,9/10,9/10,9/10,9/10,9/10,9/10,9/10,9/10,9/10,9/10,9/10,9/10,9/10,9/10,9/10,9/10,9/10,9/10,9/10,9/10,9/10,9/10",21/379,0.105,False,False,False,"179/200,179/200,179/200,179/200,179/200,179/200,179/200,179/200,179/200,179/200,179/200,179/200,179/200,179/200,179/200,179/200,179/200,179/200,179/200,179/200,179/200,179/200,179/200,179/200,179/200,179/200,179/200,179/200,179/200,179/200,179/200",True,1.7347234759768071e-18,2,32,0.055408970976253295,True,False,False,179/200,True,1/2,0.22375,constant_9/10,1/200,box,"181/200,181/200,181/200,181/200,181/200,181/200,181/200,181/200,181/200,181/200,181/200,181/200,181/200,181/200,181/200,181/200,181/200,181/200,181/200,181/200,181/200,181/200,181/200,181/200,181/200,181/200,181/200,181/200,181/200,181/200,181/200",0.055408970976253295,True,False,False
0.06572365099418552,True,False,False,"9/10,9/10,9/10,9/10,9/10,9/10,9/10,9/10,9/10,9/10,9/10,9/10,9/10,9/10,9/10,9/10,9/10,9/10,9/10,9/10,9/10,9/10,9/10,9/10,9/10,9/10,9/10,9/10,9/10,9/10,9/10",11/189,0.11,False,False,False,"89/100,89/100,89/100,89/100,89/100,89/100,89/100,89/100,89/100,89/100,89/100,89/100,89/100,89/100,89/100,89/100,89/100,89/100,89/100,89/100,89/100,89/100,89/100,89/100,89/100,89/100,89/100,89/100,89/100,89/100,89/100",True,2.7755575615628914e-17,2,32,0.058201058201058198,True,False,False,89/100,True,1/2,0.22249999999999998,constant_9/10,1/100,box,"91/100,91/100,91/100,91/100,91/100,91/100,91/100,91/100,91/100,91/100,91/100,91/100,91/100,91/100,91/100,91/100,91/100,91/100,91/100,91/100,91/100,91/100,91/100,91/100,91/100,91/100,91/100,91/100,91/100,91/100,91/100",0.058201058201058198,True,False,False
0.072536393610213579,True,False,False,"9/10,9/10,9/10,9/10,9/10,9/10,9/10,9/10,9/10,9/10,9/10,9/10,9/10,9/10,9/10,9/10,9/10,9/10,9/10,9/10,9/10,9/10,9/10,9/10,9/10,9/10,9/10,9/10,9/10,9/10,9/10",3/47,0.12,False,False,False,"22/25,22/25,22/25,22/25,22/25,22/25,22/25,22/25,22/25,22/25,22/25,22/25,22/25,22/25,22/25,22/25,22/25,22/25,22/25,22/25,22/25,22/25,22/25,22/25,22/25,22/25,22/25,22/25,22/25,22/25,22/25",True,2.7755575615628914e-17,2,32,0.063829787234042548,True,False,False,22/25,True,1/2,0.21999999999999997,constant_9/10,1/50,box,"23/25,23/25,23/25,23/25,23/25,23/25,23/25,23/25,23/25,23/25,23/25,23/25,23/25,23/25,23/25,23/25,23/25,23/25,23/25,23/25,23/25,23/25,23/25,23/25,23/25,23/25,23/25,23/25,23/25,23/25,23/25",0.063829787234042548,True,False,False
0.093488711188809095,True,False,False,"9/10,9/10,9/10,9/10,9/10,9/10,9/10,9/10,9/10,9/10,9/10,9/10,9/10,9/10,9/10,9/10,9/10,9/10,9/10,9/10,9/10,9/10,9/10,9/10,9/10,9/10,9/10,9/10,9/10,9/10,9/10",3/37,0.14999999999999999,False,False,False,"17/20,17/20,17/20,17/20,17/20,17/20,17/20,17/20,17/20,17/20,17/20,17/20,17/20,17/20,17/20,17/20,17/20,17/20,17/20,17/20,17/20,17/20,17/20,17/20,17/20,17/20,17/20,17/20,17/20,17/20,17/20",True,2.7755575615628914e-17,2,32,0.081081081081081086,True,False,False,17/20,True,1/2,0.21250000000000002,constant_9/10,1/20,box,"19/20,19/20,19/20,19/20,19/20,19/20,19/20,19/20,19/20,19/20,19/20,19/20,19/20,19/20,19/20,19/20,19/20,19/20,19/20,19/20,19/20,19/20,19/20,19/20,19/20,19/20,19/20,19/20,19/20,19/20,19/20",0.081081081081081086,True,False,False
0.1307094190057469,False,False,False,"9/10,9/10,9/10,9/10,9/10,9/10,9/10,9/10,9/10,9/10,9/10,9/10,9/10,9/10,9/10,9/10,9/10,9/10,9/10,9/10,9/10,9/10,9/10,9/10,9/10,9/10,9/10,9/10,9/10,9/10,9/10",1/9,0.20000000000000001,False,False,False,"4/5,4/5,4/5,4/5,4/5,4/5,4/5,4/5,4/5,4/5,4/5,4/5,4/5,4/5,4/5,4/5,4/5,4/5,4/5,4/5,4/5,4/5,4/5,4/5,4/5,4/5,4/5,4/5,4/5,4/5,4/5",True,1.7347234759768071e-17,2,32,0.1111111111111111,False,False,False,4/5,True,1/2,0.20000000000000001,constant_9/10,1/10,box,"1,1,1,1,1,1,1,1,1,1,1,1,1,1,1,1,1,1,1,1,1,1,1,1,1,1,1,1,1,1,1",0.1111111111111111,False,False,False
0,True,True,True,"1,1,1,1,1,1,1,1,1,1,1,1,1,1,1,1,1,1,1,1,1,1,1,1,1,1,1,1,1,1,1",0,0,True,True,True,"1,1,1,1,1,1,1,1,1,1,1,1,1,1,1,1,1,1,1,1,1,1,1,1,1,1,1,1,1,1,1",False,2.7755575615628914e-17,2,32,0,True,True,True,1,False,1/2,0.24999999999999997,constant_1,0,box,"1,1,1,1,1,1,1,1,1,1,1,1,1,1,1,1,1,1,1,1,1,1,1,1,1,1,1,1,1,1,1",0,True,True,True
0.00050187261073494959,True,True,True,"1,1,1,1,1,1,1,1,1,1,1,1,1,1,1,1,1,1,1,1,1,1,1,1,1,1,1,1,1,1,1",1/1999,0.001,True,True,True,"999/1000,999/1000,999/1000,999/1000,999/1000,999/1000,999/1000,999/1000,999/1000,999/1000,999/1000,999/1000,999/1000,999/1000,999/1000,999/1000,999/1000,999/1000,999/1000,999/1000,999/1000,999/1000,999/1000,999/1000,999/1000,999/1000,999/1000,999/1000,999/1000,999/1000,999/1000",True,2.7755575615628914e-17,2,32,0.00050025012506253123,True,True,True,999/1000,False,1/2,0.24975000000000003,constant_1,1/1000,box,"1,1,1,1,1,1,1,1,1,1,1,1,1,1,1,1,1,1,1,1,1,1,1,1,1,1,1,1,1,1,1",0.00050025012506253123,True,True,True
0.0025386509126842636,True,True,True,"1,1,1,1,1,1,1,1,1,1,1,1,1,1,1,1,1,1,1,1,1,1,1,1,1,1,1,1,1,1,1",1/399,0.0050000000000000001,True,True,True,"199/200,199/200,199/200,199/200,199/200,199/200,199/200,199/200,199/200,199/200,199/200,199/200,199/200,199/200,199/200,199/200,199/200,199/200,199/200,199/200,199/200,199/200,199/200,199/200,199/200,199/200,199/200,199/200,199/200,199/200,199/200",True,9.7578195523695399e-19,2,32,0.0025062656641604009,True,True,True,199/200,False,1/2,0.24875,constant_1,1/200,box,"1,1,1,1,1,1,1,1,1,1,1,1,1,1,1,1,1,1,1,1,1,1,1,1,1,1,1,1,1,1,1",0.0025062656641604009,True,True,True
0.0051399264993398797,True,True,True,"1,1,1,1,1,1,1,1,1,1,1,1,1,1,1,1,1,1,1,1,1,1,1,1,1,1,1,1,1,1,1",1/199,0.01,True,True,True,"99/100,99/100,99/100,99/100,99/100,99/100,99/100,99/100,99/100,99/100,99/100,99/100,99/100,99/100,99/100,99/100,99/100,99/100,99/100,99/100,99/100,99/100,99/100,99/100,99/100,99/100,99/100,99/100,99/100,99/100,99/100",True,1.951563910473908e-18,2,32,0.0050251256281407036,True,True,True,99/100,False,1/2,0.2475,constant_1,1/100,box,"1,1,1,1,1,1,1,1,1,1,1,1,1,1,1,1,1,1,1,1,1,1,1,1,1,1,1,1,1,1,1",0.0050251256281407036,True,True,True
0.0105007666545976,True,False,True,"1,1,1,1,1,1,1,1,1,1,1,1,1,1,1,1,1,1,1,1,1,1,1,1,1,1,1,1,1,1,1",1/99,0.02,True,False,True,"49/50,49/50,49/50,49/50,49/50,49/50,49/50,49/50,49/50,49/50,49/50,49/50,49/50,49/50,49/50,49/50,49/50,49/50,49/50,49/50,49/50,49/50,49/50,49/50,49/50,49/50,49/50,49/50,49/50,49/50,49/50",True,2.7755575615628914e-17,2,32,0.010101010101010102,True,False,True,49/50,False,1/2,0.24500000000000002,constant_1,1/50,box,"1,1,1,1,1,1,1,1,1,1,1,1,1,1,1,1,1,1,1,1,1,1,1,1,1,1,1,1,1,1,1",0.010101010101010102,True,False,True
0.027639286786765013,True,False,True,"1,1,1,1,1,1,1,1,1,1,1,1,1,1,1,1,1,1,1,1,1,1,1,1,1,1,1,1,1,1,1",1/39,0.050000000000000003,True,False,True,"19/20,19/20,19/20,19/20,19/20,19/20,19/20,19/20,19/20,19/20,19/20,19/20,19/20,19/20,19/20,19/20,19/20,19/20,19/20,19/20,19/20,19/20,19/20,19/20,19/20,19/20,19/20,19/20,19/20,19/20,19/20",True,1.0408340855860843e-17,2,32,0.02564102564102564,True,False,True,19/20,False,1/2,0.23749999999999999,constant_1,1/20,box,"1,1,1,1,1,1,1,1,1,1,1,1,1,1,1,1,1,1,1,1,1,1,1,1,1,1,1,1,1,1,1",0.02564102564102564,True,False,True
0.059050909685502057,True,False,False,"1,1,1,1,1,1,1,1,1,1,1,1,1,1,1,1,1,1,1,1,1,1,1,1,1,1,1,1,1,1,1",1/19,0.10000000000000001,True,False,False,"9/10,9/10,9/10,9/10,9/10,9/10,9/10,9/10,9/10,9/10,9/10,9/10,9/10,9/10,9/10,9/10,9/10,9/10,9/10,9/10,9/10,9/10,9/10,9/10,9/10,9/10,9/10,9/10,9/10,9/10,9/10",True,8.6736173798840355e-18,2,32,0.052631578947368418,True,False,False,9/10,False,1/2,0.22500000000000001,constant_1,1/10,box,"1,1,1,1,1,1,1,1,1,1,1,1,1,1,1,1,1,1,1,1,1,1,1,1,1,1,1,1,1,1,1",0.052631578947368418,True,False,False
0.17006030709468237,False,False,False,"0,1/30,1/15,1/10,2/15,1/6,1/5,7/30,4/15,3/10,1/3,11/30,2/5,13/30,7/15,1/2,8/15,17/30,3/5,19/30,2/3,7/10,11/15,23/30,4/5,5/6,13/15,9/10,14/15,29/30,1",30064771089/1073741825050,0.25,False,False,False,"0,1/30,1/15,1/10,2/15,1/6,1/5,7/30,4/15,3/10,1/3,11/30,2/5,13/30,7/15,1/2,8/15,17/30,3/5,19/30,2/3,7/10,11/15,23/30,4/5,5/6,13/15,9/10,14/15,29/30,1",False,1.7347234759768071e-18,2,32,0.10000000000000001,True,False,False,3/4,False,1/2,0.17249999999759408,ascending,0,box,"0,1/30,1/15,1/10,2/15,1/6,1/5,7/30,4/15,3/10,1/3,11/30,2/5,13/30,7/15,1/2,8/15,17/30,3/5,19/30,2/3,7/10,11/15,23/30,4/5,5/6,13/15,9/10,14/15,29/30,1",0.027999999988451599,True,False,True
0.17087446746315899,False,False,False,"0,1/30,1/15,1/10,2/15,1/6,1/5,7/30,4/15,3/10,1/3,11/30,2/5,13/30,7/15,1/2,8/15,17/30,3/5,19/30,2/3,7/10,11/15,23/30,4/5,5/6,13/15,9/10,14/15,29/30,1",6386616372657/213150637175888,0.251,False,False,False,"-1/1000,97/3000,197/3000,99/1000,397/3000,497/3000,199/1000,697/3000,797/3000,299/1000,997/3000,1097/3000,399/1000,1297/3000,1397/3000,499/1000,1597/3000,1697/3000,599/1000,1897/3000,1997/3000,699/1000,2197/3000,2297/3000,799/1000,2497/3000,2597/3000,899/1000,2797/3000,2897/3000,999/1000",True,2.7755575615628914e-17,2,32,0.10066039623774264,False,False,False,749/1000,False,1/2,0.17253019716419929,ascending,1/1000,box,"1/1000,103/3000,203/3000,101/1000,403/3000,503/3000,201/1000,703/3000,803/3000,301/1000,1003/3000,1103/3000,401/1000,1303/3000,1403/3000,501/1000,1603/3000,1703/3000,601/1000,1903/3000,2003/3000,701/1000,2203/3000,2303/3000,801/1000,2503/3000,2603/3000,901/1000,2803/3000,2903/3000,1",0.029962924142642282,True,False,True
0.1741416652695866,False,False,False,"0,1/30,1/15,1/10,2/15,1/6,1/5,7/30,4/15,3/10,1/3,11/30,2/5,13/30,7/15,1/2,8/15,17/30,3/5,19/30,2/3,7/10,11/15,23/30,4/5,5/6,13/15,9/10,14/15,29/30,1",1988569870545/54176717830544,0.255,False,False,False,"-1/200,17/600,37/600,19/200,77/600,97/600,39/200,137/600,157/600,59/200,197/600,217/600,79/200,257/600,277/600,99/200,317/600,337/600,119/200,377/600,397/600,139/200,437/600,457/600,159/200,497/600,517/600,179/200,557/600,577/600,199/200",True,2.7755575615628914e-17,2,32,0.10330992978936811,False,False,False,149/200,False,1/2,0.17241565257920785,ascending,1/200,box,"1/200,23/600,43/600,21/200,83/600,103/600,41/200,143/600,163/600,61/200,203/600,223/600,81/200,263/600,283/600,101/200,323/600,343/600,121/200,383/600,403/600,141/200,443/600,463/600,161/200,503/600,523/600,181/200,563/600,583/600,1",0.036705248124571231,True,False,True
0.1782493710313908,False,False,False,"0,1/30,1/15,1/10,2/15,1/6,1/5,7/30,4/15,3/10,1/3,11/30,2/5,13/30,7/15,1/2,8/15,17/30,3/5,19/30,2/3,7/10,11/15,23/30,4/5,5/6,13/15,9/10,14/15,29/30,1",1129576405545/26688926956744,0.26000000000000001,False,False,False,"-1/100,7/300,17/300,9/100,37/300,47/300,19/100,67/300,77/300,29/100,97/300,107/300,39/100,127/300,137/300,49/100,157/300,167/300,59/100,187/300,197/300,69/100,217/300,227/300,79/100,247/300,257/300,89/100,277/300,287/300,99/100",True,1.7347234759768071e-18,2,32,0.10663983903420524,False,False,False,37/50,False,1/2,0.17168121713713194,ascending,1/100,box,"1/100,13/300,23/300,11/100,43/300,53/300,21/100,73/300,83/300,31/100,103/300,113/300,41/100,133/300,143/300,51/100,163/300,173/300,61/100,193/300,203/300,71/100,223/300,233/300,81/100,253/300,263/300,91/100,283/300,293/300,1",0.042323784968041525,True,False,True
0.1865435221377392,False,False,False,"0,1/30,1/15,1/10,2/15,1/6,1/5,7/30,4/15,3/10,1/3,11/30,2/5,13/30,7/15,1/2,8/15,17/30,3/5,19/30,2/3,7/10,11/15,23/30,4/5,5/6,13/15,9/10,14/15,29/30,1",700079673045/12945031519844,0.27000000000000002,False,False,False,"-1/50,1/75,7/150,2/25,17/150,11/75,9/50,16/75,37/150,7/25,47/150,26/75,19/50,31/75,67/150,12/25,77/150,41/75,29/50,46/75,97/150,17/25,107/150,56/75,39/50,61/75,127/150,22/25,137/150,71/75,49/50",True,0,2,32,0.11336032388663968,False,False,False,73/100,False,1/2,0.17029832999872313,ascending,1/50,box,"1/50,4/75,13/150,3/25,23/150,14/75,11/50,19/75,43/150,8/25,53/150,29/75,21/50,34/75,73/150,13/25,83/150,44/75,31/50,49/75,103/150,18/25,113/150,59/75,41/50,64/75,133/150,23/25,143/150,74/75,1",0.054080955459383587,True,False,False
0.21204975178609195,False,False,False,"0,1/30,1/15,1/10,2/15,1/6,1/5,7/30,4/15,3/10,1/3,11/30,2/5,13/30,7/15,1/2,8/15,17/30,3/5,19/30,2/3,7/10,11/15,23/30,4/5,5/6,13/15,9/10,14/15,29/30,1",674309894763/7791071073944,0.29999999999999999,False,False,False,"-1/20,-1/60,1/60,1/20,1/12,7/60,3/20,11/60,13/60,1/4,17/60,19/60,7/20,23/60,5/12,9/20,29/60,31/60,11/20,7/12,37/60,13/20,41/60,43/60,3/4,47/60,49/60,17/20,53/60,11/12,19/20",True,2.7755575615628914e-17,2,32,0.13402061855670103,False,False,False,7/10,False,1/2,0.16540678964719993,ascending,1/20,box,"1/20,1/12,7/60,3/20,11/60,13/60,1/4,17/60,19/60,7/20,23/60,5/12,9/20,29/60,31/60,11/20,7/12,37/60,13/20,41/60,43/60,3/4,47/60,49/60,17/20,53/60,11/12,19/20,59/60,1,1",0.086549062171711197,True,False,False
0.25577104287237989,False,False,False,"0,1/30,1/15,1/10,2/15,1/6,1/5,7/30,4/15,3/10,1/3,11/30,2/5,13/30,7/15,1/2,8/15,17/30,3/5,19/30,2/3,7/10,11/15,23/30,4/5,5/6,13/15,9/10,14/15,29/30,1",1696514776301/12403886219468,0.34999999999999998,False,False,False,"-1/10,-1/15,-1/30,0,1/30,1/15,1/10,2/15,1/6,1/5,7/30,4/15,3/10,1/3,11/30,2/5,13/30,7/15,1/2,8/15,17/30,3/5,19/30,2/3,7/10,11/15,23/30,4/5,5/6,13/15,9/10",True,2.7755575615628914e-17,2,32,0.1702127659574468,False,False,False,13/20,False,1/2,0.15595134832319746,ascending,1/10,box,"1/10,2/15,1/6,1/5,7/30,4/15,3/10,1/3,11/30,2/5,13/30,7/15,1/2,8/15,17/30,3/5,19/30,2/3,7/10,11/15,23/30,4/5,5/6,13/15,9/10,14/15,29/30,1,1,1,1",0.13677284250143365,False,False,False
0.67743116223810051,False,False,False,"1,29/30,14/15,9/10,13/15,5/6,4/5,23/30,11/15,7/10,2/3,19/30,3/5,17/30,8/15,1/2,7/15,13/30,2/5,11/30,1/3,3/10,4/15,7/30,1/5,1/6,2/15,1/10,1/15,1/30,0",5/8,0.75,False,False,False,"1,29/30,14/15,9/10,13/15,5/6,4/5,23/30,11/15,7/10,2/3,19/30,3/5,17/30,8/15,1/2,7/15,13/30,2/5,11/30,1/3,3/10,4/15,7/30,1/5,1/6,2/15,1/10,1/15,1/30,0",False,0,2,32,0.625,False,False,False,1/4,False,1/2,0.0625,descending,0,box,"1,29/30,14/15,9/10,13/15,5/6,4/5,23/30,11/15,7/10,2/3,19/30,3/5,17/30,8/15,1/2,7/15,13/30,2/5,11/30,1/3,3/10,4/15,7/30,1/5,1/6,2/15,1/10,1/15,1/30,0",0.625,False,False,False
0.67863263844957178,False,False,False,"1,29/30,14/15,9/10,13/15,5/6,4/5,23/30,11/15,7/10,2/3,19/30,3/5,17/30,8/15,1/2,7/15,13/30,2/5,11/30,1/3,3/10,4/15,7/30,1/5,1/6,2/15,1/10,1/15,1/30,0",2503/3997,0.751,False,False,False,"999/1000,2897/3000,2797/3000,899/1000,2597/3000,2497/3000,799/1000,2297/3000,2197/3000,699/1000,1997/3000,1897/3000,599/1000,1697/3000,1597/3000,499/1000,1397/3000,1297/3000,399/1000,1097/3000,997/3000,299/1000,797/3000,697/3000,199/1000,497/3000,397/3000,99/1000,197/3000,97/3000,-1/1000",True,5.5511151231257827e-17,2,32,0.62621966474856139,False,False,False,249/1000,False,1/2,0.06225,descending,1/1000,box,"1,2903/3000,2803/3000,901/1000,2603/3000,2503/3000,801/1000,2303/3000,2203/3000,701/1000,2003/3000,1903/3000,601/1000,1703/3000,1603/3000,501/1000,1403/3000,1303/3000,401/1000,1103/3000,1003/3000,301/1000,803/3000,703/3000,201/1000,503/3000,403/3000,101/1000,203/3000,103/3000,1/1000",0.62621966474856139,False,False,False
0.68344607905078936,False,False,False,"1,29/30,14/15,9/10,13/15,5/6,4/5,23/30,11/15,7/10,2/3,19/30,3/5,17/30,8/15,1/2,7/15,13/30,2/5,11/30,1/3,3/10,4/15,7/30,1/5,1/6,2/15,1/10,1/15,1/30,0",503/797,0.755,False,False,False,"199/200,577/600,557/600,179/200,517/600,497/600,159/200,457/600,437/600,139/200,397/600,377/600,119/200,337/600,317/600,99/200,277/600,257/600,79/200,217/600,197/600,59/200,157/600,137/600,39/200,97/600,77/600,19/200,37/600,17/600,-1/200",True,2.7755575615628914e-17,2,32,0.6311166875784191,False,False,False,49/200,False,1/2,0.061250000000000027,descending,1/200,box,"1,583/600,563/600,181/200,523/600,503/600,161/200,463/600,443/600,141/200,403/600,383/600,121/200,343/600,323/600,101/200,283/600,263/600,81/200,223/600,203/600,61/200,163/600,143/600,41/200,103/600,83/600,21/200,43/600,23/600,1/200",0.6311166875784191,False,False,False
0.68947980224720884,False,False,False,"1,29/30,14/15,9/10,13/15,5/6,4/5,23/30,11/15,7/10,2/3,19/30,3/5,17/30,8/15,1/2,7/15,13/30,2/5,11/30,1/3,3/10,4/15,7/30,1/5,1/6,2/15,1/10,1/15,1/30,0",253/397,0.76000000000000001,False,False,False,"99/100,287/300,277/300,89/100,257/300,247/300,79/100,227/300,217/300,69/100,197/300,187/300,59/100,167/300,157/300,49/100,137/300,127/300,39/100,107/300,97/300,29/100,77/300,67/300,19/100,47/300,37/300,9/100,17/300,7/300,-1/100",True,2.7755575615628914e-17,2,32,0.63727959697732994,False,False,False,6/25,False,1/2,0.05999999999999997,descending,1/100,box,"1,293/300,283/300,91/100,263/300,253/300,81/100,233/300,223/300,71/100,203/300,193/300,61/100,173/300,163/300,51/100,143/300,133/300,41/100,113/300,103/300,31/100,83/300,73/300,21/100,53/300,43/300,11/100,23/300,13/300,1/100",0.63727959697732994,False,False,False
0.70160344520239681,False,False,False,"1,29/30,14/15,9/10,13/15,5/6,4/5,23/30,11/15,7/10,2/3,19/30,3/5,17/30,8/15,1/2,7/15,13/30,2/5,11/30,1/3,3/10,4/15,7/30,1/5,1/6,2/15,1/10,1/15,1/30,0",128/197,0.77000000000000002,False,False,False,"49/50,71/75,137/150,22/25,127/150,61/75,39/50,56/75,107/150,17/25,97/150,46/75,29/50,41/75,77/150,12/25,67/150,31/75,19/50,26/75,47/150,7/25,37/150,16/75,9/50,11/75,17/150,2/25,7/150,1/75,-1/50",True,2.7755575615628914e-17,2,32,0.64974619289340096,False,False,False,23/100,False,1/2,0.057499999999999996,descending,1/50,box,"1,74/75,143/150,23/25,133/150,64/75,41/50,59/75,113/150,18/25,103/150,49/75,31/50,44/75,83/150,13/25,73/150,34/75,21/50,29/75,53/150,8/25,43/150,19/75,11/50,14/75,23/150,3/25,13/150,4/75,1/50",0.64974619289340096,False,False,False
0.7384198230817709,False,False,False,"1,29/30,14/15,9/10,13/15,5/6,4/5,23/30,11/15,7/10,2/3,19/30,3/5,17/30,8/15,1/2,7/15,13/30,2/5,11/30,1/3,3/10,4/15,7/30,1/5,1/6,2/15,1/10,1/15,1/30,0",53/77,0.80000000000000004,False,False,False,"19/20,11/12,53/60,17/20,49/60,47/60,3/4,43/60,41/60,13/20,37/60,7/12,11/20,31/60,29/60,9/20,5/12,23/60,7/20,19/60,17/60,1/4,13/60,11/60,3/20,7/60,1/12,1/20,1/60,-1/60,-1/20",True,2.7755575615628914e-17,2,32,0.68831168831168832,False,False,False,1/5,False,1/2,0.049999999999999989,descending,1/20,box,"1,1,59/60,19/20,11/12,53/60,17/20,49/60,47/60,3/4,43/60,41/60,13/20,37/60,7/12,11/20,31/60,29/60,9/20,5/12,23/60,7/20,19/60,17/60,1/4,13/60,11/60,3/20,7/60,1/12,1/20",0.68831168831168832,False,False,False
0.80123642463954947,False,False,False,"1,29/30,14/15,9/10,13/15,5/6,4/5,23/30,11/15,7/10,2/3,19/30,3/5,17/30,8/15,1/2,7/15,13/30,2/5,11/30,1/3,3/10,4/15,7/30,1/5,1/6,2/15,1/10,1/15,1/30,0",28/37,0.84999999999999998,False,False,False,"9/10,13/15,5/6,4/5,23/30,11/15,7/10,2/3,19/30,3/5,17/30,8/15,1/2,7/15,13/30,2/5,11/30,1/3,3/10,4/15,7/30,1/5,1/6,2/15,1/10,1/15,1/30,0,-1/30,-1/15,-1/10",True,6.9388939039072284e-18,2,32,0.7567567567567568,False,False,False,3/20,False,1/2,0.037500000000000006,descending,1/10,box,"1,1,1,1,29/30,14/15,9/10,13/15,5/6,4/5,23/30,11/15,7/10,2/3,19/30,3/5,17/30,8/15,1/2,7/15,13/30,2/5,11/30,1/3,3/10,4/15,7/30,1/5,1/6,2/15,1/10",0.7567567567567568,False,False,False
0.41622045521260531,False,False,False,"0,1,0,1,0,1,0,1,0,1,0,1,0,1,0,1,0,1,0,1,0,1,0,1,0,1,0,1,0,1,0",0,0.5161290322580645,False,False,False,"0,1,0,1,0,1,0,1,0,1,0,1,0,1,0,1,0,1,0,1,0,1,0,1,0,1,0,1,0,1,0",False,6.9388939039072284e-18,2,32,0.35440484196368527,False,False,False,15/31,False,1/2,0.054561491935483875,alternating,0,box,"0,1,0,1,0,1,0,1,0,1,0,1,0,1,0,1,0,1,0,1,0,1,0,1,0,1,0,1,0,1,0",0,True,True,True
0.41724947306043936,False,False,False,"0,1,0,1,0,1,0,1,0,1,0,1,0,1,0,1,0,1,0,1,0,1,0,1,0,1,0,1,0,1,0",465/432008,0.5171290322580645,False,False,False,"-1/1000,999/1000,-1/1000,999/1000,-1/1000,999/1000,-1/1000,999/1000,-1/1000,999/1000,-1/1000,999/1000,-1/1000,999/1000,-1/1000,999/1000,-1/1000,999/1000,-1/1000,999/1000,-1/1000,999/1000,-1/1000,999/1000,-1/1000,999/1000,-1/1000,999/1000,-1/1000,999/1000,-1/1000",True,1.3877787807814457e-17,2,32,0.3553089889152683,False,False,False,14969/31000,False,1/2,0.054388040937469934,alternating,1/1000,box,"1/1000,1,1/1000,1,1/1000,1,1/1000,1,1/1000,1,1/1000,1,1/1000,1,1/1000,1,1/1000,1,1/1000,1,1/1000,1,1/1000,1,1/1000,1,1/1000,1,1/1000,1,1/1000",0.001076368956130442,True,True,True
0.42137389900899153,False,False,False,"0,1,0,1,0,1,0,1,0,1,0,1,0,1,0,1,0,1,0,1,0,1,0,1,0,1,0,1,0,1,0",155/28536,0.52112903225806451,False,False,False,"-1/200,199/200,-1/200,199/200,-1/200,199/200,-1/200,199/200,-1/200,199/200,-1/200,199/200,-1/200,199/200,-1/200,199/200,-1/200,199/200,-1/200,199/200,-1/200,199/200,-1/200,199/200,-1/200,199/200,-1/200,199/200,-1/200,199/200,-1/200",True,2.7755575615628914e-17,2,32,0.35893768049445357,False,False,False,2969/6200,False,1/2,0.053700863036899651,alternating,1/200,box,"1/200,1,1/200,1,1/200,1,1/200,1,1/200,1,1/200,1,1/200,1,1/200,1,1/200,1,1/200,1,1/200,1,1/200,1,1/200,1,1/200,1,1/200,1,1/200",0.0054317353518362772,True,True,True
0.42654819424645424,False,False,False,"0,1,0,1,0,1,0,1,0,1,0,1,0,1,0,1,0,1,0,1,0,1,0,1,0,1,0,1,0,1,0",465/42308,0.52612903225806451,False,False,False,"-1/100,99/100,-1/100,99/100,-1/100,99/100,-1/100,99/100,-1/100,99/100,-1/100,99/100,-1/100,99/100,-1/100,99/100,-1/100,99/100,-1/100,99/100,-1/100,99/100,-1/100,99/100,-1/100,99/100,-1/100,99/100,-1/100,99/100,-1/100",True,1.3877787807814457e-17,2,32,0.36350096135618926,False,False,False,1469/3100,False,1/2,0.052857148932978451,alternating,1/100,box,"1/100,1,1/100,1,1/100,1,1/100,1,1/100,1,1/100,1,1/100,1,1/100,1,1/100,1,1/100,1,1/100,1,1/100,1,1/100,1,1/100,1,1/100,1,1/100",0.010990829157606127,True,False,True
0.43695910122553622,False,False,False,"0,1,0,1,0,1,0,1,0,1,0,1,0,1,0,1,0,1,0,1,0,1,0,1,0,1,0,1,0,1,0",155/6886,0.53612903225806452,False,False,False,"-1/50,49/50,-1/50,49/50,-1/50,49/50,-1/50,49/50,-1/50,49/50,-1/50,49/50,-1/50,49/50,-1/50,49/50,-1/50,49/50,-1/50,49/50,-1/50,49/50,-1/50,49/50,-1/50,49/50,-1/50,49/50,-1/50,49/50,-1/50",True,2.0816681711721685e-17,2,32,0.3727200850622972,False,False,False,719/1550,False,1/2,0.051222901861420575,alternating,1/50,box,"1/50,1,1/50,1,1/50,1,1/50,1,1/50,1,1/50,1,1/50,1,1/50,1,1/50,1,1/50,1,1/50,1,1/50,1,1/50,1,1/50,1,1/50,1,1/50",0.02250943944234679,True,False,True
0.46868585301436494,False,False,False,"0,1,0,1,0,1,0,1,0,1,0,1,0,1,0,1,0,1,0,1,0,1,0,1,0,1,0,1,0,1,0",155/2556,0.56612903225806455,False,False,False,"-1/20,19/20,-1/20,19/20,-1/20,19/20,-1/20,19/20,-1/20,19/20,-1/20,19/20,-1/20,19/20,-1/20,19/20,-1/20,19/20,-1/20,19/20,-1/20,19/20,-1/20,19/20,-1/20,19/20,-1/20,19/20,-1/20,19/20,-1/20",True,2.7755575615628914e-17,2,32,0.40114094893557811,False,False,False,269/620,False,1/2,0.046795145593543308,alternating,1/20,box,"1/20,1,1/20,1,1/20,1,1/20,1,1/20,1,1/20,1,1/20,1,1/20,1,1/20,1,1/20,1,1/20,1,1/20,1,1/20,1,1/20,1,1/20,1,1/20",0.060641627543035995,True,False,False
0.52317793575472871,False,False,False,"0,1,0,1,0,1,0,1,0,1,0,1,0,1,0,1,0,1,0,1,0,1,0,1,0,1,0,1,0,1,0",465/3338,0.61612903225806448,False,False,False,"-1/10,9/10,-1/10,9/10,-1/10,9/10,-1/10,9/10,-1/10,9/10,-1/10,9/10,-1/10,9/10,-1/10,9/10,-1/10,9/10,-1/10,9/10,-1/10,9/10,-1/10,9/10,-1/10,9/10,-1/10,9/10,-1/10,9/10,-1/10",True,2.7755575615628914e-17,2,32,0.45121775471970027,False,False,False,119/310,False,1/2,0.041422308667059635,alternating,1/10,box,"1/10,1,1/10,1,1/10,1,1/10,1,1/10,1,1/10,1,1/10,1,1/10,1,1/10,1,1/10,1,1/10,1,1/10,1,1/10,1,1/10,1,1/10,1,1/10",0.13930497303774717,False,False,False
0.5282942673782639,False,False,False,"1,3/4,3/4,1,1/2,3/4,3/4,1/4,1/2,0,1/4,1/2,3/4,1/4,3/4,1/4,1/2,0,0,1/2,0,3/4,1/4,1/2,0,1/4,1/4,0,1/2,1,1",260616804008/698062022371,0.62073242085264813,False,False,False,"1,3/4,3/4,1,1/2,3/4,3/4,1/4,1/2,0,1/4,1/2,3/4,1/4,3/4,1/4,1/2,0,0,1/2,0,3/4,1/4,1/2,0,1/4,1/4,0,1/2,1,1",False,1.3877787807814457e-17,2,32,0.42311537723654569,False,False,False,50497197315/133143986176,False,1/2,0.086636350129177017,random_271,0,box,"1,3/4,3/4,1,1/2,3/4,3/4,1/4,1/2,0,1/4,1/2,3/4,1/4,3/4,1/4,1/2,0,0,1/2,0,3/4,1/4,1/2,0,1/4,1/4,0,1/2,1,1",0.37334333577237588,False,False,False
0.5294078777544885,False,False,False,"1,3/4,3/4,1,1/2,3/4,3/4,1/4,1/2,0,1/4,1/2,3/4,1/4,3/4,1/4,1/2,0,0,1/2,0,3/4,1/4,1/2,0,1/4,1/4,0,1/2,1,1",160761206621211/427877228346046,0.62173242085264813,False,False,False,"999/1000,749/1000,749/1000,999/1000,499/1000,749/1000,749/1000,249/1000,499/1000,-1/1000,249/1000,499/1000,749/1000,249/1000,749/1000,249/1000,499/1000,-1/1000,-1/1000,499/1000,-1/1000,749/1000,249/1000,499/1000,-1/1000,249/1000,249/1000,-1/1000,499/1000,999/1000,999/1000",True,1.3877787807814457e-17,2,32,0.42419851519553753,False,False,False,6295506666103/16642998272000,False,1/2,0.086604697329895244,random_271,1/1000,box,"1,751/1000,751/1000,1,501/1000,751/1000,751/1000,251/1000,501/1000,1/1000,251/1000,501/1000,751/1000,251/1000,751/1000,251/1000,501/1000,1/1000,1/1000,501/1000,1/1000,751/1000,251/1000,501/1000,1/1000,251/1000,251/1000,1/1000,501/1000,1,1",0.37571807044425198,False,False,False
0.53387009094232696,False,False,False,"1,3/4,3/4,1,1/2,3/4,3/4,1/4,1/2,0,1/4,1/2,3/4,1/4,3/4,1/4,1/2,0,0,1/2,0,3/4,1/4,1/2,0,1/4,1/4,0,1/2,1,1",32469556210211/85149384913446,0.62573242085264813,False,False,False,"199/200,149/200,149/200,199/200,99/200,149/200,149/200,49/200,99/200,-1/200,49/200,99/200,149/200,49/200,149/200,49/200,99/200,-1/200,-1/200,99/200,-1/200,149/200,49/200,99/200,-1/200,49/200,49/200,-1/200,99/200,199/200,199/200",True,2.7755575615628914e-17,2,32,0.42854760497962763,False,False,False,1245786934603/3328599654400,False,1/2,0.085834826807874007,random_271,1/200,box,"1,151/200,151/200,1,101/200,151/200,151/200,51/200,101/200,1/200,51/200,101/200,151/200,51/200,151/200,51/200,101/200,1/200,1/200,101/200,1/200,151/200,51/200,101/200,1/200,51/200,51/200,1/200,101/200,1,1",0.38132461254084421,False,False,False
0.53946529554234446,False,False,False,"1,3/4,3/4,1,1/2,3/4,3/4,1/4,1/2,0,1/4,1/2,3/4,1/4,3/4,1/4,1/2,0,0,1/2,0,3/4,1/4,1/2,0,1/4,1/4,0,1/2,1,1",16433099908836/42308404484371,0.63073242085264813,False,False,False,"99/100,37/50,37/50,99/100,49/100,37/50,37/50,6/25,49/100,-1/100,6/25,49/100,37/50,6/25,37/50,6/25,49/100,-1/100,-1/100,49/100,-1/100,37/50,6/25,49/100,-1/100,6/25,6/25,-1/100,49/100,99/100,99/100",True,1.3877787807814457e-17,2,32,0.43402146275585662,False,False,False,1229143936331/3328599654400,False,1/2,0.0848775548719648,random_271,1/100,box,"1,19/25,19/25,1,51/100,19/25,19/25,13/50,51/100,1/100,13/50,51/100,19/25,13/50,19/25,13/50,51/100,1/100,1/100,51/100,1/100,19/25,13/50,51/100,1/100,13/50,13/50,1/100,51/100,1,1",0.3884121868719132,False,False,False
0.55071352365635906,False,False,False,"1,3/4,3/4,1,1/2,3/4,3/4,1/4,1/2,0,1/4,1/2,3/4,1/4,3/4,1/4,1/2,0,0,1/2,0,3/4,1/4,1/2,0,1/4,1/4,0,1/2,1,1",16829743516297/41775828539667,0.64073242085264814,False,False,False,"49/50,73/100,73/100,49/50,12/25,73/100,73/100,23/100,12/25,-1/50,23/100,12/25,73/100,23/100,73/100,23/100,12/25,-1/50,-1/50,12/25,-1/50,73/100,23/100,12/25,-1/50,23/100,23/100,-1/50,12/25,49/50,49/50",True,2.7755575615628914e-17,2,32,0.44509599738827305,False,False,False,1195857939787/3328599654400,False,1/2,0.082980307435272085,random_271,1/50,box,"1,77/100,77/100,1,13/25,77/100,77/100,27/100,13/25,1/50,27/100,13/25,77/100,27/100,77/100,27/100,13/25,1/50,1/50,13/25,1/50,77/100,27/100,13/25,1/50,27/100,27/100,1/50,13/25,1,1",0.40285840172665432,False,False,False
0.58462743338706091,False,False,False,"1,3/4,3/4,1,1/2,3/4,3/4,1/4,1/2,0,1/4,1/2,3/4,1/4,3/4,1/4,1/2,0,0,1/2,0,3/4,1/4,1/2,0,1/4,1/4,0,1/2,1,1",3603934867736/8035620141111,0.67073242085264817,False,False,False,"19/20,7/10,7/10,19/20,9/20,7/10,7/10,1/5,9/20,-1/20,1/5,9/20,7/10,1/5,7/10,1/5,9/20,-1/20,-1/20,9/20,-1/20,7/10,1/5,9/20,-1/20,1/5,1/5,-1/20,9/20,19/20,19/20",True,1.3877787807814457e-17,2,32,0.4793702480998272,False,False,False,219199990031/665719930880,False,1/2,0.077435190354985917,random_271,1/20,box,"1,4/5,4/5,1,11/20,4/5,4/5,3/10,11/20,1/20,3/10,11/20,4/5,3/10,4/5,3/10,11/20,1/20,1/20,11/20,1/20,4/5,3/10,11/20,1/20,3/10,3/10,1/20,11/20,1,1",0.44849492689405823,False,False,False
0.64260281392920138,False,False,False,"1,3/4,3/4,1,1/2,3/4,3/4,1/4,1/2,0,1/4,1/2,3/4,1/4,3/4,1/4,1/2,0,0,1/2,0,3/4,1/4,1/2,0,1/4,1/4,0,1/2,1,1",4000578475197/7503044196407,0.7207324208526481,False,False,False,"9/10,13/20,13/20,9/10,2/5,13/20,13/20,3/20,2/5,-1/10,3/20,2/5,13/20,3/20,13/20,3/20,2/5,-1/10,-1/10,2/5,-1/10,13/20,3/20,2/5,-1/10,3/20,3/20,-1/10,2/5,9/10,9/10",True,0,2,32,0.54025559951483848,False,False,False,185913993487/665719930880,False,1/2,0.068744525230352849,random_271,1/10,box,"1,17/20,17/20,1,3/5,17/20,17/20,7/20,3/5,1/10,7/20,3/5,17/20,7/20,17/20,7/20,3/5,1/10,1/10,3/5,1/10,17/20,7/20,3/5,1/10,7/20,7/20,1/10,3/5,1,1",0.5331940437073216,False,False,False
0.38063254045886846,False,False,False,"0,3/4,1/2,3/4,1/4,0,0,1,3/4,1/2,0,0,1/2,0,1,1/2,1,1/2,3/4,3/4,0,1/2,1/4,1/4,1/2,1,0,1/2,1/2,1,1/2",89328302427/356706832666,0.48102658757218913,False,False,False,"0,3/4,1/2,3/4,1/4,0,0,1,3/4,1/2,0,0,1/2,0,1,1/2,1,1/2,3/4,3/4,0,1/2,1/4,1/4,1/2,1,0,1/2,1/2,1,1/2",False,1.3877787807814457e-17,2,32,0.31439150858265985,False,False,False,34549094425/66571993088,False,1/2,0.11763843951784744,random_811,0,box,"0,3/4,1/2,3/4,1/4,0,0,1,3/4,1/2,0,0,1/2,0,1,1/2,1,1/2,3/4,3/4,0,1/2,1/4,1/4,1/2,1,0,1/2,1/2,1,1/2",0.25042498277750103,False,False,False
0.38163194008206702,False,False,False,"0,3/4,1/2,3/4,1/4,0,0,1,3/4,1/2,0,0,1/2,0,1,1/2,1,1/2,3/4,3/4,0,1/2,1/4,1/4,1/2,1,0,1/2,1/2,1,1/2",134389424744399/534527673054296,0.48202658757218914,False,False,False,"-1/1000,749/1000,499/1000,749/1000,249/1000,-1/1000,-1/1000,999/1000,749/1000,499/1000,-1/1000,-1/1000,499/1000,-1/1000,999/1000,499/1000,999/1000,499/1000,749/1000,749/1000,-1/1000,499/1000,249/1000,249/1000,499/1000,999/1000,-1/1000,499/1000,499/1000,999/1000,499/1000",True,2.7755575615628914e-17,2,32,0.3152602945404438,False,False,False,4310315303989/8321499136000,False,1/2,0.11741976857426326,random_811,1/1000,box,"1/1000,751/1000,501/1000,751/1000,251/1000,1/1000,1/1000,1,751/1000,501/1000,1/1000,1/1000,501/1000,1/1000,1,501/1000,1,501/1000,751/1000,751/1000,1/1000,501/1000,251/1000,251/1000,501/1000,1,1/1000,501/1000,501/1000,1,501/1000",0.25141715110182528,False,False,False
0.38563804216835018,False,False,False,"0,3/4,1/2,3/4,1/4,0,0,1,3/4,1/2,0,0,1/2,0,1,1/2,1,1/2,3/4,3/4,0,1/2,1/4,1/4,1/2,1,0,1/2,1/2,1,1/2",27195461831999/106479473855096,0.48602658757218908,False,False,False,"-1/200,149/200,99/200,149/200,49/200,-1/200,-1/200,199/200,149/200,99/200,-1/200,-1/200,99/200,-1/200,199/200,99/200,199/200,99/200,149/200,149/200,-1/200,99/200,49/200,49/200,99/200,199/200,-1/200,99/200,99/200,199/200,99/200",True,0,2,32,0.31874695381315526,False,False,False,855405861489/1664299827200,False,1/2,0.11654634835639216,random_811,1/200,box,"1/200,151/200,101/200,151/200,51/200,1/200,1/200,1,151/200,101/200,1/200,1/200,101/200,1/200,1,101/200,1,101/200,151/200,151/200,1/200,101/200,51/200,51/200,101/200,1,1/200,101/200,101/200,1,101/200",0.25540567442142231,False,False,False
0.39066477357294971,False,False,False,"0,3/4,1/2,3/4,1/4,0,0,1,3/4,1/2,0,0,1/2,0,1,1/2,1,1/2,3/4,3/4,0,1/2,1/4,1/4,1/2,1,0,1/2,1/2,1,1/2",13796216467949/52973448955196,0.49102658757218909,False,False,False,"-1/100,37/50,49/100,37/50,6/25,-1/100,-1/100,99/100,37/50,49/100,-1/100,-1/100,49/100,-1/100,99/100,49/100,99/100,49/100,37/50,37/50,-1/100,49/100,6/25,6/25,49/100,99/100,-1/100,49/100,49/100,99/100,49/100",True,0,2,32,0.32313135993058578,False,False,False,847084362353/1664299827200,False,1/2,0.11545744466861847,random_811,1/100,box,"1/100,19/25,51/100,19/25,13/50,1/100,1/100,1,19/25,51/100,1/100,1/100,51/100,1/100,1,51/100,1,51/100,19/25,19/25,1/100,51/100,13/50,13/50,51/100,1,1/100,51/100,51/100,1,51/100",0.26043644014226058,False,False,False
0.40078172490055453,False,False,False,"0,3/4,1/2,3/4,1/4,0,0,1,3/4,1/2,0,0,1/2,0,1,1/2,1,1/2,3/4,3/4,0,1/2,1/4,1/4,1/2,1,0,1/2,1/2,1,1/2",3548296892962/13110218252623,0.5010265875721891,False,False,False,"-1/50,73/100,12/25,73/100,23/100,-1/50,-1/50,49/50,73/100,12/25,-1/50,-1/50,12/25,-1/50,49/50,12/25,49/50,12/25,73/100,73/100,-1/50,12/25,23/100,23/100,12/25,49/50,-1/50,12/25,12/25,49/50,12/25",True,1.3877787807814457e-17,2,32,0.33198821798724687,False,False,False,830441364081/1664299827200,False,1/2,0.11328939394106631,random_811,1/50,box,"1/50,77/100,13/25,77/100,27/100,1/50,1/50,1,77/100,13/25,1/50,1/50,13/25,1/50,1,13/25,1,13/25,77/100,77/100,1/50,13/25,27/100,27/100,13/25,1,1/50,13/25,13/25,1,13/25",0.27065124505094196,False,False,False
0.43163663171741867,False,False,False,"0,3/4,1/2,3/4,1/4,0,0,1,3/4,1/2,0,0,1/2,0,1,1/2,1,1/2,3/4,3/4,0,1/2,1/4,1/4,1/2,1,0,1/2,1/2,1,1/2",3076820176709/10168629035276,0.53102658757218912,False,False,False,"-1/20,7/10,9/20,7/10,1/5,-1/20,-1/20,19/20,7/10,9/20,-1/20,-1/20,9/20,-1/20,19/20,9/20,19/20,9/20,7/10,7/10,-1/20,9/20,1/5,1/5,9/20,19/20,-1/20,9/20,9/20,19/20,9/20",True,1.3877787807814457e-17,2,32,0.35928481073342666,False,False,False,156102473853/332859965440,False,1/2,0.10686697413287394,random_811,1/20,box,"1/20,4/5,11/20,4/5,3/10,1/20,1/20,1,4/5,11/20,1/20,1/20,11/20,1/20,1,11/20,1,11/20,4/5,4/5,1/20,11/20,3/10,3/10,11/20,1,1/20,11/20,11/20,1,11/20",0.30257964628616113,False,False,False
0.48471302150840434,False,False,False,"0,3/4,1/2,3/4,1/4,0,0,1,3/4,1/2,0,0,1/2,0,1,1/2,1,1/2,3/4,3/4,0,1/2,1/4,1/4,1/2,1,0,1/2,1/2,1,1/2",868447820152/2409013272643,0.58102658757218906,False,False,False,"-1/10,13/20,2/5,13/20,3/20,-1/10,-1/10,9/10,13/20,2/5,-1/10,-1/10,2/5,-1/10,9/10,2/5,9/10,2/5,13/20,13/20,-1/10,2/5,3/20,3/20,2/5,9/10,-1/10,2/5,2/5,9/10,2/5",True,0,2,32,0.40735323919439859,False,False,False,139459475581/332859965440,False,1/2,0.096462486014207219,random_811,1/10,box,"1/10,17/20,3/5,17/20,7/20,1/10,1/10,1,17/20,3/5,1/10,1/10,3/5,1/10,1,3/5,1,3/5,17/20,17/20,1/10,3/5,7/20,7/20,3/5,1,1/10,3/5,3/5,1,3/5",0.36049939201837611,False,False,False
0.45260671944729691,False,False,False,"0,1,1/4,0,3/4,0,1/2,1/4,1,1/2,1/2,1/2,1,3/4,1,1,1,1/2,1/4,1/4,0,1/4,0,1/2,1,0,1/4,3/4,1/2,0,1",53220140039/218094805938,0.55101214745833027,False,False,False,"0,1,1/4,0,3/4,0,1/2,1/4,1,1/2,1/2,1/2,1,3/4,1,1,1,1/2,1/4,1/4,0,1/4,0,1/2,1,0,1/4,3/4,1/2,0,1",False,1.3877787807814457e-17,2,32,0.38310414248207414,False,False,False,3736252027/8321499136,False,1/2,0.086940519256877569,random_1619,0,box,"0,1,1/4,0,3/4,0,1/2,1/4,1,1/2,1/2,1/2,1,3/4,1,1,1,1/2,1/4,1/4,0,1/4,0,1/2,1,0,1/4,3/4,1/2,0,1",0.24402295969455332,False,False,False
0.45366461133337582,False,False,False,"0,1,1/4,0,3/4,0,1/2,1/4,1,1/2,1/2,1/2,1,3/4,1,1,1,1/2,1/4,1/4,0,1/4,0,1/2,1,0,1/4,3/4,1/2,0,1",13477254495211/53991125539796,0.55201214745833027,False,False,False,"-1/1000,999/1000,249/1000,-1/1000,749/1000,-1/1000,499/1000,249/1000,999/1000,499/1000,499/1000,499/1000,999/1000,749/1000,999/1000,999/1000,999/1000,499/1000,249/1000,249/1000,-1/1000,249/1000,-1/1000,499/1000,999/1000,-1/1000,249/1000,749/1000,499/1000,-1/1000,999/1000",True,1.3877787807814457e-17,2,32,0.38405496751130541,False,False,False,465991315983/1040187392000,False,1/2,0.087552688738434345,random_1619,1/1000,box,"1/1000,1,251/1000,1/1000,751/1000,1/1000,501/1000,251/1000,1,501/1000,501/1000,501/1000,1,751/1000,1,1,1,501/1000,251/1000,251/1000,1/1000,251/1000,1/1000,501/1000,1,1/1000,251/1000,751/1000,501/1000,1/1000,1",0.24961980993111785,False,False,False
0.45790436024348552,False,False,False,"0,1,1/4,0,3/4,0,1/2,1/4,1,1/2,1/2,1/2,1,3/4,1,1,1,1/2,1/4,1/4,0,1/4,0,1/2,1,0,1/4,3/4,1/2,0,1",3261489057595/12704654694949,0.55601214745833027,False,False,False,"-1/200,199/200,49/200,-1/200,149/200,-1/200,99/200,49/200,199/200,99/200,99/200,99/200,199/200,149/200,199/200,199/200,199/200,99/200,49/200,49/200,-1/200,49/200,-1/200,99/200,199/200,-1/200,49/200,149/200,99/200,-1/200,199/200",True,0,2,32,0.38787137670796773,False,False,False,92366113283/208037478400,False,1/2,0.087214640440185176,random_1619,1/200,box,"1/200,1,51/200,1/200,151/200,1/200,101/200,51/200,1,101/200,101/200,101/200,1,151/200,1,1,1,101/200,51/200,51/200,1/200,51/200,1/200,101/200,1,1/200,51/200,151/200,101/200,1/200,1",0.25671607264475066,False,False,False
0.46322241445393492,False,False,False,"0,1,1/4,0,3/4,0,1/2,1/4,1,1/2,1/2,1/2,1,3/4,1,1,1,1/2,1/4,1/4,0,1/4,0,1/2,1,0,1/4,3/4,1/2,0,1",6659645925955/25143021417546,0.56101214745833028,False,False,False,"-1/100,99/100,6/25,-1/100,37/50,-1/100,49/100,6/25,99/100,49/100,49/100,49/100,99/100,37/50,99/100,99/100,99/100,49/100,6/25,6/25,-1/100,6/25,-1/100,49/100,99/100,-1/100,6/25,37/50,49/100,-1/100,99/100",True,5.5511151231257827e-17,2,32,0.39267158766404742,False,False,False,91325925891/208037478400,False,1/2,0.086652743564392787,random_1619,1/100,box,"1/100,1,13/50,1/100,19/25,1/100,51/100,13/50,1,51/100,51/100,51/100,1,19/25,1,1,1,51/100,13/50,13/50,1/100,13/50,1/100,51/100,1,1/100,13/50,19/25,51/100,1/100,1",0.26487055057382963,False,False,False
0.47391949219925306,False,False,False,"0,1,1/4,0,3/4,0,1/2,1/4,1,1/2,1/2,1/2,1,3/4,1,1,1,1/2,1/4,1/4,0,1/4,0,1/2,1,0,1/4,3/4,1/2,0,1",6932981547485/24610445472842,0.57101214745833029,False,False,False,"-1/50,49/50,23/100,-1/50,73/100,-1/50,12/25,23/100,49/50,12/25,12/25,12/25,49/50,73/100,49/50,49/50,49/50,12/25,23/100,23/100,-1/50,23/100,-1/50,12/25,49/50,-1/50,23/100,73/100,12/25,-1/50,49/50",True,1.3877787807814457e-17,2,32,0.40237231797409911,False,False,False,89245551107/208037478400,False,1/2,0.085593372747451379,random_1619,1/50,box,"1/50,1,27/100,1/50,77/100,1/50,13/25,27/100,1,13/25,13/25,13/25,1,77/100,1,1,1,13/25,27/100,27/100,1/50,27/100,1/50,13/25,1,1/50,27/100,77/100,13/25,1/50,1",0.28170890100854334,False,False,False
0.50649340993962855,False,False,False,"0,1,1/4,0,3/4,0,1/2,1/4,1,1/2,1/2,1/2,1,3/4,1,1,1,1/2,1/4,1/4,0,1/4,0,1/2,1,0,1/4,3/4,1/2,0,1",1550597682415/4602543527746,0.60101214745833031,False,False,False,"-1/20,19/20,1/5,-1/20,7/10,-1/20,9/20,1/5,19/20,9/20,9/20,9/20,19/20,7/10,19/20,19/20,19/20,9/20,1/5,1/5,-1/20,1/5,-1/20,9/20,19/20,-1/20,1/5,7/10,9/20,-1/20,19/20",True,4.163336342344337e-17,2,32,0.43230266625751052,False,False,False,16600885351/41607495680,False,1/2,0.082984316869206556,random_1619,1/20,box,"1/20,1,3/10,1/20,4/5,1/20,11/20,3/10,1,11/20,11/20,11/20,1,4/5,1,1,1,11/20,3/10,3/10,1/20,3/10,1/20,11/20,1,1/20,3/10,4/5,11/20,1/20,1",0.33690016684630314,False,False,False
0.56229893318375468,False,False,False,"0,1,1/4,0,3/4,0,1/2,1/4,1,1/2,1/2,1/2,1,3/4,1,1,1,1/2,1/4,1/4,0,1/4,0,1/2,1,0,1/4,3/4,1/2,0,1",1799606885900/4123549047821,0.65101214745833025,False,False,False,"-1/10,9/10,3/20,-1/10,13/20,-1/10,2/5,3/20,9/10,2/5,2/5,2/5,9/10,13/20,9/10,9/10,9/10,2/5,3/20,3/20,-1/10,3/20,-1/10,2/5,9/10,-1/10,3/20,13/20,2/5,-1/10,9/10",True,1.3877787807814457e-17,2,32,0.48513037444860163,False,False,False,14520510567/41607495680,False,1/2,0.078993084853718018,random_1619,1/10,box,"1/10,1,7/20,1/10,17/20,1/10,3/5,7/20,1,3/5,3/5,3/5,1,17/20,1,1,1,3/5,7/20,7/20,1/10,7/20,1/10,3/5,1,1/10,7/20,17/20,3/5,1/10,1",0.43642184560675062,False,False,False
1,False,False,False,"0,0,0,0,0,0,0,0,0,0,0,0,0,0,0,0,0,0,0,0,0,0,0,0,0,0,0,0,0,0,0",1,1,False,False,False,"0,0,0,0,0,0,0,0,0,0,0,0,0,0,0,0,0,0,0,0,0,0,0,0,0,0,0,0,0,0,0",True,0,1,32,1,False,False,False,0,True,9/10,,constant_0,0,box,"0,0,0,0,0,0,0,0,0,0,0,0,0,0,0,0,0,0,0,0,0,0,0,0,0,0,0,0,0,0,0",1,False,False,False
1,False,False,False,"0,0,0,0,0,0,0,0,0,0,0,0,0,0,0,0,0,0,0,0,0,0,0,0,0,0,0,0,0,0,0",1,1,False,False,False,"-1/1000,-1/1000,-1/1000,-1/1000,-1/1000,-1/1000,-1/1000,-1/1000,-1/1000,-1/1000,-1/1000,-1/1000,-1/1000,-1/1000,-1/1000,-1/1000,-1/1000,-1/1000,-1/1000,-1/1000,-1/1000,-1/1000,-1/1000,-1/1000,-1/1000,-1/1000,-1/1000,-1/1000,-1/1000,-1/1000,-1/1000",True,5.5077470362263625e-17,1,32,1,False,False,False,-1/1000,True,9/10,,constant_0,1/1000,box,"1/1000,1/1000,1/1000,1/1000,1/1000,1/1000,1/1000,1/1000,1/1000,1/1000,1/1000,1/1000,1/1000,1/1000,1/1000,1/1000,1/1000,1/1000,1/1000,1/1000,1/1000,1/1000,1/1000,1/1000,1/1000,1/1000,1/1000,1/1000,1/1000,1/1000,1/1000",1,False,False,False
1,False,False,False,"0,0,0,0,0,0,0,0,0,0,0,0,0,0,0,0,0,0,0,0,0,0,0,0,0,0,0,0,0,0,0",1,1,False,False,False,"-1/200,-1/200,-1/200,-1/200,-1/200,-1/200,-1/200,-1/200,-1/200,-1/200,-1/200,-1/200,-1/200,-1/200,-1/200,-1/200,-1/200,-1/200,-1/200,-1/200,-1/200,-1/200,-1/200,-1/200,-1/200,-1/200,-1/200,-1/200,-1/200,-1/200,-1/200",True,5.3342746886286818e-17,1,32,1,False,False,False,-1/200,True,9/10,,constant_0,1/200,box,"1/200,1/200,1/200,1/200,1/200,1/200,1/200,1/200,1/200,1/200,1/200,1/200,1/200,1/200,1/200,1/200,1/200,1/200,1/200,1/200,1/200,1/200,1/200,1/200,1/200,1/200,1/200,1/200,1/200,1/200,1/200",1,False,False,False
1,False,False,False,"0,0,0,0,0,0,0,0,0,0,0,0,0,0,0,0,0,0,0,0,0,0,0,0,0,0,0,0,0,0,0",1,1,False,False,False,"-1/100,-1/100,-1/100,-1/100,-1/100,-1/100,-1/100,-1/100,-1/100,-1/100,-1/100,-1/100,-1/100,-1/100,-1/100,-1/100,-1/100,-1/100,-1/100,-1/100,-1/100,-1/100,-1/100,-1/100,-1/100,-1/100,-1/100,-1/100,-1/100,-1/100,-1/100",True,4.3368086899420177e-18,1,32,1,False,False,False,-1/100,True,9/10,,constant_0,1/100,box,"1/100,1/100,1/100,1/100,1/100,1/100,1/100,1/100,1/100,1/100,1/100,1/100,1/100,1/100,1/100,1/100,1/100,1/100,1/100,1/100,1/100,1/100,1/100,1/100,1/100,1/100,1/100,1/100,1/100,1/100,1/100",1,False,False,False
1,False,False,False,"0,0,0,0,0,0,0,0,0,0,0,0,0,0,0,0,0,0,0,0,0,0,0,0,0,0,0,0,0,0,0",1,1,False,False,False,"-1/50,-1/50,-1/50,-1/50,-1/50,-1/50,-1/50,-1/50,-1/50,-1/50,-1/50,-1/50,-1/50,-1/50,-1/50,-1/50,-1/50,-1/50,-1/50,-1/50,-1/50,-1/50,-1/50,-1/50,-1/50,-1/50,-1/50,-1/50,-1/50,-1/50,-1/50",True,8.6736173798840355e-18,1,32,1,False,False,False,-1/50,True,9/10,,constant_0,1/50,box,"1/50,1/50,1/50,1/50,1/50,1/50,1/50,1/50,1/50,1/50,1/50,1/50,1/50,1/50,1/50,1/50,1/50,1/50,1/50,1/50,1/50,1/50,1/50,1/50,1/50,1/50,1/50,1/50,1/50,1/50,1/50",1,False,False,False
1,False,False,False,"0,0,0,0,0,0,0,0,0,0,0,0,0,0,0,0,0,0,0,0,0,0,0,0,0,0,0,0,0,0,0",1,1,False,False,False,"-1/20,-1/20,-1/20,-1/20,-1/20,-1/20,-1/20,-1/20,-1/20,-1/20,-1/20,-1/20,-1/20,-1/20,-1/20,-1/20,-1/20,-1/20,-1/20,-1/20,-1/20,-1/20,-1/20,-1/20,-1/20,-1/20,-1/20,-1/20,-1/20,-1/20,-1/20",True,7.6327832942979512e-17,1,32,1,False,False,False,-1/20,True,9/10,,constant_0,1/20,box,"1/20,1/20,1/20,1/20,1/20,1/20,1/20,1/20,1/20,1/20,1/20,1/20,1/20,1/20,1/20,1/20,1/20,1/20,1/20,1/20,1/20,1/20,1/20,1/20,1/20,1/20,1/20,1/20,1/20,1/20,1/20",1,False,False,False
1,False,False,False,"0,0,0,0,0,0,0,0,0,0,0,0,0,0,0,0,0,0,0,0,0,0,0,0,0,0,0,0,0,0,0",1,1,False,False,False,"-1/10,-1/10,-1/10,-1/10,-1/10,-1/10,-1/10,-1/10,-1/10,-1/10,-1/10,-1/10,-1/10,-1/10,-1/10,-1/10,-1/10,-1/10,-1/10,-1/10,-1/10,-1/10,-1/10,-1/10,-1/10,-1/10,-1/10,-1/10,-1/10,-1/10,-1/10",True,1.3877787807814457e-17,1,32,1,False,False,False,-1/10,True,9/10,,constant_0,1/10,box,"1/10,1/10,1/10,1/10,1/10,1/10,1/10,1/10,1/10,1/10,1/10,1/10,1/10,1/10,1/10,1/10,1/10,1/10,1/10,1/10,1/10,1/10,1/10,1/10,1/10,1/10,1/10,1/10,1/10,1/10,1/10",1,False,False,False
0.85254845629058751,False,False,False,"1/10,1/10,1/10,1/10,1/10,1/10,1/10,1/10,1/10,1/10,1/10,1/10,1/10,1/10,1/10,1/10,1/10,1/10,1/10,1/10,1/10,1/10,1/10,1/10,1/10,1/10,1/10,1/10,1/10,1/10,1/10",9/11,0.90000000000000002,False,False,False,"1/10,1/10,1/10,1/10,1/10,1/10,1/10,1/10,1/10,1/10,1/10,1/10,1/10,1/10,1/10,1/10,1/10,1/10,1/10,1/10,1/10,1/10,1/10,1/10,1/10,1/10,1/10,1/10,1/10,1/10,1/10",True,6.9388939039072284e-18,2,32,0.81818181818181823,False,False,False,1/10,True,9/10,0.024999999999999994,constant_1/10,0,box,"1/10,1/10,1/10,1/10,1/10,1/10,1/10,1/10,1/10,1/10,1/10,1/10,1/10,1/10,1/10,1/10,1/10,1/10,1/10,1/10,1/10,1/10,1/10,1/10,1/10,1/10,1/10,1/10,1/10,1/10,1/10",0.81818181818181823,False,False,False
0.85395849968675619,False,False,False,"1/10,1/10,1/10,1/10,1/10,1/10,1/10,1/10,1/10,1/10,1/10,1/10,1/10,1/10,1/10,1/10,1/10,1/10,1/10,1/10,1/10,1/10,1/10,1/10,1/10,1/10,1/10,1/10,1/10,1/10,1/10",901/1099,0.90100000000000002,False,False,False,"99/1000,99/1000,99/1000,99/1000,99/1000,99/1000,99/1000,99/1000,99/1000,99/1000,99/1000,99/1000,99/1000,99/1000,99/1000,99/1000,99/1000,99/1000,99/1000,99/1000,99/1000,99/1000,99/1000,99/1000,99/1000,99/1000,99/1000,99/1000,99/1000,99/1000,99/1000",True,6.9388939039072284e-18,2,32,0.81983621474067336,False,False,False,99/1000,True,9/10,0.024749999999999994,constant_1/10,1/1000,box,"101/1000,101/1000,101/1000,101/1000,101/1000,101/1000,101/1000,101/1000,101/1000,101/1000,101/1000,101/1000,101/1000,101/1000,101/1000,101/1000,101/1000,101/1000,101/1000,101/1000,101/1000,101/1000,101/1000,101/1000,101/1000,101/1000,101/1000,101/1000,101/1000,101/1000,101/1000",0.81983621474067336,False,False,False
0.8596114845829661,False,False,False,"1/10,1/10,1/10,1/10,1/10,1/10,1/10,1/10,1/10,1/10,1/10,1/10,1/10,1/10,1/10,1/10,1/10,1/10,1/10,1/10,1/10,1/10,1/10,1/10,1/10,1/10,1/10,1/10,1/10,1/10,1/10",181/219,0.90500000000000003,False,False,False,"19/200,19/200,19/200,19/200,19/200,19/200,19/200,19/200,19/200,19/200,19/200,19/200,19/200,19/200,19/200,19/200,19/200,19/200,19/200,19/200,19/200,19/200,19/200,19/200,19/200,19/200,19/200,19/200,19/200,19/200,19/200",True,3.4694469519536142e-17,2,32,0.82648401826484019,False,False,False,19/200,True,9/10,0.023749999999999966,constant_1/10,1/200,box,"21/200,21/200,21/200,21/200,21/200,21/200,21/200,21/200,21/200,21/200,21/200,21/200,21/200,21/200,21/200,21/200,21/200,21/200,21/200,21/200,21/200,21/200,21/200,21/200,21/200,21/200,21/200,21/200,21/200,21/200,21/200",0.82648401826484019,False,False,False
0.86670659413406259,False,False,False,"1/10,1/10,1/10,1/10,1/10,1/10,1/10,1/10,1/10,1/10,1/10,1/10,1/10,1/10,1/10,1/10,1/10,1/10,1/10,1/10,1/10,1/10,1/10,1/10,1/10,1/10,1/10,1/10,1/10,1/10,1/10",91/109,0.91000000000000003,False,False,False,"9/100,9/100,9/100,9/100,9/100,9/100,9/100,9/100,9/100,9/100,9/100,9/100,9/100,9/100,9/100,9/100,9/100,9/100,9/100,9/100,9/100,9/100,9/100,9/100,9/100,9/100,9/100,9/100,9/100,9/100,9/100",True,2.0816681711721685e-17,2,32,0.83486238532110091,False,False,False,9/100,True,9/10,0.02250000000000002,constant_1/10,1/100,box,"11/100,11/100,11/100,11/100,11/100,11/100,11/100,11/100,11/100,11/100,11/100,11/100,11/100,11/100,11/100,11/100,11/100,11/100,11/100,11/100,11/100,11/100,11/100,11/100,11/100,11/100,11/100,11/100,11/100,11/100,11/100",0.83486238532110091,False,False,False
0.88099340693787187,False,False,False,"1/10,1/10,1/10,1/10,1/10,1/10,1/10,1/10,1/10,1/10,1/10,1/10,1/10,1/10,1/10,1/10,1/10,1/10,1/10,1/10,1/10,1/10,1/10,1/10,1/10,1/10,1/10,1/10,1/10,1/10,1/10",23/27,0.92000000000000004,False,False,False,"2/25,2/25,2/25,2/25,2/25,2/25,2/25,2/25,2/25,2/25,2/25,2/25,2/25,2/25,2/25,2/25,2/25,2/25,2/25,2/25,2/25,2/25,2/25,2/25,2/25,2/25,2/25,2/25,2/25,2/25,2/25",True,1.0408340855860843e-17,2,32,0.85185185185185186,False,False,False,2/25,True,9/10,0.01999999999999999,constant_1/10,1/50,box,"3/25,3/25,3/25,3/25,3/25,3/25,3/25,3/25,3/25,3/25,3/25,3/25,3/25,3/25,3/25,3/25,3/25,3/25,3/25,3/25,3/25,3/25,3/25,3/25,3/25,3/25,3/25,3/25,3/25,3/25,3/25",0.85185185185185186,False,False,False
0.92463273339799057,False,False,False,"1/10,1/10,1/10,1/10,1/10,1/10,1/10,1/10,1/10,1/10,1/10,1/10,1/10,1/10,1/10,1/10,1/10,1/10,1/10,1/10,1/10,1/10,1/10,1/10,1/10,1/10,1/10,1/10,1/10,1/10,1/10",19/21,0.94999999999999996,False,False,False,"1/20,1/20,1/20,1/20,1/20,1/20,1/20,1/20,1/20,1/20,1/20,1/20,1/20,1/20,1/20,1/20,1/20,1/20,1/20,1/20,1/20,1/20,1/20,1/20,1/20,1/20,1/20,1/20,1/20,1/20,1/20",True,1.0408340855860843e-17,2,32,0.90476190476190477,False,False,False,1/20,True,9/10,0.012500000000000011,constant_1/10,1/20,box,"3/20,3/20,3/20,3/20,3/20,3/20,3/20,3/20,3/20,3/20,3/20,3/20,3/20,3/20,3/20,3/20,3/20,3/20,3/20,3/20,3/20,3/20,3/20,3/20,3/20,3/20,3/20,3/20,3/20,3/20,3/20",0.90476190476190477,False,False,False
1,False,False,False,"1/10,1/10,1/10,1/10,1/10,1/10,1/10,1/10,1/10,1/10,1/10,1/10,1/10,1/10,1/10,1/10,1/10,1/10,1/10,1/10,1/10,1/10,1/10,1/10,1/10,1/10,1/10,1/10,1/10,1/10,1/10",1,1,False,False,False,"0,0,0,0,0,0,0,0,0,0,0,0,0,0,0,0,0,0,0,0,0,0,0,0,0,0,0,0,0,0,0",True,0,1,32,1,False,False,False,0,True,9/10,,constant_1/10,1/10,box,"1/5,1/5,1/5,1/5,1/5,1/5,1/5,1/5,1/5,1/5,1/5,1/5,1/5,1/5,1/5,1/5,1/5,1/5,1/5,1/5,1/5,1/5,1/5,1/5,1/5,1/5,1/5,1/5,1/5,1/5,1/5",1,False,False,False
0.37477338929423498,False,False,False,"1/2,1/2,1/2,1/2,1/2,1/2,1/2,1/2,1/2,1/2,1/2,1/2,1/2,1/2,1/2,1/2,1/2,1/2,1/2,1/2,1/2,1/2,1/2,1/2,1/2,1/2,1/2,1/2,1/2,1/2,1/2",1/3,0.5,False,False,False,"1/2,1/2,1/2,1/2,1/2,1/2,1/2,1/2,1/2,1/2,1/2,1/2,1/2,1/2,1/2,1/2,1/2,1/2,1/2,1/2,1/2,1/2,1/2,1/2,1/2,1/2,1/2,1/2,1/2,1/2,1/2",True,1.3877787807814457e-17,2,32,0.33333333333333331,False,False,False,1/2,True,9/10,0.125,constant_1/2,0,box,"1/2,1/2,1/2,1/2,1/2,1/2,1/2,1/2,1/2,1/2,1/2,1/2,1/2,1/2,1/2,1/2,1/2,1/2,1/2,1/2,1/2,1/2,1/2,1/2,1/2,1/2,1/2,1/2,1/2,1/2,1/2",0.33333333333333331,False,False,False
0.37576457937301139,False,False,False,"1/2,1/2,1/2,1/2,1/2,1/2,1/2,1/2,1/2,1/2,1/2,1/2,1/2,1/2,1/2,1/2,1/2,1/2,1/2,1/2,1/2,1/2,1/2,1/2,1/2,1/2,1/2,1/2,1/2,1/2,1/2",501/1499,0.501,False,False,False,"499/1000,499/1000,499/1000,499/1000,499/1000,499/1000,499/1000,499/1000,499/1000,499/1000,499/1000,499/1000,499/1000,499/1000,499/1000,499/1000,499/1000,499/1000,499/1000,499/1000,499/1000,499/1000,499/1000,499/1000,499/1000,499/1000,499/1000,499/1000,499/1000,499/1000,499/1000",True,0,2,32,0.33422281521014008,False,False,False,499/1000,True,9/10,0.12475,constant_1/2,1/1000,box,"501/1000,501/1000,501/1000,501/1000,501/1000,501/1000,501/1000,501/1000,501/1000,501/1000,501/1000,501/1000,501/1000,501/1000,501/1000,501/1000,501/1000,501/1000,501/1000,501/1000,501/1000,501/1000,501/1000,501/1000,501/1000,501/1000,501/1000,501/1000,501/1000,501/1000,501/1000",0.33422281521014008,False,False,False
0.37973991893280407,False,False,False,"1/2,1/2,1/2,1/2,1/2,1/2,1/2,1/2,1/2,1/2,1/2,1/2,1/2,1/2,1/2,1/2,1/2,1/2,1/2,1/2,1/2,1/2,1/2,1/2,1/2,1/2,1/2,1/2,1/2,1/2,1/2",101/299,0.505,False,False,False,"99/200,99/200,99/200,99/200,99/200,99/200,99/200,99/200,99/200,99/200,99/200,99/200,99/200,99/200,99/200,99/200,99/200,99/200,99/200,99/200,99/200,99/200,99/200,99/200,99/200,99/200,99/200,99/200,99/200,99/200,99/200",True,2.7755575615628914e-17,2,32,0.33779264214046822,False,False,False,99/200,True,9/10,0.12374999999999997,constant_1/2,1/200,box,"101/200,101/200,101/200,101/200,101/200,101/200,101/200,101/200,101/200,101/200,101/200,101/200,101/200,101/200,101/200,101/200,101/200,101/200,101/200,101/200,101/200,101/200,101/200,101/200,101/200,101/200,101/200,101/200,101/200,101/200,101/200",0.33779264214046822,False,False,False
0.38473291555490585,False,False,False,"1/2,1/2,1/2,1/2,1/2,1/2,1/2,1/2,1/2,1/2,1/2,1/2,1/2,1/2,1/2,1/2,1/2,1/2,1/2,1/2,1/2,1/2,1/2,1/2,1/2,1/2,1/2,1/2,1/2,1/2,1/2",51/149,0.51000000000000001,False,False,False,"49/100,49/100,49/100,49/100,49/100,49/100,49/100,49/100,49/100,49/100,49/100,49/100,49/100,49/100,49/100,49/100,49/100,49/100,49/100,49/100,49/100,49/100,49/100,49/100,49/100,49/100,49/100,49/100,49/100,49/100,49/100",True,2.7755575615628914e-17,2,32,0.34228187919463088,False,False,False,49/100,True,9/10,0.12250000000000003,constant_1/2,1/100,box,"51/100,51/100,51/100,51/100,51/100,51/100,51/100,51/100,51/100,51/100,51/100,51/100,51/100,51/100,51/100,51/100,51/100,51/100,51/100,51/100,51/100,51/100,51/100,51/100,51/100,51/100,51/100,51/100,51/100,51/100,51/100",0.34228187919463088,False,False,False
0.39479842846093838,False,False,False,"1/2,1/2,1/2,1/2,1/2,1/2,1/2,1/2,1/2,1/2,1/2,1/2,1/2,1/2,1/2,1/2,1/2,1/2,1/2,1/2,1/2,1/2,1/2,1/2,1/2,1/2,1/2,1/2,1/2,1/2,1/2",13/37,0.52000000000000002,False,False,False,"12/25,12/25,12/25,12/25,12/25,12/25,12/25,12/25,12/25,12/25,12/25,12/25,12/25,12/25,12/25,12/25,12/25,12/25,12/25,12/25,12/25,12/25,12/25,12/25,12/25,12/25,12/25,12/25,12/25,12/25,12/25",True,1.3877787807814457e-17,2,32,0.35135135135135137,False,False,False,12/25,True,9/10,0.11999999999999998,constant_1/2,1/50,box,"13/25,13/25,13/25,13/25,13/25,13/25,13/25,13/25,13/25,13/25,13/25,13/25,13/25,13/25,13/25,13/25,13/25,13/25,13/25,13/25,13/25,13/25,13/25,13/25,13/25,13/25,13/25,13/25,13/25,13/25,13/25",0.35135135135135137,False,False,False
0.42563292141896436,False,False,False,"1/2,1/2,1/2,1/2,1/2,1/2,1/2,1/2,1/2,1/2,1/2,1/2,1/2,1/2,1/2,1/2,1/2,1/2,1/2,1/2,1/2,1/2,1/2,1/2,1/2,1/2,1/2,1/2,1/2,1/2,1/2",11/29,0.55000000000000004,False,False,False,"9/20,9/20,9/20,9/20,9/20,9/20,9/20,9/20,9/20,9/20,9/20,9/20,9/20,9/20,9/20,9/20,9/20,9/20,9/20,9/20,9/20,9/20,9/20,9/20,9/20,9/20,9/20,9/20,9/20,9/20,9/20",True,1.3877787807814457e-17,2,32,0.37931034482758619,False,False,False,9/20,True,9/10,0.11249999999999999,constant_1/2,1/20,box,"11/20,11/20,11/20,11/20,11/20,11/20,11/20,11/20,11/20,11/20,11/20,11/20,11/20,11/20,11/20,11/20,11/20,11/20,11/20,11/20,11/20,11/20,11/20,11/20,11/20,11/20,11/20,11/20,11/20,11/20,11/20",0.37931034482758619,False,False,False
0.47915786167893248,False,False,False,"1/2,1/2,1/2,1/2,1/2,1/2,1/2,1/2,1/2,1/2,1/2,1/2,1/2,1/2,1/2,1/2,1/2,1/2,1/2,1/2,1/2,1/2,1/2,1/2,1/2,1/2,1/2,1/2,1/2,1/2,1/2",3/7,0.59999999999999998,False,False,False,"2/5,2/5,2/5,2/5,2/5,2/5,2/5,2/5,2/5,2/5,2/5,2/5,2/5,2/5,2/5,2/5,2/5,2/5,2/5,2/5,2/5,2/5,2/5,2/5,2/5,2/5,2/5,2/5,2/5,2/5,2/5",True,0,2,32,0.42857142857142855,False,False,False,2/5,True,9/10,0.10000000000000001,constant_1/2,1/10,box,"3/5,3/5,3/5,3/5,3/5,3/5,3/5,3/5,3/5,3/5,3/5,3/5,3/5,3/5,3/5,3/5,3/5,3/5,3/5,3/5,3/5,3/5,3/5,3/5,3/5,3/5,3/5,3/5,3/5,3/5,3/5",0.42857142857142855,False,False,False
0.05600105310310026,True,False,False,"9/10,9/10,9/10,9/10,9/10,9/10,9/10,9/10,9/10,9/10,9/10,9/10,9/10,9/10,9/10,9/10,9/10,9/10,9/10,9/10,9/10,9/10,9/10,9/10,9/10,9/10,9/10,9/10,9/10,9/10,9/10",1/19,0.10000000000000001,True,False,False,"9/10,9/10,9/10,9/10,9/10,9/10,9/10,9/10,9/10,9/10,9/10,9/10,9/10,9/10,9/10,9/10,9/10,9/10,9/10,9/10,9/10,9/10,9/10,9/10,9/10,9/10,9/10,9/10,9/10,9/10,9/10",True,2.7755575615628914e-17,2,32,0.052631578947368418,True,False,False,9/10,True,9/10,0.22499999999999998,constant_9/10,0,box,"9/10,9/10,9/10,9/10,9/10,9/10,9/10,9/10,9/10,9/10,9/10,9/10,9/10,9/10,9/10,9/10,9/10,9/10,9/10,9/10,9/10,9/10,9/10,9/10,9/10,9/10,9/10,9/10,9/10,9/10,9/10",0.052631578947368418,True,False,False
0.056608635644821548,True,False,False,"9/10,9/10,9/10,9/10,9/10,9/10,9/10,9/10,9/10,9/10,9/10,9/10,9/10,9/10,9/10,9/10,9/10,9/10,9/10,9/10,9/10,9/10,9/10,9/10,9/10,9/10,9/10,9/10,9/10,9/10,9/10",101/1899,0.10100000000000001,False,False,False,"899/1000,899/1000,899/1000,899/1000,899/1000,899/1000,899/1000,899/1000,899/1000,899/1000,899/1000,899/1000,899/1000,899/1000,899/1000,899/1000,899/1000,899/1000,899/1000,899/1000,899/1000,899/1000,899/1000,899/1000,899/1000,899/1000,899/1000,899/1000,899/1000,899/1000,899/1000",True,1.7347234759768071e-18,2,32,0.053185887309110058,True,False,False,899/1000,True,9/10,0.22475000000000001,constant_9/10,1/1000,box,"901/1000,901/1000,901/1000,901/1000,901/1000,901/1000,901/1000,901/1000,901/1000,901/1000,901/1000,901/1000,901/1000,901/1000,901/1000,901/1000,901/1000,901/1000,901/1000,901/1000,901/1000,901/1000,901/1000,901/1000,901/1000,901/1000,901/1000,901/1000,901/1000,901/1000,901/1000",0.053185887309110058,True,False,False
0.059048758252141856,True,False,False,"9/10,9/10,9/10,9/10,9/10,9/10,9/10,9/10,9/10,9/10,9/10,9/10,9/10,9/10,9/10,9/10,9/10,9/10,9/10,9/10,9/10,9/10,9/10,9/10,9/10,9/10,9/10,9/10,9/10,9/10,9/10",21/379,0.105,False,False,False,"179/200,179/200,179/200,179/200,179/200,179/200,179/200,179/200,179/200,179/200,179/200,179/200,179/200,179/200,179/200,179/200,179/200,179/200,179/200,179/200,179/200,179/200,179/200,179/200,179/200,179/200,179/200,179/200,179/200,179/200,179/200",True,3.4694469519536142e-18,2,32,0.055408970976253295,True,False,False,179/200,True,9/10,0.22375,constant_9/10,1/200,box,"181/200,181/200,181/200,181/200,181/200,181/200,181/200,181/200,181/200,181/200,181/200,181/200,181/200,181/200,181/200,181/200,181/200,181/200,181/200,181/200,181/200,181/200,181/200,181/200,181/200,181/200,181/200,181/200,181/200,181/200,181/200",0.055408970976253295,True,False,False
0.062121018780451051,True,False,False,"9/10,9/10,9/10,9/10,9/10,9/10,9/10,9/10,9/10,9/10,9/10,9/10,9/10,9/10,9/10,9/10,9/10,9/10,9/10,9/10,9/10,9/10,9/10,9/10,9/10,9/10,9/10,9/10,9/10,9/10,9/10",11/189,0.11,False,False,False,"89/100,89/100,89/100,89/100,89/100,89/100,89/100,89/100,89/100,89/100,89/100,89/100,89/100,89/100,89/100,89/100,89/100,89/100,89/100,89/100,89/100,89/100,89/100,89/100,89/100,89/100,89/100,89/100,89/100,89/100,89/100",True,2.7755575615628914e-17,2,32,0.058201058201058198,True,False,False,89/100,True,9/10,0.22249999999999998,constant_9/10,1/100,box,"91/100,91/100,91/100,91/100,91/100,91/100,91/100,91/100,91/100,91/100,91/100,91/100,91/100,91/100,91/100,91/100,91/100,91/100,91/100,91/100,91/100,91/100,91/100,91/100,91/100,91/100,91/100,91/100,91/100,91/100,91/100",0.058201058201058198,True,False,False
0.068339693701186505,True,False,False,"9/10,9/10,9/10,9/10,9/10,9/10,9/10,9/10,9/10,9/10,9/10,9/10,9/10,9/10,9/10,9/10,9/10,9/10,9/10,9/10,9/10,9/10,9/10,9/10,9/10,9/10,9/10,9/10,9/10,9/10,9/10",3/47,0.12,False,False,False,"22/25,22/25,22/25,22/25,22/25,22/25,22/25,22/25,22/25,22/25,22/25,22/25,22/25,22/25,22/25,22/25,22/25,22/25,22/25,22/25,22/25,22/25,22/25,22/25,22/25,22/25,22/25,22/25,22/25,22/25,22/25",True,2.7755575615628914e-17,2,32,0.063829787234042548,True,False,False,22/25,True,9/10,0.21999999999999997,constant_9/10,1/50,box,"23/25,23/25,23/25,23/25,23/25,23/25,23/25,23/25,23/25,23/25,23/25,23/25,23/25,23/25,23/25,23/25,23/25,23/25,23/25,23/25,23/25,23/25,23/25,23/25,23/25,23/25,23/25,23/25,23/25,23/25,23/25",0.063829787234042548,True,False,False
0.087597353165275685,True,False,False,"9/10,9/10,9/10,9/10,9/10,9/10,9/10,9/10,9/10,9/10,9/10,9/10,9/10,9/10,9/10,9/10,9/10,9/10,9/10,9/10,9/10,9/10,9/10,9/10,9/10,9/10,9/10,9/10,9/10,9/10,9/10",3/37,0.14999999999999999,False,False,False,"17/20,17/20,17/20,17/20,17/20,17/20,17/20,17/20,17/20,17/20,17/20,17/20,17/20,17/20,17/20,17/20,17/20,17/20,17/20,17/20,17/20,17/20,17/20,17/20,17/20,17/20,17/20,17/20,17/20,17/20,17/20",True,2.7755575615628914e-17,2,32,0.081081081081081086,True,False,False,17/20,True,9/10,0.21249999999999997,constant_9/10,1/20,box,"19/20,19/20,19/20,19/20,19/20,19/20,19/20,19/20,19/20,19/20,19/20,19/20,19/20,19/20,19/20,19/20,19/20,19/20,19/20,19/20,19/20,19/20,19/20,19/20,19/20,19/20,19/20,19/20,19/20,19/20,19/20",0.081081081081081086,True,False,False
0.12174962386684356,False,False,False,"9/10,9/10,9/10,9/10,9/10,9/10,9/10,9/10,9/10,9/10,9/10,9/10,9/10,9/10,9/10,9/10,9/10,9/10,9/10,9/10,9/10,9/10,9/10,9/10,9/10,9/10,9/10,9/10,9/10,9/10,9/10",1/9,0.20000000000000001,False,False,False,"4/5,4/5,4/5,4/5,4/5,4/5,4/5,4/5,4/5,4/5,4/5,4/5,4/5,4/5,4/5,4/5,4/5,4/5,4/5,4/5,4/5,4/5,4/5,4/5,4/5,4/5,4/5,4/5,4/5,4/5,4/5",True,1.0408340855860843e-17,2,32,0.1111111111111111,False,False,False,4/5,True,9/10,0.20000000000000001,constant_9/10,1/10,box,"1,1,1,1,1,1,1,1,1,1,1,1,1,1,1,1,1,1,1,1,1,1,1,1,1,1,1,1,1,1,1",0.1111111111111111,False,False,False
0,True,True,True,"1,1,1,1,1,1,1,1,1,1,1,1,1,1,1,1,1,1,1,1,1,1,1,1,1,1,1,1,1,1,1",0,0,True,True,True,"1,1,1,1,1,1,1,1,1,1,1,1,1,1,1,1,1,1,1,1,1,1,1,1,1,1,1,1,1,1,1",False,0,2,32,0,True,True,True,1,False,9/10,0.25,constant_1,0,box,"1,1,1,1,1,1,1,1,1,1,1,1,1,1,1,1,1,1,1,1,1,1,1,1,1,1,1,1,1,1,1",0,True,True,True
0.00050097097330155924,True,True,True,"1,1,1,1,1,1,1,1,1,1,1,1,1,1,1,1,1,1,1,1,1,1,1,1,1,1,1,1,1,1,1",1/1999,0.001,True,True,True,"999/1000,999/1000,999/1000,999/1000,999/1000,999/1000,999/1000,999/1000,999/1000,999/1000,999/1000,999/1000,999/1000,999/1000,999/1000,999/1000,999/1000,999/1000,999/1000,999/1000,999/1000,999/1000,999/1000,999/1000,999/1000,999/1000,999/1000,999/1000,999/1000,999/1000,999/1000",True,2.7755575615628914e-17,2,32,0.00050025012506253123,True,True,True,999/1000,False,9/10,0.24974999999999997,constant_1,1/1000,box,"1,1,1,1,1,1,1,1,1,1,1,1,1,1,1,1,1,1,1,1,1,1,1,1,1,1,1,1,1,1,1",0.00050025012506253123,True,True,True
0.0025209737188674709,True,True,True,"1,1,1,1,1,1,1,1,1,1,1,1,1,1,1,1,1,1,1,1,1,1,1,1,1,1,1,1,1,1,1",1/399,0.0050000000000000001,True,True,True,"199/200,199/200,199/200,199/200,199/200,199/200,199/200,199/200,199/200,199/200,199/200,199/200,199/200,199/200,199/200,199/200,199/200,199/200,199/200,199/200,199/200,199/200,199/200,199/200,199/200,199/200,199/200,199/200,199/200,199/200,199/200",True,2.7755575615628914e-17,2,32,0.0025062656641604009,True,True,True,199/200,False,9/10,0.24875000000000003,constant_1,1/200,box,"1,1,1,1,1,1,1,1,1,1,1,1,1,1,1,1,1,1,1,1,1,1,1,1,1,1,1,1,1,1,1",0.0025062656641604009,True,True,True
0.0050790028383569993,True,True,True,"1,1,1,1,1,1,1,1,1,1,1,1,1,1,1,1,1,1,1,1,1,1,1,1,1,1,1,1,1,1,1",1/199,0.01,True,True,True,"99/100,99/100,99/100,99/100,99/100,99/100,99/100,99/100,99/100,99/100,99/100,99/100,99/100,99/100,99/100,99/100,99/100,99/100,99/100,99/100,99/100,99/100,99/100,99/100,99/100,99/100,99/100,99/100,99/100,99/100,99/100",True,5.5511151231257827e-17,2,32,0.0050251256281407036,True,True,True,99/100,False,9/10,0.24749999999999994,constant_1,1/100,box,"1,1,1,1,1,1,1,1,1,1,1,1,1,1,1,1,1,1,1,1,1,1,1,1,1,1,1,1,1,1,1",0.0050251256281407036,True,True,True
0.010288913412264141,True,False,True,"1,1,1,1,1,1,1,1,1,1,1,1,1,1,1,1,1,1,1,1,1,1,1,1,1,1,1,1,1,1,1",1/99,0.02,True,False,True,"49/50,49/50,49/50,49/50,49/50,49/50,49/50,49/50,49/50,49/50,49/50,49/50,49/50,49/50,49/50,49/50,49/50,49/50,49/50,49/50,49/50,49/50,49/50,49/50,49/50,49/50,49/50,49/50,49/50,49/50,49/50",True,2.7755575615628914e-17,2,32,0.010101010101010102,True,False,True,49/50,False,9/10,0.24500000000000002,constant_1,1/50,box,"1,1,1,1,1,1,1,1,1,1,1,1,1,1,1,1,1,1,1,1,1,1,1,1,1,1,1,1,1,1,1",0.010101010101010102,True,False,True
0.026608082317021244,True,False,True,"1,1,1,1,1,1,1,1,1,1,1,1,1,1,1,1,1,1,1,1,1,1,1,1,1,1,1,1,1,1,1",1/39,0.050000000000000003,True,False,True,"19/20,19/20,19/20,19/20,19/20,19/20,19/20,19/20,19/20,19/20,19/20,19/20,19/20,19/20,19/20,19/20,19/20,19/20,19/20,19/20,19/20,19/20,19/20,19/20,19/20,19/20,19/20,19/20,19/20,19/20,19/20",True,2.7755575615628914e-17,2,32,0.02564102564102564,True,False,True,19/20,False,9/10,0.23749999999999996,constant_1,1/20,box,"1,1,1,1,1,1,1,1,1,1,1,1,1,1,1,1,1,1,1,1,1,1,1,1,1,1,1,1,1,1,1",0.02564102564102564,True,False,True
0.05600105310310026,True,False,False,"1,1,1,1,1,1,1,1,1,1,1,1,1,1,1,1,1,1,1,1,1,1,1,1,1,1,1,1,1,1,1",1/19,0.10000000000000001,True,False,False,"9/10,9/10,9/10,9/10,9/10,9/10,9/10,9/10,9/10,9/10,9/10,9/10,9/10,9/10,9/10,9/10,9/10,9/10,9/10,9/10,9/10,9/10,9/10,9/10,9/10,9/10,9/10,9/10,9/10,9/10,9/10",True,2.7755575615628914e-17,2,32,0.052631578947368418,True,False,False,9/10,False,9/10,0.22499999999999998,constant_1,1/10,box,"1,1,1,1,1,1,1,1,1,1,1,1,1,1,1,1,1,1,1,1,1,1,1,1,1,1,1,1,1,1,1",0.052631578947368418,True,False,False
0.026608082317021244,True,False,True,"0,1/30,1/15,1/10,2/15,1/6,1/5,7/30,4/15,3/10,1/3,11/30,2/5,13/30,7/15,1/2,8/15,17/30,3/5,19/30,2/3,7/10,11/15,23/30,4/5,5/6,13/15,9/10,14/15,29/30,1",0,0.050000000000000003,True,False,True,"0,1/30,1/15,1/10,2/15,1/6,1/5,7/30,4/15,3/10,1/3,11/30,2/5,13/30,7/15,1/2,8/15,17/30,3/5,19/30,2/3,7/10,11/15,23/30,4/5,5/6,13/15,9/10,14/15,29/30,1",False,0,2,32,0.017241379310344827,True,False,True,19/20,False,9/10,0.23333333333333334,ascending,0,box,"0,1/30,1/15,1/10,2/15,1/6,1/5,7/30,4/15,3/10,1/3,11/30,2/5,13/30,7/15,1/2,8/15,17/30,3/5,19/30,2/3,7/10,11/15,23/30,4/5,5/6,13/15,9/10,14/15,29/30,1",0,True,True,True
0.027168695051585298,True,False,True,"0,1/30,1/15,1/10,2/15,1/6,1/5,7/30,4/15,3/10,1/3,11/30,2/5,13/30,7/15,1/2,8/15,17/30,3/5,19/30,2/3,7/10,11/15,23/30,4/5,5/6,13/15,9/10,14/15,29/30,1",95757293065839648207710506752549/177130586131679296415421013505098000,0.050999999999999997,True,False,False,"-1/1000,97/3000,197/3000,99/1000,397/3000,497/3000,199/1000,697/3000,797/3000,299/1000,997/3000,1097/3000,399/1000,1297/3000,1397/3000,499/1000,1597/3000,1697/3000,599/1000,1897/3000,1997/3000,699/1000,2197/3000,2297/3000,799/1000,2497/3000,2597/3000,899/1000,2797/3000,2897/3000,999/1000",True,2.7755575615628914e-17,2,32,0.017767810936691393,True,False,True,949/1000,False,9/10,0.233088911437701,ascending,1/1000,box,"1/1000,103/3000,203/3000,101/1000,403/3000,503/3000,201/1000,703/3000,803/3000,301/1000,1003/3000,1103/3000,401/1000,1303/3000,1403/3000,501/1000,1603/3000,1703/3000,601/1000,1903/3000,2003/3000,701/1000,2203/3000,2303/3000,801/1000,2503/3000,2603/3000,901/1000,2803/3000,2903/3000,1",0.0005406028126314303,True,True,True
0.029422546158902999,True,False,True,"0,1/30,1/15,1/10,2/15,1/6,1/5,7/30,4/15,3/10,1/3,11/30,2/5,13/30,7/15,1/2,8/15,17/30,3/5,19/30,2/3,7/10,11/15,23/30,4/5,5/6,13/15,9/10,14/15,29/30,1",670301051460877537453973547267843/246792420584351014981589418907137200,0.055,True,False,False,"-1/200,17/600,37/600,19/200,77/600,97/600,39/200,137/600,157/600,59/200,197/600,217/600,79/200,257/600,277/600,99/200,317/600,337/600,119/200,377/600,397/600,139/200,437/600,457/600,159/200,497/600,517/600,179/200,557/600,577/600,199/200",True,2.7755575615628914e-17,2,32,0.019878997407087293,True,False,True,189/200,False,9/10,0.23211301503802262,ascending,1/200,box,"1/200,23/600,43/600,21/200,83/600,103/600,41/200,143/600,163/600,61/200,203/600,223/600,81/200,263/600,283/600,101/200,323/600,343/600,121/200,383/600,403/600,141/200,443/600,463/600,161/200,503/600,523/600,181/200,563/600,583/600,1",0.0027160520159968844,True,True,True
0.032265602088862824,True,False,True,"0,1/30,1/15,1/10,2/15,1/6,1/5,7/30,4/15,3/10,1/3,11/30,2/5,13/30,7/15,1/2,8/15,17/30,3/5,19/30,2/3,7/10,11/15,23/30,4/5,5/6,13/15,9/10,14/15,29/30,1",670301051460877537453973547267843/122652210292175507490794709453568600,0.059999999999999998,True,False,False,"-1/100,7/300,17/300,9/100,37/300,47/300,19/100,67/300,77/300,29/100,97/300,107/300,39/100,127/300,137/300,49/100,157/300,167/300,59/100,187/300,197/300,69/100,217/300,227/300,79/100,247/300,257/300,89/100,277/300,287/300,99/100",True,1.3010426069826053e-18,2,32,0.022530329289428077,True,False,True,47/50,False,9/10,0.23089722359321124,ascending,1/100,box,"1/100,13/300,23/300,11/100,43/300,53/300,21/100,73/300,83/300,31/100,103/300,113/300,41/100,133/300,143/300,51/100,163/300,173/300,61/100,193/300,203/300,71/100,223/300,233/300,81/100,253/300,263/300,91/100,283/300,293/300,1",0.0054650548071178036,True,True,True
0.038038083532222461,True,False,True,"0,1/30,1/15,1/10,2/15,1/6,1/5,7/30,4/15,3/10,1/3,11/30,2/5,13/30,7/15,1/2,8/15,17/30,3/5,19/30,2/3,7/10,11/15,23/30,4/5,5/6,13/15,9/10,14/15,29/30,1",670301051460877537453973547267843/60582105146087753745397354726784300,0.070000000000000007,True,False,False,"-1/50,1/75,7/150,2/25,17/150,11/75,9/50,16/75,37/150,7/25,47/150,26/75,19/50,31/75,67/150,12/25,77/150,41/75,29/50,46/75,97/150,17/25,107/150,56/75,39/50,61/75,127/150,22/25,137/150,71/75,49/50",True,5.5511151231257827e-17,2,32,0.027874564459930314,True,False,True,93/100,False,9/10,0.22847955481663235,ascending,1/50,box,"1/50,4/75,13/150,3/25,23/150,14/75,11/50,19/75,43/150,8/25,53/150,29/75,21/50,34/75,73/150,13/25,83/150,44/75,31/50,49/75,103/150,18/25,113/150,59/75,41/50,64/75,133/150,23/25,143/150,74/75,1",0.011064340696720803,True,False,True
0.05600105310310026,True,False,False,"0,1/30,1/15,1/10,2/15,1/6,1/5,7/30,4/15,3/10,1/3,11/30,2/5,13/30,7/15,1/2,8/15,17/30,3/5,19/30,2/3,7/10,11/15,23/30,4/5,5/6,13/15,9/10,14/15,29/30,1",95757293065839648207710506752549/3334291722633585928308420270101960,0.10000000000000001,True,False,False,"-1/20,-1/60,1/60,1/20,1/12,7/60,3/20,11/60,13/60,1/4,17/60,19/60,7/20,23/60,5/12,9/20,29/60,31/60,11/20,7/12,37/60,13/20,41/60,43/60,3/4,47/60,49/60,17/20,53/60,11/12,19/20",True,3.4694469519536142e-18,2,32,0.044247787610619468,True,False,True,9/10,False,9/10,0.22134424827954494,ascending,1/20,box,"1/20,1/12,7/60,3/20,11/60,13/60,1/4,17/60,19/60,7/20,23/60,5/12,9/20,29/60,31/60,11/20,7/12,37/60,13/20,41/60,43/60,3/4,47/60,49/60,17/20,53/60,11/12,19/20,59/60,1,1",0.028718930744969694,True,False,True
0.087597353165275685,True,False,False,"0,1/30,1/15,1/10,2/15,1/6,1/5,7/30,4/15,3/10,1/3,11/30,2/5,13/30,7/15,1/2,8/15,17/30,3/5,19/30,2/3,7/10,11/15,23/30,4/5,5/6,13/15,9/10,14/15,29/30,1",670301051460877537453973547267843/10926021029217550749079470945356860,0.14999999999999999,False,False,False,"-1/10,-1/15,-1/30,0,1/30,1/15,1/10,2/15,1/6,1/5,7/30,4/15,3/10,1/3,11/30,2/5,13/30,7/15,1/2,8/15,17/30,3/5,19/30,2/3,7/10,11/15,23/30,4/5,5/6,13/15,9/10",True,2.7755575615628914e-17,2,32,0.072727272727272724,True,False,False,17/20,False,9/10,0.20989249148575467,ascending,1/10,box,"1/10,2/15,1/6,1/5,7/30,4/15,3/10,1/3,11/30,2/5,13/30,7/15,1/2,8/15,17/30,3/5,19/30,2/3,7/10,11/15,23/30,4/5,5/6,13/15,9/10,14/15,29/30,1,1,1,1",0.061349053756020462,True,False,False
0.92463273339799057,False,False,False,"1,29/30,14/15,9/10,13/15,5/6,4/5,23/30,11/15,7/10,2/3,19/30,3/5,17/30,8/15,1/2,7/15,13/30,2/5,11/30,1/3,3/10,4/15,7/30,1/5,1/6,2/15,1/10,1/15,1/30,0",29/32,0.94999999999999996,False,False,False,"1,29/30,14/15,9/10,13/15,5/6,4/5,23/30,11/15,7/10,2/3,19/30,3/5,17/30,8/15,1/2,7/15,13/30,2/5,11/30,1/3,3/10,4/15,7/30,1/5,1/6,2/15,1/10,1/15,1/30,0",False,1.0408340855860843e-17,2,32,0.90625,False,False,False,1/20,False,9/10,0.012500000000000011,descending,0,box,"1,29/30,14/15,9/10,13/15,5/6,4/5,23/30,11/15,7/10,2/3,19/30,3/5,17/30,8/15,1/2,7/15,13/30,2/5,11/30,1/3,3/10,4/15,7/30,1/5,1/6,2/15,1/10,1/15,1/30,0",0.90625,False,False,False
0.92610763978376232,False,False,False,"1,29/30,14/15,9/10,13/15,5/6,4/5,23/30,11/15,7/10,2/3,19/30,3/5,17/30,8/15,1/2,7/15,13/30,2/5,11/30,1/3,3/10,4/15,7/30,1/5,1/6,2/15,1/10,1/15,1/30,0",2903/3197,0.95099999999999996,False,False,False,"999/1000,2897/3000,2797/3000,899/1000,2597/3000,2497/3000,799/1000,2297/3000,2197/3000,699/1000,1997/3000,1897/3000,599/1000,1697/3000,1597/3000,499/1000,1397/3000,1297/3000,399/1000,1097/3000,997/3000,299/1000,797/3000,697/3000,199/1000,497/3000,397/3000,99/1000,197/3000,97/3000,-1/1000",True,2.7755575615628914e-17,2,32,0.90803878636221458,False,False,False,49/1000,False,9/10,0.012250000000000011,descending,1/1000,box,"1,2903/3000,2803/3000,901/1000,2603/3000,2503/3000,801/1000,2303/3000,2203/3000,701/1000,2003/3000,1903/3000,601/1000,1703/3000,1603/3000,501/1000,1403/3000,1303/3000,401/1000,1103/3000,1003/3000,301/1000,803/3000,703/3000,201/1000,503/3000,403/3000,101/1000,203/3000,103/3000,1/1000",0.90803878636221458,False,False,False
0.93202041330117247,False,False,False,"1,29/30,14/15,9/10,13/15,5/6,4/5,23/30,11/15,7/10,2/3,19/30,3/5,17/30,8/15,1/2,7/15,13/30,2/5,11/30,1/3,3/10,4/15,7/30,1/5,1/6,2/15,1/10,1/15,1/30,0",583/637,0.95499999999999996,False,False,False,"199/200,577/600,557/600,179/200,517/600,497/600,159/200,457/600,437/600,139/200,397/600,377/600,119/200,337/600,317/600,99/200,277/600,257/600,79/200,217/600,197/600,59/200,157/600,137/600,39/200,97/600,77/600,19/200,37/600,17/600,-1/200",True,1.0408340855860843e-17,2,32,0.9152276295133438,False,False,False,9/200,False,9/10,0.01125000000000001,descending,1/200,box,"1,583/600,563/600,181/200,523/600,503/600,161/200,463/600,443/600,141/200,403/600,383/600,121/200,343/600,323/600,101/200,283/600,263/600,81/200,223/600,203/600,61/200,163/600,143/600,41/200,103/600,83/600,21/200,43/600,23/600,1/200",0.9152276295133438,False,False,False
0.93944101057194307,False,False,False,"1,29/30,14/15,9/10,13/15,5/6,4/5,23/30,11/15,7/10,2/3,19/30,3/5,17/30,8/15,1/2,7/15,13/30,2/5,11/30,1/3,3/10,4/15,7/30,1/5,1/6,2/15,1/10,1/15,1/30,0",293/317,0.95999999999999996,False,False,False,"99/100,287/300,277/300,89/100,257/300,247/300,79/100,227/300,217/300,69/100,197/300,187/300,59/100,167/300,157/300,49/100,137/300,127/300,39/100,107/300,97/300,29/100,77/300,67/300,19/100,47/300,37/300,9/100,17/300,7/300,-1/100",True,1.9081958235744878e-17,2,32,0.9242902208201893,False,False,False,1/25,False,9/10,0.0099999999999999811,descending,1/100,box,"1,293/300,283/300,91/100,263/300,253/300,81/100,233/300,223/300,71/100,203/300,193/300,61/100,173/300,163/300,51/100,143/300,133/300,41/100,113/300,103/300,31/100,83/300,73/300,21/100,53/300,43/300,11/100,23/300,13/300,1/100",0.9242902208201893,False,False,False
0.95438126960916003,False,False,False,"1,29/30,14/15,9/10,13/15,5/6,4/5,23/30,11/15,7/10,2/3,19/30,3/5,17/30,8/15,1/2,7/15,13/30,2/5,11/30,1/3,3/10,4/15,7/30,1/5,1/6,2/15,1/10,1/15,1/30,0",148/157,0.96999999999999997,False,False,False,"49/50,71/75,137/150,22/25,127/150,61/75,39/50,56/75,107/150,17/25,97/150,46/75,29/50,41/75,77/150,12/25,67/150,31/75,19/50,26/75,47/150,7/25,37/150,16/75,9/50,11/75,17/150,2/25,7/150,1/75,-1/50",True,6.9388939039072284e-18,2,32,0.9426751592356688,False,False,False,3/100,False,9/10,0.0075000000000000067,descending,1/50,box,"1,74/75,143/150,23/25,133/150,64/75,41/50,59/75,113/150,18/25,103/150,49/75,31/50,44/75,83/150,13/25,73/150,34/75,21/50,29/75,53/150,8/25,43/150,19/75,11/50,14/75,23/150,3/25,13/150,4/75,1/50",0.9426751592356688,False,False,False
1,False,False,False,"1,29/30,14/15,9/10,13/15,5/6,4/5,23/30,11/15,7/10,2/3,19/30,3/5,17/30,8/15,1/2,7/15,13/30,2/5,11/30,1/3,3/10,4/15,7/30,1/5,1/6,2/15,1/10,1/15,1/30,0",1,1,False,False,False,"19/20,11/12,53/60,17/20,49/60,47/60,3/4,43/60,41/60,13/20,37/60,7/12,11/20,31/60,29/60,9/20,5/12,23/60,7/20,19/60,17/60,1/4,13/60,11/60,3/20,7/60,1/12,1/20,1/60,-1/60,-1/20",True,0,1,32,1,False,False,False,0,False,9/10,,descending,1/20,box,"1,1,59/60,19/20,11/12,53/60,17/20,49/60,47/60,3/4,43/60,41/60,13/20,37/60,7/12,11/20,31/60,29/60,9/20,5/12,23/60,7/20,19/60,17/60,1/4,13/60,11/60,3/20,7/60,1/12,1/20",1,False,False,False
1,False,False,False,"1,29/30,14/15,9/10,13/15,5/6,4/5,23/30,11/15,7/10,2/3,19/30,3/5,17/30,8/15,1/2,7/15,13/30,2/5,11/30,1/3,3/10,4/15,7/30,1/5,1/6,2/15,1/10,1/15,1/30,0",1,1,False,False,False,"9/10,13/15,5/6,4/5,23/30,11/15,7/10,2/3,19/30,3/5,17/30,8/15,1/2,7/15,13/30,2/5,11/30,1/3,3/10,4/15,7/30,1/5,1/6,2/15,1/10,1/15,1/30,0,-1/30,-1/15,-1/10",True,2.0816681711721685e-17,1,32,1,False,False,False,-1/20,False,9/10,,descending,1/10,box,"1,1,1,1,29/30,14/15,9/10,13/15,5/6,4/5,23/30,11/15,7/10,2/3,19/30,3/5,17/30,8/15,1/2,7/15,13/30,2/5,11/30,1/3,3/10,4/15,7/30,1/5,1/6,2/15,1/10",1,False,False,False
0.45803566883463603,False,False,False,"0,1,0,1,0,1,0,1,0,1,0,1,0,1,0,1,0,1,0,1,0,1,0,1,0,1,0,1,0,1,0",0,0.58056529419101388,False,False,False,"0,1,0,1,0,1,0,1,0,1,0,1,0,1,0,1,0,1,0,1,0,1,0,1,0,1,0,1,0,1,0",False,1.0408340855860843e-17,2,32,0.43126652632819551,False,False,False,12109499313010434397077/28870999813079833984375,False,9/10,0.02534509189571571,alternating,0,box,"0,1,0,1,0,1,0,1,0,1,0,1,0,1,0,1,0,1,0,1,0,1,0,1,0,1,0,1,0,1,0",0,True,True,True
0.45911264615730063,False,False,False,"0,1,0,1,0,1,0,1,0,1,0,1,0,1,0,1,0,1,0,1,0,1,0,1,0,1,0,1,0,1,0",336189002692114034589009/186401092712208593814437000,0.58156529419101388,False,False,False,"-1/1000,999/1000,-1/1000,999/1000,-1/1000,999/1000,-1/1000,999/1000,-1/1000,999/1000,-1/1000,999/1000,-1/1000,999/1000,-1/1000,999/1000,-1/1000,999/1000,-1/1000,999/1000,-1/1000,999/1000,-1/1000,999/1000,-1/1000,999/1000,-1/1000,999/1000,-1/1000,999/1000,-1/1000",True,1.7347234759768071e-17,2,32,0.43223754926124475,False,False,False,96645026505578836504741/230967998504638671875000,False,9/10,0.025302396293860704,alternating,1/1000,box,"1/1000,1,1/1000,1,1/1000,1,1/1000,1,1/1000,1,1/1000,1,1/1000,1,1/1000,1,1/1000,1,1/1000,1,1/1000,1,1/1000,1,1/1000,1,1/1000,1,1/1000,1,1/1000",0.0018035784973169037,True,True,True
0.46343124330676233,False,False,False,"0,1,0,1,0,1,0,1,0,1,0,1,0,1,0,1,0,1,0,1,0,1,0,1,0,1,0,1,0,1,0",112063000897371344863003/12180373649075625004295800,0.58556529419101389,False,False,False,"-1/200,199/200,-1/200,199/200,-1/200,199/200,-1/200,199/200,-1/200,199/200,-1/200,199/200,-1/200,199/200,-1/200,199/200,-1/200,199/200,-1/200,199/200,-1/200,199/200,-1/200,199/200,-1/200,199/200,-1/200,199/200,-1/200,199/200,-1/200",True,3.4694469519536142e-18,2,32,0.43613485238673955,False,False,False,95721154511560281817241/230967998504638671875000,False,9/10,0.025160620451617516,alternating,1/200,box,"1/200,1,1/200,1,1/200,1,1/200,1,1/200,1,1/200,1,1/200,1,1/200,1,1/200,1,1/200,1,1/200,1,1/200,1,1/200,1,1/200,1,1/200,1,1/200",0.0092002925465160812,True,True,True
0.46885353770164045,False,False,False,"0,1,0,1,0,1,0,1,0,1,0,1,0,1,0,1,0,1,0,1,0,1,0,1,0,1,0,1,0,1,0",336189002692114034589009/17808624476604160162693700,0.59056529419101389,False,False,False,"-1/100,99/100,-1/100,99/100,-1/100,99/100,-1/100,99/100,-1/100,99/100,-1/100,99/100,-1/100,99/100,-1/100,99/100,-1/100,99/100,-1/100,99/100,-1/100,99/100,-1/100,99/100,-1/100,99/100,-1/100,99/100,-1/100,99/100,-1/100",True,2.0816681711721685e-17,2,32,0.44103640983692138,False,False,False,47283157259518544228933/115483999252319335937500,False,9/10,0.0250520512122617,alternating,1/100,box,"1/100,1,1/100,1,1/100,1,1/100,1,1/100,1,1/100,1,1/100,1,1/100,1,1/100,1,1/100,1,1/100,1,1/100,1,1/100,1,1/100,1,1/100,1,1/100",0.018877875892873017,True,False,True
0.47977828066768985,False,False,False,"0,1,0,1,0,1,0,1,0,1,0,1,0,1,0,1,0,1,0,1,0,1,0,1,0,1,0,1,0,1,0",8620230838259334220231/216471185674174429169150,0.6005652941910139,False,False,False,"-1/50,49/50,-1/50,49/50,-1/50,49/50,-1/50,49/50,-1/50,49/50,-1/50,49/50,-1/50,49/50,-1/50,49/50,-1/50,49/50,-1/50,49/50,-1/50,49/50,-1/50,49/50,-1/50,49/50,-1/50,49/50,-1/50,49/50,-1/50",True,1.3877787807814457e-17,2,32,0.45094058929950154,False,False,False,23064158633497675434779/57741999626159667968750,False,9/10,0.025087537896503947,alternating,1/50,box,"1/50,1,1/50,1,1/50,1,1/50,1,1/50,1,1/50,1,1/50,1,1/50,1,1/50,1,1/50,1,1/50,1,1/50,1,1/50,1,1/50,1,1/50,1,1/50",0.039821608642335582,True,False,True
0.51319329082339105,False,False,False,"0,1,0,1,0,1,0,1,0,1,0,1,0,1,0,1,0,1,0,1,0,1,0,1,0,1,0,1,0,1,0",112063000897371344863003/940875766701996094179580,0.63056529419101381,False,False,False,"-1/20,19/20,-1/20,19/20,-1/20,19/20,-1/20,19/20,-1/20,19/20,-1/20,19/20,-1/20,19/20,-1/20,19/20,-1/20,19/20,-1/20,19/20,-1/20,19/20,-1/20,19/20,-1/20,19/20,-1/20,19/20,-1/20,19/20,-1/20",True,1.0408340855860843e-17,2,32,0.48148717667751045,False,False,False,42663797289425770791433/115483999252319335937500,False,9/10,0.02781034241198356,alternating,1/20,box,"1/20,1,1/20,1,1/20,1,1/20,1,1/20,1,1/20,1,1/20,1,1/20,1,1/20,1,1/20,1,1/20,1,1/20,1,1/20,1,1/20,1,1/20,1,1/20",0.1191049922458733,False,False,False
0.57101347854140594,False,False,False,"0,1,0,1,0,1,0,1,0,1,0,1,0,1,0,1,0,1,0,1,0,1,0,1,0,1,0,1,0,1,0",336189002692114034589009/949377653043716797519370,0.68056529419101386,False,False,False,"-1/10,9/10,-1/10,9/10,-1/10,9/10,-1/10,9/10,-1/10,9/10,-1/10,9/10,-1/10,9/10,-1/10,9/10,-1/10,9/10,-1/10,9/10,-1/10,9/10,-1/10,9/10,-1/10,9/10,-1/10,9/10,-1/10,9/10,-1/10",True,6.9388939039072284e-18,2,32,0.53536029616688274,False,False,False,18444798663404901997279/57741999626159667968750,False,9/10,0.04870766205810699,alternating,1/10,box,"1/10,1,1/10,1,1/10,1,1/10,1,1/10,1,1/10,1,1/10,1,1/10,1,1/10,1,1/10,1,1/10,1,1/10,1,1/10,1,1/10,1,1/10,1,1/10",0.3541151422874636,False,False,False
0.19647644489469443,False,False,False,"1,3/4,3/4,1,1/2,3/4,3/4,1/4,1/2,0,1/4,1/2,3/4,1/4,3/4,1/4,1/2,0,0,1/2,0,3/4,1/4,1/2,0,1/4,1/4,0,1/2,1,1",0,0.29901335711848076,False,False,False,"1,3/4,3/4,1,1/2,3/4,3/4,1/4,1/2,0,1/4,1/2,3/4,1/4,3/4,1/4,1/2,0,0,1/2,0,3/4,1/4,1/2,0,1/4,1/4,0,1/2,1,1",False,2.7755575615628914e-17,2,32,0.11505375397213527,False,False,False,86922343717308384267423598460059/124000000000000000000000000000000,False,9/10,0.15246246758157311,random_271,0,box,"1,3/4,3/4,1,1/2,3/4,3/4,1/4,1/2,0,1/4,1/2,3/4,1/4,3/4,1/4,1/2,0,0,1/2,0,3/4,1/4,1/2,0,1/4,1/4,0,1/2,1,1",0,True,True,True
0.19726403916872134,False,False,False,"1,3/4,3/4,1,1/2,3/4,3/4,1/4,1/2,0,1/4,1/2,3/4,1/4,3/4,1/4,1/2,0,0,1/2,0,3/4,1/4,1/2,0,1/4,1/4,0,1/2,1,1",60418284174023300677681724621132/86384973033588625171112657092428125,0.30001335711848076,False,False,False,"999/1000,749/1000,749/1000,999/1000,499/1000,749/1000,749/1000,249/1000,499/1000,-1/1000,249/1000,499/1000,749/1000,249/1000,749/1000,249/1000,499/1000,-1/1000,-1/1000,499/1000,-1/1000,749/1000,249/1000,499/1000,-1/1000,249/1000,249/1000,-1/1000,499/1000,999/1000,999/1000",True,1.6263032587282567e-19,2,32,0.11575803692551213,False,False,False,86798343717308384267423598460059/124000000000000000000000000000000,False,9/10,0.15223154767968397,random_271,1/1000,box,"1,751/1000,751/1000,1,501/1000,751/1000,751/1000,251/1000,501/1000,1/1000,251/1000,501/1000,751/1000,251/1000,751/1000,251/1000,501/1000,1/1000,1/1000,501/1000,1/1000,751/1000,251/1000,501/1000,1/1000,251/1000,251/1000,1/1000,501/1000,1,1",0.00069940733963685063,True,True,True
0.20042395081393161,False,False,False,"1,3/4,3/4,1,1/2,3/4,3/4,1/4,1/2,0,1/4,1/2,3/4,1/4,3/4,1/4,1/2,0,0,1/2,0,3/4,1/4,1/2,0,1/4,1/4,0,1/2,1,1",181254852522069902033045173863396/51632583820153175102667594255456875,0.30401335711848076,False,False,False,"199/200,149/200,149/200,199/200,99/200,149/200,149/200,49/200,99/200,-1/200,49/200,99/200,149/200,49/200,149/200,49/200,99/200,-1/200,-1/200,99/200,-1/200,149/200,49/200,99/200,-1/200,49/200,49/200,-1/200,99/200,199/200,199/200",True,2.7755575615628914e-17,2,32,0.11858408796481262,False,False,False,86302343717308384267423598460059/124000000000000000000000000000000,False,9/10,0.15130851902418016,random_271,1/200,box,"1,151/200,151/200,1,101/200,151/200,151/200,51/200,101/200,1/200,51/200,101/200,151/200,51/200,151/200,51/200,101/200,1/200,1/200,101/200,1/200,151/200,51/200,101/200,1/200,51/200,51/200,1/200,101/200,1,1",0.0035104741833842275,True,True,True
0.20439534809227289,False,False,False,"1,3/4,3/4,1,1/2,3/4,3/4,1/4,1/2,0,1/4,1/2,3/4,1/4,3/4,1/4,1/2,0,0,1/2,0,3/4,1/4,1/2,0,1/4,1/4,0,1/2,1,1",120836568348046601355363449242264/17128194606717725034222531418485625,0.30901335711848077,False,False,False,"99/100,37/50,37/50,99/100,49/100,37/50,37/50,6/25,49/100,-1/100,6/25,49/100,37/50,6/25,37/50,6/25,49/100,-1/100,-1/100,49/100,-1/100,37/50,6/25,49/100,-1/100,6/25,6/25,-1/100,49/100,99/100,99/100",True,2.7755575615628914e-17,2,32,0.1221368475004445,False,False,False,85682343717308384267423598460059/124000000000000000000000000000000,False,9/10,0.15015621198467069,random_271,1/100,box,"1,19/25,19/25,1,51/100,19/25,19/25,13/50,51/100,1/100,13/50,51/100,19/25,13/50,19/25,13/50,51/100,1/100,1/100,51/100,1/100,19/25,13/50,51/100,1/100,13/50,13/50,1/100,51/100,1,1",0.0070548339228148522,True,True,True
0.21241017930845763,False,False,False,"1,3/4,3/4,1,1/2,3/4,3/4,1/4,1/2,0,1/4,1/2,3/4,1/4,3/4,1/4,1/2,0,0,1/2,0,3/4,1/4,1/2,0,1/4,1/4,0,1/2,1,1",725019410088279608132180695453584/50888583820153175102667594255456875,0.31901335711848078,False,False,False,"49/50,73/100,73/100,49/50,12/25,73/100,73/100,23/100,12/25,-1/50,23/100,12/25,73/100,23/100,73/100,23/100,12/25,-1/50,-1/50,12/25,-1/50,73/100,23/100,12/25,-1/50,23/100,23/100,-1/50,12/25,49/50,49/50",True,2.7755575615628914e-17,2,32,0.12931050337976524,False,False,False,84442343717308384267423598460059/124000000000000000000000000000000,False,9/10,0.14785661845641693,random_271,1/50,box,"1,77/100,77/100,1,13/25,77/100,77/100,27/100,13/25,1/50,27/100,13/25,77/100,27/100,77/100,27/100,13/25,1/50,1/50,13/25,1/50,77/100,27/100,13/25,1/50,27/100,27/100,1/50,13/25,1,1",0.014247191720850236,True,False,True
0.2370372944809428,False,False,False,"1,3/4,3/4,1,1/2,3/4,3/4,1/4,1/2,0,1/4,1/2,3/4,1/4,3/4,1/4,1/2,0,0,1/2,0,3/4,1/4,1/2,0,1/4,1/4,0,1/2,1,1",362509705044139804066090347726792/9880116764030635020533518851091375,0.34901335711848075,False,False,False,"19/20,7/10,7/10,19/20,9/20,7/10,7/10,1/5,9/20,-1/20,1/5,9/20,7/10,1/5,7/10,1/5,9/20,-1/20,-1/20,9/20,-1/20,7/10,1/5,9/20,-1/20,1/5,1/5,-1/20,9/20,19/20,19/20",True,6.9388939039072284e-18,2,32,0.1513925532948395,False,False,False,80722343717308384267423598460059/124000000000000000000000000000000,False,9/10,0.14099981697200847,random_271,1/20,box,"1,4/5,4/5,1,11/20,4/5,4/5,3/10,11/20,1/20,3/10,11/20,4/5,3/10,4/5,3/10,11/20,1/20,1/20,11/20,1/20,4/5,3/10,11/20,1/20,3/10,3/10,1/20,11/20,1,1",0.036690832072338024,True,False,True
0.2800640048530631,False,False,False,"1,3/4,3/4,1,1/2,3/4,3/4,1/4,1/2,0,1/4,1/2,3/4,1/4,3/4,1/4,1/2,0,0,1/2,0,3/4,1/4,1/2,0,1/4,1/4,0,1/2,1,1",34524733813727600387246699783504/446862703049077858120643754813875,0.39901335711848079,False,False,False,"9/10,13/20,13/20,9/10,2/5,13/20,13/20,3/20,2/5,-1/10,3/20,2/5,13/20,3/20,13/20,3/20,2/5,-1/10,-1/10,2/5,-1/10,13/20,3/20,2/5,-1/10,3/20,3/20,-1/10,2/5,9/10,9/10",True,2.7755575615628914e-17,2,32,0.1901796515504994,False,False,False,74522343717308384267423598460059/124000000000000000000000000000000,False,9/10,0.1297250577319258,random_271,1/10,box,"1,17/20,17/20,1,3/5,17/20,17/20,7/20,3/5,1/10,7/20,3/5,17/20,7/20,17/20,7/20,3/5,1/10,1/10,3/5,1/10,17/20,7/20,3/5,1/10,7/20,7/20,1/10,3/5,1,1",0.07726027161845242,True,False,False
0.26754798985838224,False,False,False,"0,3/4,1/2,3/4,1/4,0,0,1,3/4,1/2,0,0,1/2,0,1,1/2,1,1/2,3/4,3/4,0,1/2,1/4,1/4,1/2,1,0,1/2,1/2,1,1/2",0,0.38476612967067508,False,False,False,"0,3/4,1/2,3/4,1/4,0,0,1,3/4,1/2,0,0,1/2,0,1,1/2,1,1/2,3/4,3/4,0,1/2,1/4,1/4,1/2,1,0,1/2,1/2,1,1/2",False,2.7755575615628914e-17,2,32,0.23098599649005938,False,False,False,38144499960418145941869464446469/62000000000000000000000000000000,False,9/10,0.10760956614365995,random_811,0,box,"0,3/4,1/2,3/4,1/4,0,0,1,3/4,1/2,0,0,1/2,0,1,1/2,1,1/2,3/4,3/4,0,1/2,1/4,1/4,1/2,1,0,1/2,1/2,1,1/2",0,True,True,True
0.26841977816190998,False,False,False,"0,3/4,1/2,3/4,1/4,0,0,1,3/4,1/2,0,0,1/2,0,1,1/2,1,1/2,3/4,3/4,0,1/2,1/4,1/4,1/2,1,0,1/2,1/2,1,1/2",72130644848389264236949683495747/44827909834447567447101788239742500,0.38576612967067508,False,False,False,"-1/1000,749/1000,499/1000,749/1000,249/1000,-1/1000,-1/1000,999/1000,749/1000,499/1000,-1/1000,-1/1000,499/1000,-1/1000,999/1000,499/1000,999/1000,499/1000,749/1000,749/1000,-1/1000,499/1000,249/1000,249/1000,499/1000,999/1000,-1/1000,499/1000,499/1000,999/1000,499/1000",True,1.3877787807814457e-17,2,32,0.23175581551069091,False,False,False,38082499960418145941869464446469/62000000000000000000000000000000,False,9/10,0.10755618819172225,random_811,1/1000,box,"1/1000,751/1000,501/1000,751/1000,251/1000,1/1000,1/1000,1,751/1000,501/1000,1/1000,1/1000,501/1000,1/1000,1,501/1000,1,501/1000,751/1000,751/1000,1/1000,501/1000,251/1000,251/1000,501/1000,1,1/1000,501/1000,501/1000,1,501/1000",0.0016090566148359918,True,True,True
0.27191702865244782,False,False,False,"0,3/4,1/2,3/4,1/4,0,0,1,3/4,1/2,0,0,1/2,0,1,1/2,1,1/2,3/4,3/4,0,1/2,1/4,1/4,1/2,1,0,1/2,1/2,1,1/2",72130644848389264236949683495747/8767181966889513489420357647948500,0.38976612967067509,False,False,False,"-1/200,149/200,99/200,149/200,49/200,-1/200,-1/200,199/200,149/200,99/200,-1/200,-1/200,99/200,-1/200,199/200,99/200,199/200,99/200,149/200,149/200,-1/200,99/200,49/200,49/200,99/200,199/200,-1/200,99/200,99/200,199/200,99/200",True,4.163336342344337e-17,2,32,0.23484474413953307,False,False,False,37834499960418145941869464446469/62000000000000000000000000000000,False,9/10,0.10737495400183353,random_811,1/200,box,"1/200,151/200,101/200,151/200,51/200,1/200,1/200,1,151/200,101/200,1/200,1/200,101/200,1/200,1,101/200,1,101/200,151/200,151/200,1/200,101/200,51/200,51/200,101/200,1,1/200,101/200,101/200,1,101/200",0.0082273466115794919,True,True,True
0.2763113527583444,False,False,False,"0,3/4,1/2,3/4,1/4,0,0,1,3/4,1/2,0,0,1/2,0,1,1/2,1,1/2,3/4,3/4,0,1/2,1/4,1/4,1/2,1,0,1/2,1/2,1,1/2",72130644848389264236949683495747/4259590983444756744710178823974250,0.39476612967067509,False,False,False,"-1/100,37/50,49/100,37/50,6/25,-1/100,-1/100,99/100,37/50,49/100,-1/100,-1/100,49/100,-1/100,99/100,49/100,99/100,49/100,37/50,37/50,-1/100,49/100,6/25,6/25,49/100,99/100,-1/100,49/100,49/100,99/100,49/100",True,5.5511151231257827e-17,2,32,0.23872775974236918,False,False,False,37524499960418145941869464446469/62000000000000000000000000000000,False,9/10,0.10722526422396245,random_811,1/100,box,"1/100,19/25,51/100,19/25,13/50,1/100,1/100,1,19/25,51/100,1/100,1/100,51/100,1/100,1,51/100,1,51/100,19/25,19/25,1/100,51/100,13/50,13/50,51/100,1,1/100,51/100,51/100,1,51/100",0.01693370211570332,True,False,True
0.28517613211955745,False,False,False,"0,3/4,1/2,3/4,1/4,0,0,1,3/4,1/2,0,0,1/2,0,1,1/2,1,1/2,3/4,3/4,0,1/2,1/4,1/4,1/2,1,0,1/2,1/2,1,1/2",72130644848389264236949683495747/2005795491722378372355089411987125,0.40476612967067505,False,False,False,"-1/50,73/100,12/25,73/100,23/100,-1/50,-1/50,49/50,73/100,12/25,-1/50,-1/50,12/25,-1/50,49/50,12/25,49/50,12/25,73/100,73/100,-1/50,12/25,23/100,23/100,12/25,49/50,-1/50,12/25,12/25,49/50,12/25",True,1.3877787807814457e-17,2,32,0.24656751634159413,False,False,False,36904499960418145941869464446469/62000000000000000000000000000000,False,9/10,0.10721215160094417,random_811,1/50,box,"1/50,77/100,13/25,77/100,27/100,1/50,1/50,1,77/100,13/25,1/50,1/50,13/25,1/50,1,13/25,1,13/25,77/100,77/100,1/50,13/25,27/100,27/100,13/25,1,1/50,13/25,13/25,1,13/25",0.035961116248422027,True,False,True
0.31238420066904099,False,False,False,"0,3/4,1/2,3/4,1/4,0,0,1,3/4,1/2,0,0,1/2,0,1,1/2,1,1/2,3/4,3/4,0,1/2,1/4,1/4,1/2,1,0,1/2,1/2,1,1/2",72130644848389264236949683495747/653518196688951348942035764794850,0.43476612967067507,False,False,False,"-1/20,7/10,9/20,7/10,1/5,-1/20,-1/20,19/20,7/10,9/20,-1/20,-1/20,9/20,-1/20,19/20,9/20,19/20,9/20,7/10,7/10,-1/20,9/20,1/5,1/5,9/20,19/20,-1/20,9/20,9/20,19/20,9/20",True,4.163336342344337e-17,2,32,0.27069371195366537,False,False,False,35044499960418145941869464446469/62000000000000000000000000000000,False,9/10,0.11024511293091205,random_811,1/20,box,"1/20,4/5,11/20,4/5,3/10,1/20,1/20,1,4/5,11/20,1/20,1/20,11/20,1/20,1,11/20,1,11/20,4/5,4/5,1/20,11/20,3/10,3/10,11/20,1,1/20,11/20,11/20,1,11/20",0.11037281779426959,False,False,False
0.35980431754878783,False,False,False,"0,3/4,1/2,3/4,1/4,0,0,1,3/4,1/2,0,0,1/2,0,1,1/2,1,1/2,3/4,3/4,0,1/2,1/4,1/4,1/2,1,0,1/2,1/2,1,1/2",216371247003093721827260205565080/713702827846554476087888460386087,0.48476612967067506,False,False,False,"-1/10,13/20,2/5,13/20,3/20,-1/10,-1/10,9/10,13/20,2/5,-1/10,-1/10,2/5,-1/10,9/10,2/5,9/10,2/5,13/20,13/20,-1/10,2/5,3/20,3/20,2/5,9/10,-1/10,2/5,2/5,9/10,2/5",True,2.7755575615628914e-17,2,32,0.31304850441422649,False,False,False,31944499960418145941869464446469/62000000000000000000000000000000,False,9/10,0.12695563943127533,random_811,1/10,box,"1/10,17/20,3/5,17/20,7/20,1/10,1/10,1,17/20,3/5,1/10,1/10,3/5,1/10,1,3/5,1,3/5,17/20,17/20,1/10,3/5,7/20,7/20,3/5,1,1/10,3/5,3/5,1,3/5",0.30316714262706179,False,False,False
0.34847228354400062,False,False,False,"0,1,1/4,0,3/4,0,1/2,1/4,1,1/2,1/2,1/2,1,3/4,1,1,1,1/2,1/4,1/4,0,1/4,0,1/2,1,0,1/4,3/4,1/2,0,1",0,0.47306469796911854,False,False,False,"0,1,1/4,0,3/4,0,1/2,1/4,1,1/2,1/2,1/2,1,3/4,1,1,1,1/2,1/4,1/4,0,1/4,0,1/2,1,0,1/4,3/4,1/2,0,1",False,1.3877787807814457e-17,2,32,0.27911116701793026,False,False,False,8167497181478662724914223376173/15500000000000000000000000000000,False,9/10,0.080729592828601107,random_1619,0,box,"0,1,1/4,0,3/4,0,1/2,1/4,1,1/2,1/2,1/2,1,3/4,1,1,1,1/2,1/4,1/4,0,1/4,0,1/2,1,0,1/4,3/4,1/2,0,1",0,True,True,True
0.34943509318782418,False,False,False,"0,1,1/4,0,3/4,0,1/2,1/4,1,1/2,1/2,1/2,1,3/4,1,1,1,1/2,1/4,1/4,0,1/4,0,1/2,1,0,1/4,3/4,1/2,0,1",112517032861211377247581050425863/91338373165112554989016828429935250,0.47406469796911854,False,False,False,"-1/1000,999/1000,249/1000,-1/1000,749/1000,-1/1000,499/1000,249/1000,999/1000,499/1000,499/1000,499/1000,999/1000,749/1000,999/1000,999/1000,999/1000,499/1000,249/1000,249/1000,-1/1000,249/1000,-1/1000,499/1000,999/1000,-1/1000,249/1000,749/1000,499/1000,-1/1000,999/1000",True,1.6263032587282567e-19,2,32,0.27998672814956438,False,False,False,8151997181478662724914223376173/15500000000000000000000000000000,False,9/10,0.080579548438788659,random_1619,1/1000,box,"1/1000,1,251/1000,1/1000,751/1000,1/1000,501/1000,251/1000,1,501/1000,501/1000,501/1000,1,751/1000,1,1,1,501/1000,251/1000,251/1000,1/1000,251/1000,1/1000,501/1000,1,1/1000,251/1000,751/1000,501/1000,1/1000,1",0.0012318703406049736,True,True,True
0.3532968309783559,False,False,False,"0,1,1/4,0,3/4,0,1/2,1/4,1,1/2,1/2,1/2,1,3/4,1,1,1,1/2,1/4,1/4,0,1/4,0,1/2,1,0,1/4,3/4,1/2,0,1",112517032861211377247581050425863/18069274633022510997803365685987050,0.47806469796911855,False,False,False,"-1/200,199/200,49/200,-1/200,149/200,-1/200,99/200,49/200,199/200,99/200,99/200,99/200,199/200,149/200,199/200,199/200,199/200,99/200,49/200,49/200,-1/200,49/200,-1/200,99/200,199/200,-1/200,49/200,149/200,99/200,-1/200,199/200",True,1.3877787807814457e-17,2,32,0.28350099214824032,False,False,False,8089997181478662724914223376173/15500000000000000000000000000000,False,9/10,0.079988607412397189,random_1619,1/200,box,"1/200,1,51/200,1/200,151/200,1/200,101/200,51/200,1,101/200,101/200,101/200,1,151/200,1,1,1,101/200,51/200,51/200,1/200,51/200,1/200,101/200,1,1/200,51/200,151/200,101/200,1/200,1",0.0062269811681084763,True,True,True
0.3581476512321114,False,False,False,"0,1,1/4,0,3/4,0,1/2,1/4,1,1/2,1/2,1/2,1,3/4,1,1,1,1/2,1/4,1/4,0,1/4,0,1/2,1,0,1/4,3/4,1/2,0,1",16073861837315911035368721489409/1272948188073036499843097548999075,0.48306469796911855,False,False,False,"-1/100,99/100,6/25,-1/100,37/50,-1/100,49/100,6/25,99/100,49/100,49/100,49/100,99/100,37/50,99/100,99/100,99/100,49/100,6/25,6/25,-1/100,6/25,-1/100,49/100,99/100,-1/100,6/25,37/50,49/100,-1/100,99/100",True,1.3877787807814457e-17,2,32,0.28792105222330494,False,False,False,8012497181478662724914223376173/15500000000000000000000000000000,False,9/10,0.079271291736499355,random_1619,1/100,box,"1/100,1,13/50,1/100,19/25,1/100,51/100,13/50,1,51/100,51/100,51/100,1,19/25,1,1,1,51/100,13/50,13/50,1/100,13/50,1/100,51/100,1,1/100,13/50,19/25,51/100,1/100,1",0.012627271076639971,True,False,True
0.3679282685622719,False,False,False,"0,1,1/4,0,3/4,0,1/2,1/4,1,1/2,1/2,1/2,1,3/4,1,1,1,1/2,1/4,1/4,0,1/4,0,1/2,1,0,1/4,3/4,1/2,0,1",225034065722422754495162100851726/8662637316511255498901682842993525,0.49306469796911856,False,False,False,"-1/50,49/50,23/100,-1/50,73/100,-1/50,12/25,23/100,49/50,12/25,12/25,12/25,49/50,73/100,49/50,49/50,49/50,12/25,23/100,23/100,-1/50,23/100,-1/50,12/25,49/50,-1/50,23/100,73/100,12/25,-1/50,49/50",True,1.3877787807814457e-17,2,32,0.2968531353331344,False,False,False,7857497181478662724914223376173/15500000000000000000000000000000,False,9/10,0.077911735408250735,random_1619,1/50,box,"1/50,1,27/100,1/50,77/100,1/50,13/25,27/100,1,13/25,13/25,13/25,1,77/100,1,1,1,13/25,27/100,27/100,1/50,27/100,1/50,13/25,1,1/50,27/100,77/100,13/25,1/50,1",0.025977546733198773,True,False,True
0.39790445679528708,False,False,False,"0,1,1/4,0,3/4,0,1/2,1/4,1,1/2,1/2,1/2,1,3/4,1,1,1,1/2,1/4,1/4,0,1/4,0,1/2,1,0,1/4,3/4,1/2,0,1",112517032861211377247581050425863/1583727463302251099780336568598705,0.52306469796911859,False,False,False,"-1/20,19/20,1/5,-1/20,7/10,-1/20,9/20,1/5,19/20,9/20,9/20,9/20,19/20,7/10,19/20,19/20,19/20,9/20,1/5,1/5,-1/20,1/5,-1/20,9/20,19/20,-1/20,1/5,7/10,9/20,-1/20,19/20",True,6.9388939039072284e-18,2,32,0.32440853657365804,False,False,False,7392497181478662724914223376173/15500000000000000000000000000000,False,9/10,0.074518311202035156,random_1619,1/20,box,"1/20,1,3/10,1/20,4/5,1/20,11/20,3/10,1,11/20,11/20,11/20,1,4/5,1,1,1,11/20,3/10,3/10,1/20,3/10,1/20,11/20,1,1/20,3/10,4/5,11/20,1/20,1",0.071045704181072047,True,False,False
0.44999176713859018,False,False,False,"0,1,1/4,0,3/4,0,1/2,1/4,1,1/2,1/2,1/2,1,3/4,1,1,1,1/2,1/4,1/4,0,1/4,0,1/2,1,0,1/4,3/4,1/2,0,1",225034065722422754495162100851726/1335727463302251099780336568598705,0.57306469796911852,False,False,False,"-1/10,9/10,3/20,-1/10,13/20,-1/10,2/5,3/20,9/10,2/5,2/5,2/5,9/10,13/20,9/10,9/10,9/10,2/5,3/20,3/20,-1/10,3/20,-1/10,2/5,9/10,-1/10,3/20,13/20,2/5,-1/10,9/10",True,6.9388939039072284e-18,2,32,0.37303193748499003,False,False,False,6617497181478662724914223376173/15500000000000000000000000000000,False,9/10,0.071910115934538166,random_1619,1/10,box,"1/10,1,7/20,1/10,17/20,1/10,3/5,7/20,1,3/5,3/5,3/5,1,17/20,1,1,1,3/5,7/20,7/20,1/10,7/20,1/10,3/5,1,1/10,7/20,17/20,3/5,1/10,1",0.16847303952715209,False,False,False
