c5,c5@1/10,c5@1/100,c5@1/20,center,exact_vector,generic,generic@1/10,generic@1/100,generic@1/20,lower,lower_interior,lp_max_error,lp_solves,m,markov,markov@1/10,markov@1/100,markov@1/20,mean_lower,original_interior,p,probe_residual,profile,radius,stage,upper,vector,vector@1/10,vector@1/100,vector@1/20
1.0,False,False,False,0,1,1.0,False,False,False,0,True,0.0,1,2,1.0,False,False,False,0,True,1/10,,constant_0,0,box,0,1.0,False,False,False
1.0,False,False,False,0,1,1.0,False,False,False,-1/1000,True,5.5077470362263625e-17,1,2,1.0,False,False,False,-1/1000,True,1/10,,constant_0,1/1000,box,1/1000,1.0,False,False,False
1.0,False,False,False,0,1,1.0,False,False,False,-1/200,True,5.334274688628682e-17,1,2,1.0,False,False,False,-1/200,True,1/10,,constant_0,1/200,box,1/200,1.0,False,False,False
1.0,False,False,False,0,1,1.0,False,False,False,-1/100,True,4.336808689942018e-18,1,2,1.0,False,False,False,-1/100,True,1/10,,constant_0,1/100,box,1/100,1.0,False,False,False
1.0,False,False,False,0,1,1.0,False,False,False,-1/50,True,8.673617379884035e-18,1,2,1.0,False,False,False,-1/50,True,1/10,,constant_0,1/50,box,1/50,1.0,False,False,False
1.0,False,False,False,0,1,1.0,False,False,False,-1/20,True,2.0816681711721685e-17,1,2,1.0,False,False,False,-1/20,True,1/10,,constant_0,1/20,box,1/20,1.0,False,False,False
1.0,False,False,False,0,1,1.0,False,False,False,-1/10,True,1.3877787807814457e-17,1,2,1.0,False,False,False,-1/10,True,1/10,,constant_0,1/10,box,1/10,1.0,False,False,False
0.8181818181818182,False,False,False,1/10,9/11,0.9,False,False,False,1/10,True,6.938893903907228e-18,2,2,0.8181818181818182,False,False,False,1/10,True,1/10,0.024999999999999994,constant_1/10,0,box,1/10,0.8181818181818182,False,False,False
0.8198362147406734,False,False,False,1/10,901/1099,0.901,False,False,False,99/1000,True,6.938893903907228e-18,2,2,0.8198362147406734,False,False,False,99/1000,True,1/10,0.024749999999999994,constant_1/10,1/1000,box,101/1000,0.8198362147406734,False,False,False
0.8264840182648402,False,False,False,1/10,181/219,0.905,False,False,False,19/200,True,6.938893903907228e-18,2,2,0.8264840182648402,False,False,False,19/200,True,1/10,0.023749999999999993,constant_1/10,1/200,box,21/200,0.8264840182648402,False,False,False
0.8348623853211009,False,False,False,1/10,91/109,0.91,False,False,False,9/100,True,2.0816681711721685e-17,2,2,0.8348623853211009,False,False,False,9/100,True,1/10,0.02250000000000002,constant_1/10,1/100,box,11/100,0.8348623853211009,False,False,False
0.8518518518518519,False,False,False,1/10,23/27,0.92,False,False,False,2/25,True,1.0408340855860843e-17,2,2,0.8518518518518519,False,False,False,2/25,True,1/10,0.01999999999999999,constant_1/10,1/50,box,3/25,0.8518518518518519,False,False,False
0.9047619047619048,False,False,False,1/10,19/21,0.95,False,False,False,1/20,True,1.0408340855860843e-17,2,2,0.9047619047619048,False,False,False,1/20,True,1/10,0.012500000000000011,constant_1/10,1/20,box,3/20,0.9047619047619048,False,False,False
1.0,False,False,False,1/10,1,1.0,False,False,False,0,True,0.0,1,2,1.0,False,False,False,0,True,1/10,,constant_1/10,1/10,box,1/5,1.0,False,False,False
0.3333333333333333,False,False,False,1/2,1/3,0.5,False,False,False,1/2,True,1.3877787807814457e-17,2,2,0.3333333333333333,False,False,False,1/2,True,1/10,0.12499999999999999,constant_1/2,0,box,1/2,0.3333333333333333,False,False,False
0.3342228152101401,False,False,False,1/2,501/1499,0.501,False,False,False,499/1000,True,1.3877787807814457e-17,2,2,0.3342228152101401,False,False,False,499/1000,True,1/10,0.12475,constant_1/2,1/1000,box,501/1000,0.3342228152101401,False,False,False
0.3377926421404682,False,False,False,1/2,101/299,0.505,False,False,False,99/200,True,0.0,2,2,0.3377926421404682,False,False,False,99/200,True,1/10,0.12375,constant_1/2,1/200,box,101/200,0.3377926421404682,False,False,False
0.3422818791946309,False,False,False,1/2,51/149,0.51,False,False,False,49/100,True,2.7755575615628914e-17,2,2,0.3422818791946309,False,False,False,49/100,True,1/10,0.12250000000000003,constant_1/2,1/100,box,51/100,0.3422818791946309,False,False,False
0.35135135135135137,False,False,False,1/2,13/37,0.52,False,False,False,12/25,True,2.7755575615628914e-17,2,2,0.35135135135135137,False,False,False,12/25,True,1/10,0.11999999999999997,constant_1/2,1/50,box,13/25,0.35135135135135137,False,False,False
0.3793103448275862,False,False,False,1/2,11/29,0.55,False,False,False,9/20,True,1.3877787807814457e-17,2,2,0.3793103448275862,False,False,False,9/20,True,1/10,0.11250000000000002,constant_1/2,1/20,box,11/20,0.3793103448275862,False,False,False
0.42857142857142855,False,False,False,1/2,3/7,0.6,False,False,False,2/5,True,1.3877787807814457e-17,2,2,0.42857142857142855,False,False,False,2/5,True,1/10,0.1,constant_1/2,1/10,box,3/5,0.42857142857142855,False,False,False
0.05263157894736842,True,False,False,9/10,1/19,0.1,True,False,False,9/10,True,2.7755575615628914e-17,2,2,0.05263157894736842,True,False,False,9/10,True,1/10,0.22499999999999998,constant_9/10,0,box,9/10,0.05263157894736842,True,False,False
0.05318588730911006,True,False,False,9/10,101/1899,0.101,False,False,False,899/1000,True,6.938893903907228e-18,2,2,0.05318588730911006,True,False,False,899/1000,True,1/10,0.22475,constant_9/10,1/1000,box,901/1000,0.05318588730911006,True,False,False
0.055408970976253295,True,False,False,9/10,21/379,0.105,False,False,False,179/200,True,1.734723475976807e-18,2,2,0.055408970976253295,True,False,False,179/200,True,1/10,0.22375,constant_9/10,1/200,box,181/200,0.055408970976253295,True,False,False
0.0582010582010582,True,False,False,9/10,11/189,0.11,False,False,False,89/100,True,2.7755575615628914e-17,2,2,0.0582010582010582,True,False,False,89/100,True,1/10,0.22249999999999998,constant_9/10,1/100,box,91/100,0.0582010582010582,True,False,False
0.06382978723404255,True,False,False,9/10,3/47,0.12,False,False,False,22/25,True,0.0,2,2,0.06382978723404255,True,False,False,22/25,True,1/10,0.22,constant_9/10,1/50,box,23/25,0.06382978723404255,True,False,False
0.08108108108108109,True,False,False,9/10,3/37,0.15,False,False,False,17/20,True,2.7755575615628914e-17,2,2,0.08108108108108109,True,False,False,17/20,True,1/10,0.21250000000000002,constant_9/10,1/20,box,19/20,0.08108108108108109,True,False,False
0.1111111111111111,False,False,False,9/10,1/9,0.2,False,False,False,4/5,True,2.7755575615628914e-17,2,2,0.1111111111111111,False,False,False,4/5,True,1/10,0.20000000000000004,constant_9/10,1/10,box,1,0.1111111111111111,False,False,False
0.0,True,True,True,1,0,0.0,True,True,True,1,False,0.0,2,2,0.0,True,True,True,1,False,1/10,0.25,constant_1,0,box,1,0.0,True,True,True
0.0005002501250625313,True,True,True,1,1/1999,0.001,True,True,True,999/1000,True,2.7755575615628914e-17,2,2,0.0005002501250625312,True,True,True,999/1000,False,1/10,0.24975000000000003,constant_1,1/1000,box,1,0.0005002501250625312,True,True,True
0.002506265664160401,True,True,True,1,1/399,0.005,True,True,True,199/200,True,2.7755575615628914e-17,2,2,0.002506265664160401,True,True,True,199/200,False,1/10,0.24874999999999997,constant_1,1/200,box,1,0.002506265664160401,True,True,True
0.005025125628140704,True,True,True,1,1/199,0.01,True,True,True,99/100,True,2.3852447794681098e-18,2,2,0.005025125628140704,True,True,True,99/100,False,1/10,0.2475,constant_1,1/100,box,1,0.005025125628140704,True,True,True
0.010101010101010102,True,False,True,1,1/99,0.02,True,False,True,49/50,True,2.7755575615628914e-17,2,2,0.010101010101010102,True,False,True,49/50,False,1/10,0.24500000000000002,constant_1,1/50,box,1,0.010101010101010102,True,False,True
0.02564102564102564,True,False,True,1,1/39,0.05,True,False,True,19/20,True,5.551115123125783e-17,2,2,0.02564102564102564,True,False,True,19/20,False,1/10,0.23749999999999993,constant_1,1/20,box,1,0.02564102564102564,True,False,True
0.05263157894736842,True,False,False,1,1/19,0.1,True,False,False,9/10,True,2.7755575615628914e-17,2,2,0.05263157894736842,True,False,False,9/10,False,1/10,0.22499999999999998,constant_1,1/10,box,1,0.05263157894736842,True,False,False
0.3333333333333333,False,False,False,1/2,1/3,0.5,False,False,False,1/2,True,1.3877787807814457e-17,2,2,0.3333333333333333,False,False,False,1/2,True,1/10,0.12499999999999999,ascending,0,box,1/2,0.3333333333333333,False,False,False
0.3342228152101401,False,False,False,1/2,501/1499,0.501,False,False,False,499/1000,True,1.3877787807814457e-17,2,2,0.3342228152101401,False,False,False,499/1000,True,1/10,0.12475,ascending,1/1000,box,501/1000,0.3342228152101401,False,False,False
0.3377926421404682,False,False,False,1/2,101/299,0.505,False,False,False,99/200,True,0.0,2,2,0.3377926421404682,False,False,False,99/200,True,1/10,0.12375,ascending,1/200,box,101/200,0.3377926421404682,False,False,False
0.3422818791946309,False,False,False,1/2,51/149,0.51,False,False,False,49/100,True,2.7755575615628914e-17,2,2,0.3422818791946309,False,False,False,49/100,True,1/10,0.12250000000000003,ascending,1/100,box,51/100,0.3422818791946309,False,False,False
0.35135135135135137,False,False,False,1/2,13/37,0.52,False,False,False,12/25,True,2.7755575615628914e-17,2,2,0.35135135135135137,False,False,False,12/25,True,1/10,0.11999999999999997,ascending,1/50,box,13/25,0.35135135135135137,False,False,False
0.3793103448275862,False,False,False,1/2,11/29,0.55,False,False,False,9/20,True,1.3877787807814457e-17,2,2,0.3793103448275862,False,False,False,9/20,True,1/10,0.11250000000000002,ascending,1/20,box,11/20,0.3793103448275862,False,False,False
0.42857142857142855,False,False,False,1/2,3/7,0.6,False,False,False,2/5,True,1.3877787807814457e-17,2,2,0.42857142857142855,False,False,False,2/5,True,1/10,0.1,ascending,1/10,box,3/5,0.42857142857142855,False,False,False
0.3333333333333333,False,False,False,1/2,1/3,0.5,False,False,False,1/2,True,1.3877787807814457e-17,2,2,0.3333333333333333,False,False,False,1/2,True,1/10,0.12499999999999999,descending,0,box,1/2,0.3333333333333333,False,False,False
0.3342228152101401,False,False,False,1/2,501/1499,0.501,False,False,False,499/1000,True,1.3877787807814457e-17,2,2,0.3342228152101401,False,False,False,499/1000,True,1/10,0.12475,descending,1/1000,box,501/1000,0.3342228152101401,False,False,False
0.3377926421404682,False,False,False,1/2,101/299,0.505,False,False,False,99/200,True,0.0,2,2,0.3377926421404682,False,False,False,99/200,True,1/10,0.12375,descending,1/200,box,101/200,0.3377926421404682,False,False,False
0.3422818791946309,False,False,False,1/2,51/149,0.51,False,False,False,49/100,True,2.7755575615628914e-17,2,2,0.3422818791946309,False,False,False,49/100,True,1/10,0.12250000000000003,descending,1/100,box,51/100,0.3422818791946309,False,False,False
0.35135135135135137,False,False,False,1/2,13/37,0.52,False,False,False,12/25,True,2.7755575615628914e-17,2,2,0.35135135135135137,False,False,False,12/25,True,1/10,0.11999999999999997,descending,1/50,box,13/25,0.35135135135135137,False,False,False
0.3793103448275862,False,False,False,1/2,11/29,0.55,False,False,False,9/20,True,1.3877787807814457e-17,2,2,0.3793103448275862,False,False,False,9/20,True,1/10,0.11250000000000002,descending,1/20,box,11/20,0.3793103448275862,False,False,False
0.42857142857142855,False,False,False,1/2,3/7,0.6,False,False,False,2/5,True,1.3877787807814457e-17,2,2,0.42857142857142855,False,False,False,2/5,True,1/10,0.1,descending,1/10,box,3/5,0.42857142857142855,False,False,False
1.0,False,False,False,0,1,1.0,False,False,False,0,True,0.0,1,2,1.0,False,False,False,0,True,1/10,,alternating,0,box,0,1.0,False,False,False
1.0,False,False,False,0,1,1.0,False,False,False,-1/1000,True,5.5077470362263625e-17,1,2,1.0,False,False,False,-1/1000,True,1/10,,alternating,1/1000,box,1/1000,1.0,False,False,False
1.0,False,False,False,0,1,1.0,False,False,False,-1/200,True,5.334274688628682e-17,1,2,1.0,False,False,False,-1/200,True,1/10,,alternating,1/200,box,1/200,1.0,False,False,False
1.0,False,False,False,0,1,1.0,False,False,False,-1/100,True,4.336808689942018e-18,1,2,1.0,False,False,False,-1/100,True,1/10,,alternating,1/100,box,1/100,1.0,False,False,False
1.0,False,False,False,0,1,1.0,False,False,False,-1/50,True,8.673617379884035e-18,1,2,1.0,False,False,False,-1/50,True,1/10,,alternating,1/50,box,1/50,1.0,False,False,False
1.0,False,False,False,0,1,1.0,False,False,False,-1/20,True,2.0816681711721685e-17,1,2,1.0,False,False,False,-1/20,True,1/10,,alternating,1/20,box,1/20,1.0,False,False,False
1.0,False,False,False,0,1,1.0,False,False,False,-1/10,True,1.3877787807814457e-17,1,2,1.0,False,False,False,-1/10,True,1/10,,alternating,1/10,box,1/10,1.0,False,False,False
0.0,True,True,True,1,0,0.0,True,True,True,1,False,0.0,2,2,0.0,True,True,True,1,False,1/10,0.25,random_271,0,box,1,0.0,True,True,True
0.0005002501250625313,True,True,True,1,1/1999,0.001,True,True,True,999/1000,True,2.7755575615628914e-17,2,2,0.0005002501250625312,True,True,True,999/1000,False,1/10,0.24975000000000003,random_271,1/1000,box,1,0.0005002501250625312,True,True,True
0.002506265664160401,True,True,True,1,1/399,0.005,True,True,True,199/200,True,2.7755575615628914e-17,2,2,0.002506265664160401,True,True,True,199/200,False,1/10,0.24874999999999997,random_271,1/200,box,1,0.002506265664160401,True,True,True
0.005025125628140704,True,True,True,1,1/199,0.01,True,True,True,99/100,True,2.3852447794681098e-18,2,2,0.005025125628140704,True,True,True,99/100,False,1/10,0.2475,random_271,1/100,box,1,0.005025125628140704,True,True,True
0.010101010101010102,True,False,True,1,1/99,0.02,True,False,True,49/50,True,2.7755575615628914e-17,2,2,0.010101010101010102,True,False,True,49/50,False,1/10,0.24500000000000002,random_271,1/50,box,1,0.010101010101010102,True,False,True
0.02564102564102564,True,False,True,1,1/39,0.05,True,False,True,19/20,True,5.551115123125783e-17,2,2,0.02564102564102564,True,False,True,19/20,False,1/10,0.23749999999999993,random_271,1/20,box,1,0.02564102564102564,True,False,True
0.05263157894736842,True,False,False,1,1/19,0.1,True,False,False,9/10,True,2.7755575615628914e-17,2,2,0.05263157894736842,True,False,False,9/10,False,1/10,0.22499999999999998,random_271,1/10,box,1,0.05263157894736842,True,False,False
1.0,False,False,False,0,1,1.0,False,False,False,0,True,0.0,1,2,1.0,False,False,False,0,True,1/10,,random_811,0,box,0,1.0,False,False,False
1.0,False,False,False,0,1,1.0,False,False,False,-1/1000,True,5.5077470362263625e-17,1,2,1.0,False,False,False,-1/1000,True,1/10,,random_811,1/1000,box,1/1000,1.0,False,False,False
1.0,False,False,False,0,1,1.0,False,False,False,-1/200,True,5.334274688628682e-17,1,2,1.0,False,False,False,-1/200,True,1/10,,random_811,1/200,box,1/200,1.0,False,False,False
1.0,False,False,False,0,1,1.0,False,False,False,-1/100,True,4.336808689942018e-18,1,2,1.0,False,False,False,-1/100,True,1/10,,random_811,1/100,box,1/100,1.0,False,False,False
1.0,False,False,False,0,1,1.0,False,False,False,-1/50,True,8.673617379884035e-18,1,2,1.0,False,False,False,-1/50,True,1/10,,random_811,1/50,box,1/50,1.0,False,False,False
1.0,False,False,False,0,1,1.0,False,False,False,-1/20,True,2.0816681711721685e-17,1,2,1.0,False,False,False,-1/20,True,1/10,,random_811,1/20,box,1/20,1.0,False,False,False
1.0,False,False,False,0,1,1.0,False,False,False,-1/10,True,1.3877787807814457e-17,1,2,1.0,False,False,False,-1/10,True,1/10,,random_811,1/10,box,1/10,1.0,False,False,False
1.0,False,False,False,0,1,1.0,False,False,False,0,True,0.0,1,2,1.0,False,False,False,0,True,1/10,,random_1619,0,box,0,1.0,False,False,False
1.0,False,False,False,0,1,1.0,False,False,False,-1/1000,True,5.5077470362263625e-17,1,2,1.0,False,False,False,-1/1000,True,1/10,,random_1619,1/1000,box,1/1000,1.0,False,False,False
1.0,False,False,False,0,1,1.0,False,False,False,-1/200,True,5.334274688628682e-17,1,2,1.0,False,False,False,-1/200,True,1/10,,random_1619,1/200,box,1/200,1.0,False,False,False
1.0,False,False,False,0,1,1.0,False,False,False,-1/100,True,4.336808689942018e-18,1,2,1.0,False,False,False,-1/100,True,1/10,,random_1619,1/100,box,1/100,1.0,False,False,False
1.0,False,False,False,0,1,1.0,False,False,False,-1/50,True,8.673617379884035e-18,1,2,1.0,False,False,False,-1/50,True,1/10,,random_1619,1/50,box,1/50,1.0,False,False,False
1.0,False,False,False,0,1,1.0,False,False,False,-1/20,True,2.0816681711721685e-17,1,2,1.0,False,False,False,-1/20,True,1/10,,random_1619,1/20,box,1/20,1.0,False,False,False
1.0,False,False,False,0,1,1.0,False,False,False,-1/10,True,1.3877787807814457e-17,1,2,1.0,False,False,False,-1/10,True,1/10,,random_1619,1/10,box,1/10,1.0,False,False,False
1.0,False,False,False,0,1,1.0,False,False,False,0,True,0.0,1,2,1.0,False,False,False,0,True,1/2,,constant_0,0,box,0,1.0,False,False,False
1.0,False,False,False,0,1,1.0,False,False,False,-1/1000,True,5.5077470362263625e-17,1,2,1.0,False,False,False,-1/1000,True,1/2,,constant_0,1/1000,box,1/1000,1.0,False,False,False
1.0,False,False,False,0,1,1.0,False,False,False,-1/200,True,5.334274688628682e-17,1,2,1.0,False,False,False,-1/200,True,1/2,,constant_0,1/200,box,1/200,1.0,False,False,False
1.0,False,False,False,0,1,1.0,False,False,False,-1/100,True,4.336808689942018e-18,1,2,1.0,False,False,False,-1/100,True,1/2,,constant_0,1/100,box,1/100,1.0,False,False,False
1.0,False,False,False,0,1,1.0,False,False,False,-1/50,True,8.673617379884035e-18,1,2,1.0,False,False,False,-1/50,True,1/2,,constant_0,1/50,box,1/50,1.0,False,False,False
1.0,False,False,False,0,1,1.0,False,False,False,-1/20,True,2.0816681711721685e-17,1,2,1.0,False,False,False,-1/20,True,1/2,,constant_0,1/20,box,1/20,1.0,False,False,False
1.0,False,False,False,0,1,1.0,False,False,False,-1/10,True,1.3877787807814457e-17,1,2,1.0,False,False,False,-1/10,True,1/2,,constant_0,1/10,box,1/10,1.0,False,False,False
0.8181818181818182,False,False,False,1/10,9/11,0.9,False,False,False,1/10,True,6.938893903907228e-18,2,2,0.8181818181818182,False,False,False,1/10,True,1/2,0.024999999999999994,constant_1/10,0,box,1/10,0.8181818181818182,False,False,False
0.8198362147406734,False,False,False,1/10,901/1099,0.901,False,False,False,99/1000,True,6.938893903907228e-18,2,2,0.8198362147406734,False,False,False,99/1000,True,1/2,0.024749999999999994,constant_1/10,1/1000,box,101/1000,0.8198362147406734,False,False,False
0.8264840182648402,False,False,False,1/10,181/219,0.905,False,False,False,19/200,True,6.938893903907228e-18,2,2,0.8264840182648402,False,False,False,19/200,True,1/2,0.023749999999999993,constant_1/10,1/200,box,21/200,0.8264840182648402,False,False,False
0.8348623853211009,False,False,False,1/10,91/109,0.91,False,False,False,9/100,True,2.0816681711721685e-17,2,2,0.8348623853211009,False,False,False,9/100,True,1/2,0.02250000000000002,constant_1/10,1/100,box,11/100,0.8348623853211009,False,False,False
0.8518518518518519,False,False,False,1/10,23/27,0.92,False,False,False,2/25,True,1.0408340855860843e-17,2,2,0.8518518518518519,False,False,False,2/25,True,1/2,0.01999999999999999,constant_1/10,1/50,box,3/25,0.8518518518518519,False,False,False
0.9047619047619048,False,False,False,1/10,19/21,0.95,False,False,False,1/20,True,1.0408340855860843e-17,2,2,0.9047619047619048,False,False,False,1/20,True,1/2,0.012500000000000011,constant_1/10,1/20,box,3/20,0.9047619047619048,False,False,False
1.0,False,False,False,1/10,1,1.0,False,False,False,0,True,0.0,1,2,1.0,False,False,False,0,True,1/2,,constant_1/10,1/10,box,1/5,1.0,False,False,False
0.3333333333333333,False,False,False,1/2,1/3,0.5,False,False,False,1/2,True,1.3877787807814457e-17,2,2,0.3333333333333333,False,False,False,1/2,True,1/2,0.12499999999999999,constant_1/2,0,box,1/2,0.3333333333333333,False,False,False
0.3342228152101401,False,False,False,1/2,501/1499,0.501,False,False,False,499/1000,True,1.3877787807814457e-17,2,2,0.3342228152101401,False,False,False,499/1000,True,1/2,0.12475,constant_1/2,1/1000,box,501/1000,0.3342228152101401,False,False,False
0.3377926421404682,False,False,False,1/2,101/299,0.505,False,False,False,99/200,True,0.0,2,2,0.3377926421404682,False,False,False,99/200,True,1/2,0.12375,constant_1/2,1/200,box,101/200,0.3377926421404682,False,False,False
0.3422818791946309,False,False,False,1/2,51/149,0.51,False,False,False,49/100,True,2.7755575615628914e-17,2,2,0.3422818791946309,False,False,False,49/100,True,1/2,0.12250000000000003,constant_1/2,1/100,box,51/100,0.3422818791946309,False,False,False
0.35135135135135137,False,False,False,1/2,13/37,0.52,False,False,False,12/25,True,2.7755575615628914e-17,2,2,0.35135135135135137,False,False,False,12/25,True,1/2,0.11999999999999997,constant_1/2,1/50,box,13/25,0.35135135135135137,False,False,False
0.3793103448275862,False,False,False,1/2,11/29,0.55,False,False,False,9/20,True,1.3877787807814457e-17,2,2,0.3793103448275862,False,False,False,9/20,True,1/2,0.11250000000000002,constant_1/2,1/20,box,11/20,0.3793103448275862,False,False,False
0.42857142857142855,False,False,False,1/2,3/7,0.6,False,False,False,2/5,True,1.3877787807814457e-17,2,2,0.42857142857142855,False,False,False,2/5,True,1/2,0.1,constant_1/2,1/10,box,3/5,0.42857142857142855,False,False,False
0.05263157894736842,True,False,False,9/10,1/19,0.1,True,False,False,9/10,True,2.7755575615628914e-17,2,2,0.05263157894736842,True,False,False,9/10,True,1/2,0.22499999999999998,constant_9/10,0,box,9/10,0.05263157894736842,True,False,False
0.05318588730911006,True,False,False,9/10,101/1899,0.101,False,False,False,899/1000,True,6.938893903907228e-18,2,2,0.05318588730911006,True,False,False,899/1000,True,1/2,0.22475,constant_9/10,1/1000,box,901/1000,0.05318588730911006,True,False,False
0.055408970976253295,True,False,False,9/10,21/379,0.105,False,False,False,179/200,True,1.734723475976807e-18,2,2,0.055408970976253295,True,False,False,179/200,True,1/2,0.22375,constant_9/10,1/200,box,181/200,0.055408970976253295,True,False,False
0.0582010582010582,True,False,False,9/10,11/189,0.11,False,False,False,89/100,True,2.7755575615628914e-17,2,2,0.0582010582010582,True,False,False,89/100,True,1/2,0.22249999999999998,constant_9/10,1/100,box,91/100,0.0582010582010582,True,False,False
0.06382978723404255,True,False,False,9/10,3/47,0.12,False,False,False,22/25,True,0.0,2,2,0.06382978723404255,True,False,False,22/25,True,1/2,0.22,constant_9/10,1/50,box,23/25,0.06382978723404255,True,False,False
0.08108108108108109,True,False,False,9/10,3/37,0.15,False,False,False,17/20,True,2.7755575615628914e-17,2,2,0.08108108108108109,True,False,False,17/20,True,1/2,0.21250000000000002,constant_9/10,1/20,box,19/20,0.08108108108108109,True,False,False
0.1111111111111111,False,False,False,9/10,1/9,0.2,False,False,False,4/5,True,2.7755575615628914e-17,2,2,0.1111111111111111,False,False,False,4/5,True,1/2,0.20000000000000004,constant_9/10,1/10,box,1,0.1111111111111111,False,False,False
0.0,True,True,True,1,0,0.0,True,True,True,1,False,0.0,2,2,0.0,True,True,True,1,False,1/2,0.25,constant_1,0,box,1,0.0,True,True,True
0.0005002501250625313,True,True,True,1,1/1999,0.001,True,True,True,999/1000,True,2.7755575615628914e-17,2,2,0.0005002501250625312,True,True,True,999/1000,False,1/2,0.24975000000000003,constant_1,1/1000,box,1,0.0005002501250625312,True,True,True
0.002506265664160401,True,True,True,1,1/399,0.005,True,True,True,199/200,True,2.7755575615628914e-17,2,2,0.002506265664160401,True,True,True,199/200,False,1/2,0.24874999999999997,constant_1,1/200,box,1,0.002506265664160401,True,True,True
0.005025125628140704,True,True,True,1,1/199,0.01,True,True,True,99/100,True,2.3852447794681098e-18,2,2,0.005025125628140704,True,True,True,99/100,False,1/2,0.2475,constant_1,1/100,box,1,0.005025125628140704,True,True,True
0.010101010101010102,True,False,True,1,1/99,0.02,True,False,True,49/50,True,2.7755575615628914e-17,2,2,0.010101010101010102,True,False,True,49/50,False,1/2,0.24500000000000002,constant_1,1/50,box,1,0.010101010101010102,True,False,True
0.02564102564102564,True,False,True,1,1/39,0.05,True,False,True,19/20,True,5.551115123125783e-17,2,2,0.02564102564102564,True,False,True,19/20,False,1/2,0.23749999999999993,constant_1,1/20,box,1,0.02564102564102564,True,False,True
0.05263157894736842,True,False,False,1,1/19,0.1,True,False,False,9/10,True,2.7755575615628914e-17,2,2,0.05263157894736842,True,False,False,9/10,False,1/2,0.22499999999999998,constant_1,1/10,box,1,0.05263157894736842,True,False,False
0.3333333333333333,False,False,False,1/2,1/3,0.5,False,False,False,1/2,True,1.3877787807814457e-17,2,2,0.3333333333333333,False,False,False,1/2,True,1/2,0.12499999999999999,ascending,0,box,1/2,0.3333333333333333,False,False,False
0.3342228152101401,False,False,False,1/2,501/1499,0.501,False,False,False,499/1000,True,1.3877787807814457e-17,2,2,0.3342228152101401,False,False,False,499/1000,True,1/2,0.12475,ascending,1/1000,box,501/1000,0.3342228152101401,False,False,False
0.3377926421404682,False,False,False,1/2,101/299,0.505,False,False,False,99/200,True,0.0,2,2,0.3377926421404682,False,False,False,99/200,True,1/2,0.12375,ascending,1/200,box,101/200,0.3377926421404682,False,False,False
0.3422818791946309,False,False,False,1/2,51/149,0.51,False,False,False,49/100,True,2.7755575615628914e-17,2,2,0.3422818791946309,False,False,False,49/100,True,1/2,0.12250000000000003,ascending,1/100,box,51/100,0.3422818791946309,False,False,False
0.35135135135135137,False,False,False,1/2,13/37,0.52,False,False,False,12/25,True,2.7755575615628914e-17,2,2,0.35135135135135137,False,False,False,12/25,True,1/2,0.11999999999999997,ascending,1/50,box,13/25,0.35135135135135137,False,False,False
0.3793103448275862,False,False,False,1/2,11/29,0.55,False,False,False,9/20,True,1.3877787807814457e-17,2,2,0.3793103448275862,False,False,False,9/20,True,1/2,0.11250000000000002,ascending,1/20,box,11/20,0.3793103448275862,False,False,False
0.42857142857142855,False,False,False,1/2,3/7,0.6,False,False,False,2/5,True,1.3877787807814457e-17,2,2,0.42857142857142855,False,False,False,2/5,True,1/2,0.1,ascending,1/10,box,3/5,0.42857142857142855,False,False,False
0.3333333333333333,False,False,False,1/2,1/3,0.5,False,False,False,1/2,True,1.3877787807814457e-17,2,2,0.3333333333333333,False,False,False,1/2,True,1/2,0.12499999999999999,descending,0,box,1/2,0.3333333333333333,False,False,False
0.3342228152101401,False,False,False,1/2,501/1499,0.501,False,False,False,499/1000,True,1.3877787807814457e-17,2,2,0.3342228152101401,False,False,False,499/1000,True,1/2,0.12475,descending,1/1000,box,501/1000,0.3342228152101401,False,False,False
0.3377926421404682,False,False,False,1/2,101/299,0.505,False,False,False,99/200,True,0.0,2,2,0.3377926421404682,False,False,False,99/200,True,1/2,0.12375,descending,1/200,box,101/200,0.3377926421404682,False,False,False
0.3422818791946309,False,False,False,1/2,51/149,0.51,False,False,False,49/100,True,2.7755575615628914e-17,2,2,0.3422818791946309,False,False,False,49/100,True,1/2,0.12250000000000003,descending,1/100,box,51/100,0.3422818791946309,False,False,False
0.35135135135135137,False,False,False,1/2,13/37,0.52,False,False,False,12/25,True,2.7755575615628914e-17,2,2,0.35135135135135137,False,False,False,12/25,True,1/2,0.11999999999999997,descending,1/50,box,13/25,0.35135135135135137,False,False,False
0.3793103448275862,False,False,False,1/2,11/29,0.55,False,False,False,9/20,True,1.3877787807814457e-17,2,2,0.3793103448275862,False,False,False,9/20,True,1/2,0.11250000000000002,descending,1/20,box,11/20,0.3793103448275862,False,False,False
0.42857142857142855,False,False,False,1/2,3/7,0.6,False,False,False,2/5,True,1.3877787807814457e-17,2,2,0.42857142857142855,False,False,False,2/5,True,1/2,0.1,descending,1/10,box,3/5,0.42857142857142855,False,False,False
1.0,False,False,False,0,1,1.0,False,False,False,0,True,0.0,1,2,1.0,False,False,False,0,True,1/2,,alternating,0,box,0,1.0,False,False,False
1.0,False,False,False,0,1,1.0,False,False,False,-1/1000,True,5.5077470362263625e-17,1,2,1.0,False,False,False,-1/1000,True,1/2,,alternating,1/1000,box,1/1000,1.0,False,False,False
1.0,False,False,False,0,1,1.0,False,False,False,-1/200,True,5.334274688628682e-17,1,2,1.0,False,False,False,-1/200,True,1/2,,alternating,1/200,box,1/200,1.0,False,False,False
1.0,False,False,False,0,1,1.0,False,False,False,-1/100,True,4.336808689942018e-18,1,2,1.0,False,False,False,-1/100,True,1/2,,alternating,1/100,box,1/100,1.0,False,False,False
1.0,False,False,False,0,1,1.0,False,False,False,-1/50,True,8.673617379884035e-18,1,2,1.0,False,False,False,-1/50,True,1/2,,alternating,1/50,box,1/50,1.0,False,False,False
1.0,False,False,False,0,1,1.0,False,False,False,-1/20,True,2.0816681711721685e-17,1,2,1.0,False,False,False,-1/20,True,1/2,,alternating,1/20,box,1/20,1.0,False,False,False
1.0,False,False,False,0,1,1.0,False,False,False,-1/10,True,1.3877787807814457e-17,1,2,1.0,False,False,False,-1/10,True,1/2,,alternating,1/10,box,1/10,1.0,False,False,False
0.0,True,True,True,1,0,0.0,True,True,True,1,False,0.0,2,2,0.0,True,True,True,1,False,1/2,0.25,random_271,0,box,1,0.0,True,True,True
0.0005002501250625313,True,True,True,1,1/1999,0.001,True,True,True,999/1000,True,2.7755575615628914e-17,2,2,0.0005002501250625312,True,True,True,999/1000,False,1/2,0.24975000000000003,random_271,1/1000,box,1,0.0005002501250625312,True,True,True
0.002506265664160401,True,True,True,1,1/399,0.005,True,True,True,199/200,True,2.7755575615628914e-17,2,2,0.002506265664160401,True,True,True,199/200,False,1/2,0.24874999999999997,random_271,1/200,box,1,0.002506265664160401,True,True,True
0.005025125628140704,True,True,True,1,1/199,0.01,True,True,True,99/100,True,2.3852447794681098e-18,2,2,0.005025125628140704,True,True,True,99/100,False,1/2,0.2475,random_271,1/100,box,1,0.005025125628140704,True,True,True
0.010101010101010102,True,False,True,1,1/99,0.02,True,False,True,49/50,True,2.7755575615628914e-17,2,2,0.010101010101010102,True,False,True,49/50,False,1/2,0.24500000000000002,random_271,1/50,box,1,0.010101010101010102,True,False,True
0.02564102564102564,True,False,True,1,1/39,0.05,True,False,True,19/20,True,5.551115123125783e-17,2,2,0.02564102564102564,True,False,True,19/20,False,1/2,0.23749999999999993,random_271,1/20,box,1,0.02564102564102564,True,False,True
0.05263157894736842,True,False,False,1,1/19,0.1,True,False,False,9/10,True,2.7755575615628914e-17,2,2,0.05263157894736842,True,False,False,9/10,False,1/2,0.22499999999999998,random_271,1/10,box,1,0.05263157894736842,True,False,False
1.0,False,False,False,0,1,1.0,False,False,False,0,True,0.0,1,2,1.0,False,False,False,0,True,1/2,,random_811,0,box,0,1.0,False,False,False
1.0,False,False,False,0,1,1.0,False,False,False,-1/1000,True,5.5077470362263625e-17,1,2,1.0,False,False,False,-1/1000,True,1/2,,random_811,1/1000,box,1/1000,1.0,False,False,False
1.0,False,False,False,0,1,1.0,False,False,False,-1/200,True,5.334274688628682e-17,1,2,1.0,False,False,False,-1/200,True,1/2,,random_811,1/200,box,1/200,1.0,False,False,False
1.0,False,False,False,0,1,1.0,False,False,False,-1/100,True,4.336808689942018e-18,1,2,1.0,False,False,False,-1/100,True,1/2,,random_811,1/100,box,1/100,1.0,False,False,False
1.0,False,False,False,0,1,1.0,False,False,False,-1/50,True,8.673617379884035e-18,1,2,1.0,False,False,False,-1/50,True,1/2,,random_811,1/50,box,1/50,1.0,False,False,False
1.0,False,False,False,0,1,1.0,False,False,False,-1/20,True,2.0816681711721685e-17,1,2,1.0,False,False,False,-1/20,True,1/2,,random_811,1/20,box,1/20,1.0,False,False,False
1.0,False,False,False,0,1,1.0,False,False,False,-1/10,True,1.3877787807814457e-17,1,2,1.0,False,False,False,-1/10,True,1/2,,random_811,1/10,box,1/10,1.0,False,False,False
1.0,False,False,False,0,1,1.0,False,False,False,0,True,0.0,1,2,1.0,False,False,False,0,True,1/2,,random_1619,0,box,0,1.0,False,False,False
1.0,False,False,False,0,1,1.0,False,False,False,-1/1000,True,5.5077470362263625e-17,1,2,1.0,False,False,False,-1/1000,True,1/2,,random_1619,1/1000,box,1/1000,1.0,False,False,False
1.0,False,False,False,0,1,1.0,False,False,False,-1/200,True,5.334274688628682e-17,1,2,1.0,False,False,False,-1/200,True,1/2,,random_1619,1/200,box,1/200,1.0,False,False,False
1.0,False,False,False,0,1,1.0,False,False,False,-1/100,True,4.336808689942018e-18,1,2,1.0,False,False,False,-1/100,True,1/2,,random_1619,1/100,box,1/100,1.0,False,False,False
1.0,False,False,False,0,1,1.0,False,False,False,-1/50,True,8.673617379884035e-18,1,2,1.0,False,False,False,-1/50,True,1/2,,random_1619,1/50,box,1/50,1.0,False,False,False
1.0,False,False,False,0,1,1.0,False,False,False,-1/20,True,2.0816681711721685e-17,1,2,1.0,False,False,False,-1/20,True,1/2,,random_1619,1/20,box,1/20,1.0,False,False,False
1.0,False,False,False,0,1,1.0,False,False,False,-1/10,True,1.3877787807814457e-17,1,2,1.0,False,False,False,-1/10,True,1/2,,random_1619,1/10,box,1/10,1.0,False,False,False
1.0,False,False,False,0,1,1.0,False,False,False,0,True,0.0,1,2,1.0,False,False,False,0,True,9/10,,constant_0,0,box,0,1.0,False,False,False
1.0,False,False,False,0,1,1.0,False,False,False,-1/1000,True,5.5077470362263625e-17,1,2,1.0,False,False,False,-1/1000,True,9/10,,constant_0,1/1000,box,1/1000,1.0,False,False,False
1.0,False,False,False,0,1,1.0,False,False,False,-1/200,True,5.334274688628682e-17,1,2,1.0,False,False,False,-1/200,True,9/10,,constant_0,1/200,box,1/200,1.0,False,False,False
1.0,False,False,False,0,1,1.0,False,False,False,-1/100,True,4.336808689942018e-18,1,2,1.0,False,False,False,-1/100,True,9/10,,constant_0,1/100,box,1/100,1.0,False,False,False
1.0,False,False,False,0,1,1.0,False,False,False,-1/50,True,8.673617379884035e-18,1,2,1.0,False,False,False,-1/50,True,9/10,,constant_0,1/50,box,1/50,1.0,False,False,False
1.0,False,False,False,0,1,1.0,False,False,False,-1/20,True,2.0816681711721685e-17,1,2,1.0,False,False,False,-1/20,True,9/10,,constant_0,1/20,box,1/20,1.0,False,False,False
1.0,False,False,False,0,1,1.0,False,False,False,-1/10,True,1.3877787807814457e-17,1,2,1.0,False,False,False,-1/10,True,9/10,,constant_0,1/10,box,1/10,1.0,False,False,False
0.8181818181818182,False,False,False,1/10,9/11,0.9,False,False,False,1/10,True,6.938893903907228e-18,2,2,0.8181818181818182,False,False,False,1/10,True,9/10,0.024999999999999994,constant_1/10,0,box,1/10,0.8181818181818182,False,False,False
0.8198362147406734,False,False,False,1/10,901/1099,0.901,False,False,False,99/1000,True,6.938893903907228e-18,2,2,0.8198362147406734,False,False,False,99/1000,True,9/10,0.024749999999999994,constant_1/10,1/1000,box,101/1000,0.8198362147406734,False,False,False
0.8264840182648402,False,False,False,1/10,181/219,0.905,False,False,False,19/200,True,6.938893903907228e-18,2,2,0.8264840182648402,False,False,False,19/200,True,9/10,0.023749999999999993,constant_1/10,1/200,box,21/200,0.8264840182648402,False,False,False
0.8348623853211009,False,False,False,1/10,91/109,0.91,False,False,False,9/100,True,2.0816681711721685e-17,2,2,0.8348623853211009,False,False,False,9/100,True,9/10,0.02250000000000002,constant_1/10,1/100,box,11/100,0.8348623853211009,False,False,False
0.8518518518518519,False,False,False,1/10,23/27,0.92,False,False,False,2/25,True,1.0408340855860843e-17,2,2,0.8518518518518519,False,False,False,2/25,True,9/10,0.01999999999999999,constant_1/10,1/50,box,3/25,0.8518518518518519,False,False,False
0.9047619047619048,False,False,False,1/10,19/21,0.95,False,False,False,1/20,True,1.0408340855860843e-17,2,2,0.9047619047619048,False,False,False,1/20,True,9/10,0.012500000000000011,constant_1/10,1/20,box,3/20,0.9047619047619048,False,False,False
1.0,False,False,False,1/10,1,1.0,False,False,False,0,True,0.0,1,2,1.0,False,False,False,0,True,9/10,,constant_1/10,1/10,box,1/5,1.0,False,False,False
0.3333333333333333,False,False,False,1/2,1/3,0.5,False,False,False,1/2,True,1.3877787807814457e-17,2,2,0.3333333333333333,False,False,False,1/2,True,9/10,0.12499999999999999,constant_1/2,0,box,1/2,0.3333333333333333,False,False,False
0.3342228152101401,False,False,False,1/2,501/1499,0.501,False,False,False,499/1000,True,1.3877787807814457e-17,2,2,0.3342228152101401,False,False,False,499/1000,True,9/10,0.12475,constant_1/2,1/1000,box,501/1000,0.3342228152101401,False,False,False
0.3377926421404682,False,False,False,1/2,101/299,0.505,False,False,False,99/200,True,0.0,2,2,0.3377926421404682,False,False,False,99/200,True,9/10,0.12375,constant_1/2,1/200,box,101/200,0.3377926421404682,False,False,False
0.3422818791946309,False,False,False,1/2,51/149,0.51,False,False,False,49/100,True,2.7755575615628914e-17,2,2,0.3422818791946309,False,False,False,49/100,True,9/10,0.12250000000000003,constant_1/2,1/100,box,51/100,0.3422818791946309,False,False,False
0.35135135135135137,False,False,False,1/2,13/37,0.52,False,False,False,12/25,True,2.7755575615628914e-17,2,2,0.35135135135135137,False,False,False,12/25,True,9/10,0.11999999999999997,constant_1/2,1/50,box,13/25,0.35135135135135137,False,False,False
0.3793103448275862,False,False,False,1/2,11/29,0.55,False,False,False,9/20,True,1.3877787807814457e-17,2,2,0.3793103448275862,False,False,False,9/20,True,9/10,0.11250000000000002,constant_1/2,1/20,box,11/20,0.3793103448275862,False,False,False
0.42857142857142855,False,False,False,1/2,3/7,0.6,False,False,False,2/5,True,1.3877787807814457e-17,2,2,0.42857142857142855,False,False,False,2/5,True,9/10,0.1,constant_1/2,1/10,box,3/5,0.42857142857142855,False,False,False
0.05263157894736842,True,False,False,9/10,1/19,0.1,True,False,False,9/10,True,2.7755575615628914e-17,2,2,0.05263157894736842,True,False,False,9/10,True,9/10,0.22499999999999998,constant_9/10,0,box,9/10,0.05263157894736842,True,False,False
0.05318588730911006,True,False,False,9/10,101/1899,0.101,False,False,False,899/1000,True,6.938893903907228e-18,2,2,0.05318588730911006,True,False,False,899/1000,True,9/10,0.22475,constant_9/10,1/1000,box,901/1000,0.05318588730911006,True,False,False
0.055408970976253295,True,False,False,9/10,21/379,0.105,False,False,False,179/200,True,1.734723475976807e-18,2,2,0.055408970976253295,True,False,False,179/200,True,9/10,0.22375,constant_9/10,1/200,box,181/200,0.055408970976253295,True,False,False
0.0582010582010582,True,False,False,9/10,11/189,0.11,False,False,False,89/100,True,2.7755575615628914e-17,2,2,0.0582010582010582,True,False,False,89/100,True,9/10,0.22249999999999998,constant_9/10,1/100,box,91/100,0.0582010582010582,True,False,False
0.06382978723404255,True,False,False,9/10,3/47,0.12,False,False,False,22/25,True,0.0,2,2,0.06382978723404255,True,False,False,22/25,True,9/10,0.22,constant_9/10,1/50,box,23/25,0.06382978723404255,True,False,False
0.08108108108108109,True,False,False,9/10,3/37,0.15,False,False,False,17/20,True,2.7755575615628914e-17,2,2,0.08108108108108109,True,False,False,17/20,True,9/10,0.21250000000000002,constant_9/10,1/20,box,19/20,0.08108108108108109,True,False,False
0.1111111111111111,False,False,False,9/10,1/9,0.2,False,False,False,4/5,True,2.7755575615628914e-17,2,2,0.1111111111111111,False,False,False,4/5,True,9/10,0.20000000000000004,constant_9/10,1/10,box,1,0.1111111111111111,False,False,False
0.0,True,True,True,1,0,0.0,True,True,True,1,False,0.0,2,2,0.0,True,True,True,1,False,9/10,0.25,constant_1,0,box,1,0.0,True,True,True
0.0005002501250625313,True,True,True,1,1/1999,0.001,True,True,True,999/1000,True,2.7755575615628914e-17,2,2,0.0005002501250625312,True,True,True,999/1000,False,9/10,0.24975000000000003,constant_1,1/1000,box,1,0.0005002501250625312,True,True,True
0.002506265664160401,True,True,True,1,1/399,0.005,True,True,True,199/200,True,2.7755575615628914e-17,2,2,0.002506265664160401,True,True,True,199/200,False,9/10,0.24874999999999997,constant_1,1/200,box,1,0.002506265664160401,True,True,True
0.005025125628140704,True,True,True,1,1/199,0.01,True,True,True,99/100,True,2.3852447794681098e-18,2,2,0.005025125628140704,True,True,True,99/100,False,9/10,0.2475,constant_1,1/100,box,1,0.005025125628140704,True,True,True
0.010101010101010102,True,False,True,1,1/99,0.02,True,False,True,49/50,True,2.7755575615628914e-17,2,2,0.010101010101010102,True,False,True,49/50,False,9/10,0.24500000000000002,constant_1,1/50,box,1,0.010101010101010102,True,False,True
0.02564102564102564,True,False,True,1,1/39,0.05,True,False,True,19/20,True,5.551115123125783e-17,2,2,0.02564102564102564,True,False,True,19/20,False,9/10,0.23749999999999993,constant_1,1/20,box,1,0.02564102564102564,True,False,True
0.05263157894736842,True,False,False,1,1/19,0.1,True,False,False,9/10,True,2.7755575615628914e-17,2,2,0.05263157894736842,True,False,False,9/10,False,9/10,0.22499999999999998,constant_1,1/10,box,1,0.05263157894736842,True,False,False
0.3333333333333333,False,False,False,1/2,1/3,0.5,False,False,False,1/2,True,1.3877787807814457e-17,2,2,0.3333333333333333,False,False,False,1/2,True,9/10,0.12499999999999999,ascending,0,box,1/2,0.3333333333333333,False,False,False
0.3342228152101401,False,False,False,1/2,501/1499,0.501,False,False,False,499/1000,True,1.3877787807814457e-17,2,2,0.3342228152101401,False,False,False,499/1000,True,9/10,0.12475,ascending,1/1000,box,501/1000,0.3342228152101401,False,False,False
0.3377926421404682,False,False,False,1/2,101/299,0.505,False,False,False,99/200,True,0.0,2,2,0.3377926421404682,False,False,False,99/200,True,9/10,0.12375,ascending,1/200,box,101/200,0.3377926421404682,False,False,False
0.3422818791946309,False,False,False,1/2,51/149,0.51,False,False,False,49/100,True,2.7755575615628914e-17,2,2,0.3422818791946309,False,False,False,49/100,True,9/10,0.12250000000000003,ascending,1/100,box,51/100,0.3422818791946309,False,False,False
0.35135135135135137,False,False,False,1/2,13/37,0.52,False,False,False,12/25,True,2.7755575615628914e-17,2,2,0.35135135135135137,False,False,False,12/25,True,9/10,0.11999999999999997,ascending,1/50,box,13/25,0.35135135135135137,False,False,False
0.3793103448275862,False,False,False,1/2,11/29,0.55,False,False,False,9/20,True,1.3877787807814457e-17,2,2,0.3793103448275862,False,False,False,9/20,True,9/10,0.11250000000000002,ascending,1/20,box,11/20,0.3793103448275862,False,False,False
0.42857142857142855,False,False,False,1/2,3/7,0.6,False,False,False,2/5,True,1.3877787807814457e-17,2,2,0.42857142857142855,False,False,False,2/5,True,9/10,0.1,ascending,1/10,box,3/5,0.42857142857142855,False,False,False
0.3333333333333333,False,False,False,1/2,1/3,0.5,False,False,False,1/2,True,1.3877787807814457e-17,2,2,0.3333333333333333,False,False,False,1/2,True,9/10,0.12499999999999999,descending,0,box,1/2,0.3333333333333333,False,False,False
0.3342228152101401,False,False,False,1/2,501/1499,0.501,False,False,False,499/1000,True,1.3877787807814457e-17,2,2,0.3342228152101401,False,False,False,499/1000,True,9/10,0.12475,descending,1/1000,box,501/1000,0.3342228152101401,False,False,False
0.3377926421404682,False,False,False,1/2,101/299,0.505,False,False,False,99/200,True,0.0,2,2,0.3377926421404682,False,False,False,99/200,True,9/10,0.12375,descending,1/200,box,101/200,0.3377926421404682,False,False,False
0.3422818791946309,False,False,False,1/2,51/149,0.51,False,False,False,49/100,True,2.7755575615628914e-17,2,2,0.3422818791946309,False,False,False,49/100,True,9/10,0.12250000000000003,descending,1/100,box,51/100,0.3422818791946309,False,False,False
0.35135135135135137,False,False,False,1/2,13/37,0.52,False,False,False,12/25,True,2.7755575615628914e-17,2,2,0.35135135135135137,False,False,False,12/25,True,9/10,0.11999999999999997,descending,1/50,box,13/25,0.35135135135135137,False,False,False
0.3793103448275862,False,False,False,1/2,11/29,0.55,False,False,False,9/20,True,1.3877787807814457e-17,2,2,0.3793103448275862,False,False,False,9/20,True,9/10,0.11250000000000002,descending,1/20,box,11/20,0.3793103448275862,False,False,False
0.42857142857142855,False,False,False,1/2,3/7,0.6,False,False,False,2/5,True,1.3877787807814457e-17,2,2,0.42857142857142855,False,False,False,2/5,True,9/10,0.1,descending,1/10,box,3/5,0.42857142857142855,False,False,False
1.0,False,False,False,0,1,1.0,False,False,False,0,True,0.0,1,2,1.0,False,False,False,0,True,9/10,,alternating,0,box,0,1.0,False,False,False
1.0,False,False,False,0,1,1.0,False,False,False,-1/1000,True,5.5077470362263625e-17,1,2,1.0,False,False,False,-1/1000,True,9/10,,alternating,1/1000,box,1/1000,1.0,False,False,False
1.0,False,False,False,0,1,1.0,False,False,False,-1/200,True,5.334274688628682e-17,1,2,1.0,False,False,False,-1/200,True,9/10,,alternating,1/200,box,1/200,1.0,False,False,False
1.0,False,False,False,0,1,1.0,False,False,False,-1/100,True,4.336808689942018e-18,1,2,1.0,False,False,False,-1/100,True,9/10,,alternating,1/100,box,1/100,1.0,False,False,False
1.0,False,False,False,0,1,1.0,False,False,False,-1/50,True,8.673617379884035e-18,1,2,1.0,False,False,False,-1/50,True,9/10,,alternating,1/50,box,1/50,1.0,False,False,False
1.0,False,False,False,0,1,1.0,False,False,False,-1/20,True,2.0816681711721685e-17,1,2,1.0,False,False,False,-1/20,True,9/10,,alternating,1/20,box,1/20,1.0,False,False,False
1.0,False,False,False,0,1,1.0,False,False,False,-1/10,True,1.3877787807814457e-17,1,2,1.0,False,False,False,-1/10,True,9/10,,alternating,1/10,box,1/10,1.0,False,False,False
0.0,True,True,True,1,0,0.0,True,True,True,1,False,0.0,2,2,0.0,True,True,True,1,False,9/10,0.25,random_271,0,box,1,0.0,True,True,True
0.0005002501250625313,True,True,True,1,1/1999,0.001,True,True,True,999/1000,True,2.7755575615628914e-17,2,2,0.0005002501250625312,True,True,True,999/1000,False,9/10,0.24975000000000003,random_271,1/1000,box,1,0.0005002501250625312,True,True,True
0.002506265664160401,True,True,True,1,1/399,0.005,True,True,True,199/200,True,2.7755575615628914e-17,2,2,0.002506265664160401,True,True,True,199/200,False,9/10,0.24874999999999997,random_271,1/200,box,1,0.002506265664160401,True,True,True
0.005025125628140704,True,True,True,1,1/199,0.01,True,True,True,99/100,True,2.3852447794681098e-18,2,2,0.005025125628140704,True,True,True,99/100,False,9/10,0.2475,random_271,1/100,box,1,0.005025125628140704,True,True,True
0.010101010101010102,True,False,True,1,1/99,0.02,True,False,True,49/50,True,2.7755575615628914e-17,2,2,0.010101010101010102,True,False,True,49/50,False,9/10,0.24500000000000002,random_271,1/50,box,1,0.010101010101010102,True,False,True
0.02564102564102564,True,False,True,1,1/39,0.05,True,False,True,19/20,True,5.551115123125783e-17,2,2,0.02564102564102564,True,False,True,19/20,False,9/10,0.23749999999999993,random_271,1/20,box,1,0.02564102564102564,True,False,True
0.05263157894736842,True,False,False,1,1/19,0.1,True,False,False,9/10,True,2.7755575615628914e-17,2,2,0.05263157894736842,True,False,False,9/10,False,9/10,0.22499999999999998,random_271,1/10,box,1,0.05263157894736842,True,False,False
1.0,False,False,False,0,1,1.0,False,False,False,0,True,0.0,1,2,1.0,False,False,False,0,True,9/10,,random_811,0,box,0,1.0,False,False,False
1.0,False,False,False,0,1,1.0,False,False,False,-1/1000,True,5.5077470362263625e-17,1,2,1.0,False,False,False,-1/1000,True,9/10,,random_811,1/1000,box,1/1000,1.0,False,False,False
1.0,False,False,False,0,1,1.0,False,False,False,-1/200,True,5.334274688628682e-17,1,2,1.0,False,False,False,-1/200,True,9/10,,random_811,1/200,box,1/200,1.0,False,False,False
1.0,False,False,False,0,1,1.0,False,False,False,-1/100,True,4.336808689942018e-18,1,2,1.0,False,False,False,-1/100,True,9/10,,random_811,1/100,box,1/100,1.0,False,False,False
1.0,False,False,False,0,1,1.0,False,False,False,-1/50,True,8.673617379884035e-18,1,2,1.0,False,False,False,-1/50,True,9/10,,random_811,1/50,box,1/50,1.0,False,False,False
1.0,False,False,False,0,1,1.0,False,False,False,-1/20,True,2.0816681711721685e-17,1,2,1.0,False,False,False,-1/20,True,9/10,,random_811,1/20,box,1/20,1.0,False,False,False
1.0,False,False,False,0,1,1.0,False,False,False,-1/10,True,1.3877787807814457e-17,1,2,1.0,False,False,False,-1/10,True,9/10,,random_811,1/10,box,1/10,1.0,False,False,False
1.0,False,False,False,0,1,1.0,False,False,False,0,True,0.0,1,2,1.0,False,False,False,0,True,9/10,,random_1619,0,box,0,1.0,False,False,False
1.0,False,False,False,0,1,1.0,False,False,False,-1/1000,True,5.5077470362263625e-17,1,2,1.0,False,False,False,-1/1000,True,9/10,,random_1619,1/1000,box,1/1000,1.0,False,False,False
1.0,False,False,False,0,1,1.0,False,False,False,-1/200,True,5.334274688628682e-17,1,2,1.0,False,False,False,-1/200,True,9/10,,random_1619,1/200,box,1/200,1.0,False,False,False
1.0,False,False,False,0,1,1.0,False,False,False,-1/100,True,4.336808689942018e-18,1,2,1.0,False,False,False,-1/100,True,9/10,,random_1619,1/100,box,1/100,1.0,False,False,False
1.0,False,False,False,0,1,1.0,False,False,False,-1/50,True,8.673617379884035e-18,1,2,1.0,False,False,False,-1/50,True,9/10,,random_1619,1/50,box,1/50,1.0,False,False,False
1.0,False,False,False,0,1,1.0,False,False,False,-1/20,True,2.0816681711721685e-17,1,2,1.0,False,False,False,-1/20,True,9/10,,random_1619,1/20,box,1/20,1.0,False,False,False
1.0,False,False,False,0,1,1.0,False,False,False,-1/10,True,1.3877787807814457e-17,1,2,1.0,False,False,False,-1/10,True,9/10,,random_1619,1/10,box,1/10,1.0,False,False,False
1.0,False,False,False,"0,0",1,1.0,False,False,False,"0,0",True,0.0,1,3,1.0,False,False,False,0,True,1/10,,constant_0,0,box,"0,0",1.0,False,False,False
1.0,False,False,False,"0,0",1,1.0,False,False,False,"-1/1000,-1/1000",True,5.5077470362263625e-17,1,3,1.0,False,False,False,-1/1000,True,1/10,,constant_0,1/1000,box,"1/1000,1/1000",1.0,False,False,False
1.0,False,False,False,"0,0",1,1.0,False,False,False,"-1/200,-1/200",True,5.334274688628682e-17,1,3,1.0,False,False,False,-1/200,True,1/10,,constant_0,1/200,box,"1/200,1/200",1.0,False,False,False
1.0,False,False,False,"0,0",1,1.0,False,False,False,"-1/100,-1/100",True,4.336808689942018e-18,1,3,1.0,False,False,False,-1/100,True,1/10,,constant_0,1/100,box,"1/100,1/100",1.0,False,False,False
1.0,False,False,False,"0,0",1,1.0,False,False,False,"-1/50,-1/50",True,8.673617379884035e-18,1,3,1.0,False,False,False,-1/50,True,1/10,,constant_0,1/50,box,"1/50,1/50",1.0,False,False,False
1.0,False,False,False,"0,0",1,1.0,False,False,False,"-1/20,-1/20",True,2.0816681711721685e-17,1,3,1.0,False,False,False,-1/20,True,1/10,,constant_0,1/20,box,"1/20,1/20",1.0,False,False,False
1.0,False,False,False,"0,0",1,1.0,False,False,False,"-1/10,-1/10",True,1.3877787807814457e-17,1,3,1.0,False,False,False,-1/10,True,1/10,,constant_0,1/10,box,"1/10,1/10",1.0,False,False,False
0.8513513513513513,False,False,False,"1/10,1/10",9/11,0.9,False,False,False,"1/10,1/10",True,2.7755575615628914e-17,2,3,0.8181818181818182,False,False,False,1/10,True,1/10,0.024999999999999994,constant_1/10,0,box,"1/10,1/10",0.8181818181818182,False,False,False
0.8527582477014602,False,False,False,"1/10,1/10",901/1099,0.901,False,False,False,"99/1000,99/1000",True,6.938893903907228e-18,2,3,0.8198362147406734,False,False,False,99/1000,True,1/10,0.024749999999999994,constant_1/10,1/1000,box,"101/1000,101/1000",0.8198362147406734,False,False,False
0.8584010840108401,False,False,False,"1/10,1/10",181/219,0.905,False,False,False,"19/200,19/200",True,2.7755575615628914e-17,2,3,0.8264840182648402,False,False,False,19/200,True,1/10,0.023749999999999993,constant_1/10,1/200,box,"21/200,21/200",0.8264840182648402,False,False,False
0.8654891304347826,False,False,False,"1/10,1/10",91/109,0.91,False,False,False,"9/100,9/100",True,2.0816681711721685e-17,2,3,0.8348623853211009,False,False,False,9/100,True,1/10,0.02250000000000002,constant_1/10,1/100,box,"11/100,11/100",0.8348623853211009,False,False,False
0.8797814207650273,False,False,False,"1/10,1/10",23/27,0.92,False,False,False,"2/25,2/25",True,1.0408340855860843e-17,2,3,0.8518518518518519,False,False,False,2/25,True,1/10,0.01999999999999999,constant_1/10,1/50,box,"3/25,3/25",0.8518518518518519,False,False,False
0.9236111111111112,False,False,False,"1/10,1/10",19/21,0.95,False,False,False,"1/20,1/20",True,1.734723475976807e-17,2,3,0.9047619047619048,False,False,False,1/20,True,1/10,0.012499999999999983,constant_1/10,1/20,box,"3/20,3/20",0.9047619047619048,False,False,False
1.0,False,False,False,"1/10,1/10",1,1.0,False,False,False,"0,0",True,0.0,1,3,1.0,False,False,False,0,True,1/10,,constant_1/10,1/10,box,"1/5,1/5",1.0,False,False,False
0.36602540378443865,False,False,False,"1/2,1/2",1/3,0.5,False,False,False,"1/2,1/2",True,0.0,2,3,0.3333333333333333,False,False,False,1/2,True,1/10,0.125,constant_1/2,0,box,"1/2,1/2",0.3333333333333333,False,False,False
0.3670259811345154,False,False,False,"1/2,1/2",501/1499,0.501,False,False,False,"499/1000,499/1000",True,0.0,2,3,0.3342228152101401,False,False,False,499/1000,True,1/10,0.12475,constant_1/2,1/1000,box,"501/1000,501/1000",0.3342228152101401,False,False,False
0.3710398374208891,False,False,False,"1/2,1/2",101/299,0.505,False,False,False,"99/200,99/200",True,0.0,2,3,0.3377926421404682,False,False,False,99/200,True,1/10,0.12375,constant_1/2,1/200,box,"101/200,101/200",0.3377926421404682,False,False,False
0.376083136886985,False,False,False,"1/2,1/2",51/149,0.51,False,False,False,"49/100,49/100",True,0.0,2,3,0.3422818791946309,False,False,False,49/100,True,1/10,0.1225,constant_1/2,1/100,box,"51/100,51/100",0.3422818791946309,False,False,False
0.3862563131083086,False,False,False,"1/2,1/2",13/37,0.52,False,False,False,"12/25,12/25",True,1.3877787807814457e-17,2,3,0.35135135135135137,False,False,False,12/25,True,1/10,0.12000000000000001,constant_1/2,1/50,box,"13/25,13/25",0.35135135135135137,False,False,False
0.4174675786448736,False,False,False,"1/2,1/2",11/29,0.55,False,False,False,"9/20,9/20",True,1.3877787807814457e-17,2,3,0.3793103448275862,False,False,False,9/20,True,1/10,0.11249999999999999,constant_1/2,1/20,box,"11/20,11/20",0.3793103448275862,False,False,False
0.4717797887081347,False,False,False,"1/2,1/2",3/7,0.6,False,False,False,"2/5,2/5",True,1.3877787807814457e-17,2,3,0.42857142857142855,False,False,False,2/5,True,1/10,0.09999999999999999,constant_1/2,1/10,box,"3/5,3/5",0.42857142857142855,False,False,False
0.05393920141694565,True,False,False,"9/10,9/10",1/19,0.1,True,False,False,"9/10,9/10",True,2.7755575615628914e-17,2,3,0.05263157894736842,True,False,False,9/10,True,1/10,0.22499999999999998,constant_9/10,0,box,"9/10,9/10",0.05263157894736842,True,False,False
0.054520319657635825,True,False,False,"9/10,9/10",101/1899,0.101,False,False,False,"899/1000,899/1000",True,6.938893903907228e-18,2,3,0.05318588730911006,True,False,False,899/1000,True,1/10,0.22475,constant_9/10,1/1000,box,"901/1000,901/1000",0.05318588730911006,True,False,False
0.05685345510745508,True,False,False,"9/10,9/10",21/379,0.105,False,False,False,"179/200,179/200",True,1.734723475976807e-18,2,3,0.055408970976253295,True,False,False,179/200,True,1/10,0.22375,constant_9/10,1/200,box,"181/200,181/200",0.055408970976253295,True,False,False
0.05978945035202407,True,False,False,"9/10,9/10",11/189,0.11,False,False,False,"89/100,89/100",True,2.7755575615628914e-17,2,3,0.0582010582010582,True,False,False,89/100,True,1/10,0.22249999999999998,constant_9/10,1/100,box,"91/100,91/100",0.0582010582010582,True,False,False
0.06572723340295113,True,False,False,"9/10,9/10",3/47,0.12,False,False,False,"22/25,22/25",True,0.0,2,3,0.06382978723404255,True,False,False,22/25,True,1/10,0.22,constant_9/10,1/50,box,"23/25,23/25",0.06382978723404255,True,False,False
0.08407708461347022,True,False,False,"9/10,9/10",3/37,0.15,False,False,False,"17/20,17/20",True,2.7755575615628914e-17,2,3,0.08108108108108109,True,False,False,17/20,True,1/10,0.21250000000000002,constant_9/10,1/20,box,"19/20,19/20",0.08108108108108109,True,False,False
0.116515138991168,False,False,False,"9/10,9/10",1/9,0.2,False,False,False,"4/5,4/5",True,1.3877787807814457e-17,2,3,0.1111111111111111,False,False,False,4/5,True,1/10,0.2,constant_9/10,1/10,box,"1,1",0.1111111111111111,False,False,False
0.0,True,True,True,"1,1",0,0.0,True,True,True,"1,1",False,0.0,2,3,0.0,True,True,True,1,False,1/10,0.25,constant_1,0,box,"1,1",0.0,True,True,True
0.0005003751875233789,True,True,True,"1,1",1/1999,0.001,True,True,True,"999/1000,999/1000",True,2.7755575615628914e-17,2,3,0.0005002501250625312,True,True,True,999/1000,False,1/10,0.24975000000000003,constant_1,1/1000,box,"1,1",0.0005002501250625312,True,True,True
0.0025093984519644614,True,True,True,"1,1",1/399,0.005,True,True,True,"199/200,199/200",True,2.7755575615628914e-17,2,3,0.002506265664160401,True,True,True,199/200,False,1/10,0.24874999999999997,constant_1,1/200,box,"1,1",0.002506265664160401,True,True,True
0.005037687728459861,True,True,True,"1,1",1/199,0.01,True,True,True,"99/100,99/100",True,2.3852447794681098e-18,2,3,0.005025125628140704,True,True,True,99/100,False,1/10,0.2475,constant_1,1/100,box,"1,1",0.005025125628140704,True,True,True
0.010151503558925067,True,False,True,"1,1",1/99,0.02,True,False,True,"49/50,49/50",True,4.336808689942018e-18,2,3,0.010101010101010102,True,False,True,49/50,False,1/10,0.245,constant_1,1/50,box,"1,1",0.010101010101010102,True,False,True
0.025961064797156753,True,False,True,"1,1",1/39,0.05,True,False,True,"19/20,19/20",True,1.1275702593849246e-17,2,3,0.02564102564102564,True,False,True,19/20,False,1/10,0.2375,constant_1,1/20,box,"1,1",0.02564102564102564,True,False,True
0.05393920141694565,True,False,False,"1,1",1/19,0.1,True,False,False,"9/10,9/10",True,2.7755575615628914e-17,2,3,0.05263157894736842,True,False,False,9/10,False,1/10,0.22499999999999998,constant_1,1/10,box,"1,1",0.05263157894736842,True,False,False
0.3174675786448736,False,False,False,"0,1",0,0.45,False,False,False,"0,1",False,0.0,2,3,0.21428571428571427,False,False,False,11/20,False,1/10,0.1,ascending,0,box,"0,1",0.0,True,True,True
0.318410514116586,False,False,False,"0,1",7/7990,0.451,False,False,False,"-1/1000,999/1000",True,1.6263032587282567e-19,2,3,0.21515368120085776,False,False,False,549/1000,False,1/10,0.0997875,ascending,1/1000,box,"1/1000,1",0.0008760951188986233,True,True,True
0.32219374997747763,False,False,False,"0,1",7/1590,0.455,False,False,False,"-1/200,199/200",True,1.3877787807814457e-17,2,3,0.21863799283154123,False,False,False,109/200,False,1/10,0.09893750000000001,ascending,1/200,box,"1/200,1",0.00440251572327044,True,True,True
0.32694867206772976,False,False,False,"0,1",7/790,0.46,False,False,False,"-1/100,99/100",True,1.3877787807814457e-17,2,3,0.22302158273381295,False,False,False,27/50,False,1/10,0.09787499999999999,ascending,1/100,box,"1/100,1",0.008860759493670886,True,True,True
0.3365448632355973,False,False,False,"0,1",7/390,0.47,False,False,False,"-1/50,49/50",True,2.7755575615628914e-17,2,3,0.2318840579710145,False,False,False,53/100,False,1/10,0.09574999999999997,ascending,1/50,box,"1/50,1",0.017948717948717947,True,False,True
0.36602540378443865,False,False,False,"0,1",7/150,0.5,False,False,False,"-1/20,19/20",True,1.3877787807814457e-17,2,3,0.25925925925925924,False,False,False,1/2,False,1/10,0.08937499999999998,ascending,1/20,box,"1/20,1",0.04666666666666667,True,False,True
0.4174675786448736,False,False,False,"0,1",1/10,0.55,False,False,False,"-1/10,9/10",True,1.3877787807814457e-17,2,3,0.3076923076923077,False,False,False,9/20,False,1/10,0.07875000000000001,ascending,1/10,box,"1/10,1",0.1,True,False,False
0.4174675786448736,False,False,False,"1,0",0,0.55,False,False,False,"1,0",False,6.938893903907228e-18,2,3,0.4375,False,False,False,9/20,False,1/10,0.024999999999999994,descending,0,box,"1,0",0.0,True,True,True
0.41852579212378466,False,False,False,"1,0",3/1990,0.551,False,False,False,"999/1000,-1/1000",True,3.469446951953614e-17,2,3,0.43839899937460913,False,False,False,449/1000,False,1/10,0.02492631909547742,descending,1/1000,box,"1,1/1000",0.001507537688442211,True,True,True
0.42277013085263543,False,False,False,"1,0",1/130,0.555,False,False,False,"199/200,-1/200",True,2.42861286636753e-17,2,3,0.44200626959247646,False,False,False,89/200,False,1/10,0.024658653846153872,descending,1/200,box,"1,1/200",0.007692307692307693,True,True,True
0.4281013765684282,False,False,False,"1,0",3/190,0.56,False,False,False,"99/100,-1/100",True,6.938893903907228e-18,2,3,0.44654088050314467,False,False,False,11/25,False,1/10,0.024388157894736848,descending,1/100,box,"1,1/100",0.015789473684210527,True,False,True
0.4388498144098323,False,False,False,"1,0",1/30,0.57,False,False,False,"49/50,-1/50",True,1.0408340855860843e-17,2,3,0.45569620253164556,False,False,False,43/100,False,1/10,0.024083333333333345,descending,1/50,box,"1,1/50",0.03333333333333333,True,False,True
0.4717797887081347,False,False,False,"1,0",1/10,0.6,False,False,False,"19/20,-1/20",True,1.0408340855860843e-17,2,3,0.4838709677419355,False,False,False,2/5,False,1/10,0.02562500000000001,descending,1/20,box,"1,1/20",0.1,True,False,False
0.5289197915623473,False,False,False,"1,0",3/10,0.65,False,False,False,"9/10,-1/10",True,1.3877787807814457e-17,2,3,0.5333333333333333,False,False,False,7/20,False,1/10,0.04374999999999998,descending,1/10,box,"1,1/10",0.3,False,False,False
0.3174675786448736,False,False,False,"0,1",0,0.45,False,False,False,"0,1",False,0.0,2,3,0.21428571428571427,False,False,False,11/20,False,1/10,0.1,alternating,0,box,"0,1",0.0,True,True,True
0.318410514116586,False,False,False,"0,1",7/7990,0.451,False,False,False,"-1/1000,999/1000",True,1.6263032587282567e-19,2,3,0.21515368120085776,False,False,False,549/1000,False,1/10,0.0997875,alternating,1/1000,box,"1/1000,1",0.0008760951188986233,True,True,True
0.32219374997747763,False,False,False,"0,1",7/1590,0.455,False,False,False,"-1/200,199/200",True,1.3877787807814457e-17,2,3,0.21863799283154123,False,False,False,109/200,False,1/10,0.09893750000000001,alternating,1/200,box,"1/200,1",0.00440251572327044,True,True,True
0.32694867206772976,False,False,False,"0,1",7/790,0.46,False,False,False,"-1/100,99/100",True,1.3877787807814457e-17,2,3,0.22302158273381295,False,False,False,27/50,False,1/10,0.09787499999999999,alternating,1/100,box,"1/100,1",0.008860759493670886,True,True,True
0.3365448632355973,False,False,False,"0,1",7/390,0.47,False,False,False,"-1/50,49/50",True,2.7755575615628914e-17,2,3,0.2318840579710145,False,False,False,53/100,False,1/10,0.09574999999999997,alternating,1/50,box,"1/50,1",0.017948717948717947,True,False,True
0.36602540378443865,False,False,False,"0,1",7/150,0.5,False,False,False,"-1/20,19/20",True,1.3877787807814457e-17,2,3,0.25925925925925924,False,False,False,1/2,False,1/10,0.08937499999999998,alternating,1/20,box,"1/20,1",0.04666666666666667,True,False,True
0.4174675786448736,False,False,False,"0,1",1/10,0.55,False,False,False,"-1/10,9/10",True,1.3877787807814457e-17,2,3,0.3076923076923077,False,False,False,9/20,False,1/10,0.07875000000000001,alternating,1/10,box,"1/10,1",0.1,True,False,False
0.07633238653127002,True,False,False,"1,3/4",0,0.1375,False,False,False,"1,3/4",False,0.0,2,3,0.09210526315789473,True,False,False,69/80,False,1/10,0.19375,random_271,0,box,"1,3/4",0.0,True,True,True
0.07694672198266003,True,False,False,"1,3/4",3/4990,0.1385,False,False,False,"999/1000,749/1000",True,2.7755575615628914e-17,2,3,0.09268035808320169,True,False,False,1723/2000,False,1/10,0.1935177104208417,random_271,1/1000,box,"1,751/1000",0.0006012024048096192,True,True,True
0.07941314965689322,True,False,False,"1,3/4",1/330,0.1425,False,False,False,"199/200,149/200",True,3.2526065174565133e-19,2,3,0.09498680738786279,True,False,False,343/400,False,1/10,0.19259280303030302,random_271,1/200,box,"1,151/200",0.0030303030303030303,True,True,True
0.08251671108060951,True,False,False,"1,3/4",3/490,0.1475,False,False,False,"99/100,37/50",True,6.505213034913027e-19,2,3,0.09788359788359788,True,False,False,341/400,False,1/10,0.19144642857142857,random_271,1/100,box,"1,19/25",0.006122448979591836,True,True,True
0.08879278425208471,True,False,False,"1,3/4",1/80,0.1575,False,False,False,"49/50,73/100",True,1.3010426069826053e-18,2,3,0.10372340425531915,False,False,False,337/400,False,1/10,0.1891875,random_271,1/50,box,"1,77/100",0.0125,True,False,True
0.10818249141601471,False,False,False,"1,3/4",1/30,0.1875,False,False,False,"19/20,7/10",True,1.734723475976807e-18,2,3,0.12162162162162163,False,False,False,13/16,False,1/10,0.18270833333333333,random_271,1/20,box,"1,4/5",0.03333333333333333,True,False,True
0.1424343898869133,False,False,False,"1,3/4",3/40,0.2375,False,False,False,"9/10,13/20",True,0.0,2,3,0.1527777777777778,False,False,False,61/80,False,1/10,0.173125,random_271,1/10,box,"1,17/20",0.075,True,False,False
0.4579345179276842,False,False,False,"0,3/4",1/4,0.5875,False,False,False,"0,3/4",True,0.0,2,3,0.36538461538461536,False,False,False,33/80,True,1/10,0.084375,random_811,0,box,"0,3/4",0.25,False,False,False
0.45903561098900486,False,False,False,"0,3/4",1757/6990,0.5885,False,False,False,"-1/1000,749/1000",True,2.7755575615628914e-17,2,3,0.36643571978444955,False,False,False,823/2000,True,1/10,0.08418943133047213,random_811,1/1000,box,"1/1000,751/1000",0.25135908440629473,False,False,False
0.4634513476652987,False,False,False,"0,3/4",357/1390,0.5925,False,False,False,"-1/200,149/200",True,2.7755575615628914e-17,2,3,0.37065637065637064,False,False,False,163/400,True,1/10,0.08345008992805758,random_811,1/200,box,"1/200,151/200",0.2568345323741007,False,False,False
0.4689965576524098,False,False,False,"0,3/4",91/345,0.5975,False,False,False,"-1/100,37/50",True,1.3877787807814457e-17,2,3,0.375968992248062,False,False,False,161/400,True,1/10,0.08253260869565218,random_811,1/100,box,"1/100,19/25",0.263768115942029,False,False,False
0.48017190283634087,False,False,False,"0,3/4",189/680,0.6075,False,False,False,"-1/50,73/100",True,0.0,2,3,0.38671875,False,False,False,157/400,True,1/10,0.08072058823529411,random_811,1/50,box,"1/50,77/100",0.27794117647058825,False,False,False
0.5143729953647792,False,False,False,"0,3/4",21/65,0.6375,False,False,False,"-1/20,7/10",True,0.0,2,3,0.42,False,False,False,29/80,True,1/10,0.07548076923076923,random_811,1/20,box,"1/20,4/5",0.3230769230769231,False,False,False
0.5735904299223641,False,False,False,"0,3/4",49/120,0.6875,False,False,False,"-1/10,13/20",True,1.3877787807814457e-17,2,3,0.4791666666666667,False,False,False,5/16,True,1/10,0.06750000000000002,random_811,1/10,box,"1/10,17/20",0.4083333333333333,False,False,False
0.3174675786448736,False,False,False,"0,1",0,0.45,False,False,False,"0,1",False,0.0,2,3,0.21428571428571427,False,False,False,11/20,False,1/10,0.1,random_1619,0,box,"0,1",0.0,True,True,True
0.318410514116586,False,False,False,"0,1",7/7990,0.451,False,False,False,"-1/1000,999/1000",True,1.6263032587282567e-19,2,3,0.21515368120085776,False,False,False,549/1000,False,1/10,0.0997875,random_1619,1/1000,box,"1/1000,1",0.0008760951188986233,True,True,True
0.32219374997747763,False,False,False,"0,1",7/1590,0.455,False,False,False,"-1/200,199/200",True,1.3877787807814457e-17,2,3,0.21863799283154123,False,False,False,109/200,False,1/10,0.09893750000000001,random_1619,1/200,box,"1/200,1",0.00440251572327044,True,True,True
0.32694867206772976,False,False,False,"0,1",7/790,0.46,False,False,False,"-1/100,99/100",True,1.3877787807814457e-17,2,3,0.22302158273381295,False,False,False,27/50,False,1/10,0.09787499999999999,random_1619,1/100,box,"1/100,1",0.008860759493670886,True,True,True
0.3365448632355973,False,False,False,"0,1",7/390,0.47,False,False,False,"-1/50,49/50",True,2.7755575615628914e-17,2,3,0.2318840579710145,False,False,False,53/100,False,1/10,0.09574999999999997,random_1619,1/50,box,"1/50,1",0.017948717948717947,True,False,True
0.36602540378443865,False,False,False,"0,1",7/150,0.5,False,False,False,"-1/20,19/20",True,1.3877787807814457e-17,2,3,0.25925925925925924,False,False,False,1/2,False,1/10,0.08937499999999998,random_1619,1/20,box,"1/20,1",0.04666666666666667,True,False,True
0.4174675786448736,False,False,False,"0,1",1/10,0.55,False,False,False,"-1/10,9/10",True,1.3877787807814457e-17,2,3,0.3076923076923077,False,False,False,9/20,False,1/10,0.07875000000000001,random_1619,1/10,box,"1/10,1",0.1,True,False,False
1.0,False,False,False,"0,0",1,1.0,False,False,False,"0,0",True,0.0,1,3,1.0,False,False,False,0,True,1/2,,constant_0,0,box,"0,0",1.0,False,False,False
1.0,False,False,False,"0,0",1,1.0,False,False,False,"-1/1000,-1/1000",True,4.336808689942018e-19,1,3,1.0,False,False,False,-1/1000,True,1/2,,constant_0,1/1000,box,"1/1000,1/1000",1.0,False,False,False
1.0,False,False,False,"0,0",1,1.0,False,False,False,"-1/200,-1/200",True,2.168404344971009e-18,1,3,1.0,False,False,False,-1/200,True,1/2,,constant_0,1/200,box,"1/200,1/200",1.0,False,False,False
1.0,False,False,False,"0,0",1,1.0,False,False,False,"-1/100,-1/100",True,4.336808689942018e-18,1,3,1.0,False,False,False,-1/100,True,1/2,,constant_0,1/100,box,"1/100,1/100",1.0,False,False,False
1.0,False,False,False,"0,0",1,1.0,False,False,False,"-1/50,-1/50",True,8.673617379884035e-18,1,3,1.0,False,False,False,-1/50,True,1/2,,constant_0,1/50,box,"1/50,1/50",1.0,False,False,False
1.0,False,False,False,"0,0",1,1.0,False,False,False,"-1/20,-1/20",True,2.0816681711721685e-17,1,3,1.0,False,False,False,-1/20,True,1/2,,constant_0,1/20,box,"1/20,1/20",1.0,False,False,False
1.0,False,False,False,"0,0",1,1.0,False,False,False,"-1/10,-1/10",True,1.3877787807814457e-17,1,3,1.0,False,False,False,-1/10,True,1/2,,constant_0,1/10,box,"1/10,1/10",1.0,False,False,False
0.8333333333333334,False,False,False,"1/10,1/10",9/11,0.9,False,False,False,"1/10,1/10",True,2.7755575615628914e-17,2,3,0.8181818181818182,False,False,False,1/10,True,1/2,0.024999999999999994,constant_1/10,0,box,"1/10,1/10",0.8181818181818182,False,False,False
0.8348776871756857,False,False,False,"1/10,1/10",901/1099,0.901,False,False,False,"99/1000,99/1000",True,6.938893903907228e-18,2,3,0.8198362147406734,False,False,False,99/1000,True,1/2,0.024749999999999994,constant_1/10,1/1000,box,"101/1000,101/1000",0.8198362147406734,False,False,False
0.8410780669144982,False,False,False,"1/10,1/10",181/219,0.905,False,False,False,"19/200,19/200",True,3.469446951953614e-17,2,3,0.8264840182648402,False,False,False,19/200,True,1/2,0.023749999999999966,constant_1/10,1/200,box,"21/200,21/200",0.8264840182648402,False,False,False
0.8488805970149254,False,False,False,"1/10,1/10",91/109,0.91,False,False,False,"9/100,9/100",True,2.0816681711721685e-17,2,3,0.8348623853211009,False,False,False,9/100,True,1/2,0.02250000000000002,constant_1/10,1/100,box,"11/100,11/100",0.8348623853211009,False,False,False
0.8646616541353384,False,False,False,"1/10,1/10",23/27,0.92,False,False,False,"2/25,2/25",True,3.8163916471489756e-17,2,3,0.8518518518518519,False,False,False,2/25,True,1/2,0.019999999999999962,constant_1/10,1/50,box,"3/25,3/25",0.8518518518518519,False,False,False
0.9134615384615384,False,False,False,"1/10,1/10",19/21,0.95,False,False,False,"1/20,1/20",True,1.0408340855860843e-17,2,3,0.9047619047619048,False,False,False,1/20,True,1/2,0.012500000000000011,constant_1/10,1/20,box,"3/20,3/20",0.9047619047619048,False,False,False
1.0,False,False,False,"1/10,1/10",1,1.0,False,False,False,"0,0",True,0.0,1,3,1.0,False,False,False,0,True,1/2,,constant_1/10,1/10,box,"1/5,1/5",1.0,False,False,False
0.35714285714285715,False,False,False,"1/2,1/2",1/3,0.5,False,False,False,"1/2,1/2",True,1.3877787807814457e-17,2,3,0.3333333333333333,False,False,False,1/2,True,1/2,0.12499999999999999,constant_1/2,0,box,"1/2,1/2",0.3333333333333333,False,False,False
0.35806174957118353,False,False,False,"1/2,1/2",501/1499,0.501,False,False,False,"499/1000,499/1000",True,0.0,2,3,0.3342228152101401,False,False,False,499/1000,True,1/2,0.12475,constant_1/2,1/1000,box,"501/1000,501/1000",0.3342228152101401,False,False,False
0.36174785100286533,False,False,False,"1/2,1/2",101/299,0.505,False,False,False,"99/200,99/200",True,0.0,2,3,0.3377926421404682,False,False,False,99/200,True,1/2,0.12375,constant_1/2,1/200,box,"101/200,101/200",0.3377926421404682,False,False,False
0.36637931034482757,False,False,False,"1/2,1/2",51/149,0.51,False,False,False,"49/100,49/100",True,0.0,2,3,0.3422818791946309,False,False,False,49/100,True,1/2,0.1225,constant_1/2,1/100,box,"51/100,51/100",0.3422818791946309,False,False,False
0.37572254335260113,False,False,False,"1/2,1/2",13/37,0.52,False,False,False,"12/25,12/25",True,1.3877787807814457e-17,2,3,0.35135135135135137,False,False,False,12/25,True,1/2,0.11999999999999998,constant_1/2,1/50,box,"13/25,13/25",0.35135135135135137,False,False,False
0.40441176470588236,False,False,False,"1/2,1/2",11/29,0.55,False,False,False,"9/20,9/20",True,1.3877787807814457e-17,2,3,0.3793103448275862,False,False,False,9/20,True,1/2,0.11249999999999999,constant_1/2,1/20,box,"11/20,11/20",0.3793103448275862,False,False,False
0.45454545454545453,False,False,False,"1/2,1/2",3/7,0.6,False,False,False,"2/5,2/5",True,1.3877787807814457e-17,2,3,0.42857142857142855,False,False,False,2/5,True,1/2,0.09999999999999999,constant_1/2,1/10,box,"3/5,3/5",0.42857142857142855,False,False,False
0.05393920141694565,True,False,False,"9/10,9/10",1/19,0.1,True,False,False,"9/10,9/10",True,2.7755575615628914e-17,2,3,0.05263157894736842,True,False,False,9/10,True,1/2,0.22499999999999998,constant_9/10,0,box,"9/10,9/10",0.05263157894736842,True,False,False
0.054520319657635825,True,False,False,"9/10,9/10",101/1899,0.101,False,False,False,"899/1000,899/1000",True,3.469446951953614e-18,2,3,0.05318588730911006,True,False,False,899/1000,True,1/2,0.22475,constant_9/10,1/1000,box,"901/1000,901/1000",0.05318588730911006,True,False,False
0.05685345510745508,True,False,False,"9/10,9/10",21/379,0.105,False,False,False,"179/200,179/200",True,5.204170427930421e-18,2,3,0.055408970976253295,True,False,False,179/200,True,1/2,0.22375,constant_9/10,1/200,box,"181/200,181/200",0.055408970976253295,True,False,False
0.05978945035202407,True,False,False,"9/10,9/10",11/189,0.11,False,False,False,"89/100,89/100",True,2.7755575615628914e-17,2,3,0.0582010582010582,True,False,False,89/100,True,1/2,0.22249999999999998,constant_9/10,1/100,box,"91/100,91/100",0.0582010582010582,True,False,False
0.06572723340295113,True,False,False,"9/10,9/10",3/47,0.12,False,False,False,"22/25,22/25",True,2.7755575615628914e-17,2,3,0.06382978723404255,True,False,False,22/25,True,1/2,0.22000000000000003,constant_9/10,1/50,box,"23/25,23/25",0.06382978723404255,True,False,False
0.08407708461347022,True,False,False,"9/10,9/10",3/37,0.15,False,False,False,"17/20,17/20",True,6.938893903907228e-18,2,3,0.08108108108108109,True,False,False,17/20,True,1/2,0.2125,constant_9/10,1/20,box,"19/20,19/20",0.08108108108108109,True,False,False
0.116515138991168,False,False,False,"9/10,9/10",1/9,0.2,False,False,False,"4/5,4/5",True,1.0408340855860843e-17,2,3,0.1111111111111111,False,False,False,4/5,True,1/2,0.2,constant_9/10,1/10,box,"1,1",0.1111111111111111,False,False,False
0.0,True,True,True,"1,1",0,0.0,True,True,True,"1,1",False,0.0,2,3,0.0,True,True,True,1,False,1/2,0.25,constant_1,0,box,"1,1",0.0,True,True,True
0.0005003751875233789,True,True,True,"1,1",1/1999,0.001,True,True,True,"999/1000,999/1000",True,2.710505431213761e-19,2,3,0.0005002501250625312,True,True,True,999/1000,False,1/2,0.24975,constant_1,1/1000,box,"1,1",0.0005002501250625312,True,True,True
0.0025093984519644614,True,True,True,"1,1",1/399,0.005,True,True,True,"199/200,199/200",True,2.7755575615628914e-17,2,3,0.002506265664160401,True,True,True,199/200,False,1/2,0.24874999999999997,constant_1,1/200,box,"1,1",0.002506265664160401,True,True,True
0.005037687728459861,True,True,True,"1,1",1/199,0.01,True,True,True,"99/100,99/100",True,2.168404344971009e-18,2,3,0.005025125628140704,True,True,True,99/100,False,1/2,0.2475,constant_1,1/100,box,"1,1",0.005025125628140704,True,True,True
0.010151503558925067,True,False,True,"1,1",1/99,0.02,True,False,True,"49/50,49/50",True,4.7704895589362195e-18,2,3,0.010101010101010102,True,False,True,49/50,False,1/2,0.245,constant_1,1/50,box,"1,1",0.010101010101010102,True,False,True
0.025961064797156753,True,False,True,"1,1",1/39,0.05,True,False,True,"19/20,19/20",True,1.1275702593849246e-17,2,3,0.02564102564102564,True,False,True,19/20,False,1/2,0.2375,constant_1,1/20,box,"1,1",0.02564102564102564,True,False,True
0.05393920141694565,True,False,False,"1,1",1/19,0.1,True,False,False,"9/10,9/10",True,2.7755575615628914e-17,2,3,0.05263157894736842,True,False,False,9/10,False,1/2,0.22499999999999998,constant_1,1/10,box,"1,1",0.05263157894736842,True,False,False
0.15138781886599734,False,False,False,"0,1",0,0.25,False,False,False,"0,1",False,0.0,2,3,0.1,True,False,False,3/4,False,1/2,0.16666666666666666,ascending,0,box,"0,1",0.0,True,True,True
0.15211098095628597,False,False,False,"0,1",5/7994,0.251,False,False,False,"-1/1000,999/1000",True,2.7755575615628914e-17,2,3,0.10066039623774264,False,False,False,749/1000,False,1/2,0.16643750000000002,ascending,1/1000,box,"1/1000,1",0.0006254691018263697,True,True,True
0.1550138887817232,False,False,False,"0,1",5/1594,0.255,False,False,False,"-1/200,199/200",True,9.75781955236954e-19,2,3,0.10330992978936811,False,False,False,149/200,False,1/2,0.16552083333333334,ascending,1/200,box,"1/200,1",0.003136762860727729,True,True,True
0.15866567754643884,False,False,False,"0,1",5/794,0.26,False,False,False,"-1/100,99/100",True,2.168404344971009e-18,2,3,0.10663983903420524,False,False,False,37/50,False,1/2,0.164375,ascending,1/100,box,"1/100,1",0.006297229219143577,True,True,True
0.16604687377391145,False,False,False,"0,1",5/394,0.27,False,False,False,"-1/50,49/50",True,2.7755575615628914e-17,2,3,0.11336032388663968,False,False,False,73/100,False,1/2,0.16208333333333336,ascending,1/50,box,"1/50,1",0.012690355329949238,True,False,True
0.18881944173155887,False,False,False,"0,1",5/154,0.3,False,False,False,"-1/20,19/20",True,1.214306433183765e-17,2,3,0.13402061855670103,False,False,False,7/10,False,1/2,0.15520833333333334,ascending,1/20,box,"1/20,1",0.032467532467532464,True,False,True
0.2289197915623473,False,False,False,"0,1",5/74,0.35,False,False,False,"-1/10,9/10",True,2.7755575615628914e-17,2,3,0.1702127659574468,False,False,False,13/20,False,1/2,0.14375000000000002,ascending,1/10,box,"1/10,1",0.06756756756756757,True,False,False
0.625,False,False,False,"1,0",5/8,0.75,False,False,False,"1,0",False,0.0,2,3,0.625,False,False,False,1/4,False,1/2,0.0625,descending,0,box,"1,0",0.625,False,False,False
0.6262508338892595,False,False,False,"1,0",2503/3997,0.751,False,False,False,"999/1000,-1/1000",True,0.0,2,3,0.6262196647485614,False,False,False,249/1000,False,1/2,0.06225,descending,1/1000,box,"1,1/1000",0.6262196647485614,False,False,False
0.6312709030100334,False,False,False,"1,0",503/797,0.755,False,False,False,"199/200,-1/200",True,2.7755575615628914e-17,2,3,0.6311166875784191,False,False,False,49/200,False,1/2,0.06124999999999997,descending,1/200,box,"1,1/200",0.6311166875784191,False,False,False
0.6375838926174496,False,False,False,"1,0",253/397,0.76,False,False,False,"99/100,-1/100",True,2.7755575615628914e-17,2,3,0.6372795969773299,False,False,False,6/25,False,1/2,0.05999999999999997,descending,1/100,box,"1,1/100",0.6372795969773299,False,False,False
0.6503378378378378,False,False,False,"1,0",128/197,0.77,False,False,False,"49/50,-1/50",True,2.7755575615628914e-17,2,3,0.649746192893401,False,False,False,23/100,False,1/2,0.057499999999999996,descending,1/50,box,"1,1/50",0.649746192893401,False,False,False
0.6896551724137931,False,False,False,"1,0",53/77,0.8,False,False,False,"19/20,-1/20",True,5.551115123125783e-17,2,3,0.6883116883116883,False,False,False,1/5,False,1/2,0.04999999999999996,descending,1/20,box,"1,1/20",0.6883116883116883,False,False,False
0.7589285714285714,False,False,False,"1,0",28/37,0.85,False,False,False,"9/10,-1/10",True,2.0816681711721685e-17,2,3,0.7567567567567568,False,False,False,3/20,False,1/2,0.03749999999999998,descending,1/10,box,"1,1/10",0.7567567567567568,False,False,False
0.15138781886599734,False,False,False,"0,1",0,0.25,False,False,False,"0,1",False,0.0,2,3,0.1,True,False,False,3/4,False,1/2,0.16666666666666666,alternating,0,box,"0,1",0.0,True,True,True
0.15211098095628597,False,False,False,"0,1",5/7994,0.251,False,False,False,"-1/1000,999/1000",True,2.7755575615628914e-17,2,3,0.10066039623774264,False,False,False,749/1000,False,1/2,0.16643750000000002,alternating,1/1000,box,"1/1000,1",0.0006254691018263697,True,True,True
0.1550138887817232,False,False,False,"0,1",5/1594,0.255,False,False,False,"-1/200,199/200",True,9.75781955236954e-19,2,3,0.10330992978936811,False,False,False,149/200,False,1/2,0.16552083333333334,alternating,1/200,box,"1/200,1",0.003136762860727729,True,True,True
0.15866567754643884,False,False,False,"0,1",5/794,0.26,False,False,False,"-1/100,99/100",True,2.168404344971009e-18,2,3,0.10663983903420524,False,False,False,37/50,False,1/2,0.164375,alternating,1/100,box,"1/100,1",0.006297229219143577,True,True,True
0.16604687377391145,False,False,False,"0,1",5/394,0.27,False,False,False,"-1/50,49/50",True,2.7755575615628914e-17,2,3,0.11336032388663968,False,False,False,73/100,False,1/2,0.16208333333333336,alternating,1/50,box,"1/50,1",0.012690355329949238,True,False,True
0.18881944173155887,False,False,False,"0,1",5/154,0.3,False,False,False,"-1/20,19/20",True,1.214306433183765e-17,2,3,0.13402061855670103,False,False,False,7/10,False,1/2,0.15520833333333334,alternating,1/20,box,"1/20,1",0.032467532467532464,True,False,True
0.2289197915623473,False,False,False,"0,1",5/74,0.35,False,False,False,"-1/10,9/10",True,2.7755575615628914e-17,2,3,0.1702127659574468,False,False,False,13/20,False,1/2,0.14375000000000002,alternating,1/10,box,"1/10,1",0.06756756756756757,True,False,False
0.10818249141601471,False,False,False,"1,3/4",0,0.1875,False,False,False,"1,3/4",False,2.7755575615628914e-17,2,3,0.11363636363636363,False,False,False,13/16,False,1/2,0.17708333333333331,random_271,0,box,"1,3/4",0.0,True,True,True
0.10884354998554752,False,False,False,"1,3/4",1/994,0.1885,False,False,False,"999/1000,749/1000",True,2.7755575615628914e-17,2,3,0.11424413316354375,False,False,False,1623/2000,False,1/2,0.1769387575452716,random_271,1/1000,box,"1,751/1000",0.001006036217303823,True,True,True
0.11149741566557193,False,False,False,"1,3/4",1/194,0.1925,False,False,False,"199/200,149/200",True,2.7755575615628914e-17,2,3,0.11668185961713765,False,False,False,323/400,False,1/2,0.176386383161512,random_271,1/200,box,"1,151/200",0.005154639175257732,True,True,True
0.11483649769318564,False,False,False,"1,3/4",1/94,0.1975,False,False,False,"99/100,37/50",True,4.336808689942018e-19,2,3,0.11974405850091407,False,False,False,321/400,False,1/2,0.17575797872340426,random_271,1/100,box,"1,19/25",0.010638297872340425,True,False,True
0.12158765991014231,False,False,False,"1,3/4",1/44,0.2075,False,False,False,"49/50,73/100",True,2.7755575615628914e-17,2,3,0.12591911764705882,False,False,False,317/400,False,1/2,0.17473484848484847,random_271,1/50,box,"1,77/100",0.022727272727272728,True,False,True
0.1424343898869133,False,False,False,"1,3/4",1/14,0.2375,False,False,False,"19/20,7/10",True,6.938893903907228e-18,2,3,0.14485981308411214,False,False,False,61/80,False,1/2,0.17425595238095237,random_271,1/20,box,"1,4/5",0.07142857142857142,True,False,False
0.17921534135059042,False,False,False,"1,3/4",37/208,0.2875,False,False,False,"9/10,13/20",True,2.7755575615628914e-17,2,3,0.1778846153846154,False,False,False,57/80,False,1/2,0.17812499999999998,random_271,1/10,box,"1,17/20",0.1778846153846154,False,False,False
0.3017241379310345,False,False,False,"0,3/4",5/28,0.4375,False,False,False,"0,3/4",True,2.7755575615628914e-17,2,3,0.25,False,False,False,9/16,True,1/2,0.12723214285714288,random_811,0,box,"0,3/4",0.17857142857142858,False,False,False
0.3025807341981783,False,False,False,"0,3/4",1255/6994,0.4385,False,False,False,"-1/1000,749/1000",True,0.0,2,3,0.25083388925950634,False,False,False,1123/2000,True,1/2,0.12699747998284244,random_811,1/1000,box,"1/1000,751/1000",0.17943951958821847,False,False,False
0.30601659751037347,False,False,False,"0,3/4",15/82,0.4425,False,False,False,"-1/200,149/200",True,0.0,2,3,0.25418060200668896,False,False,False,223/400,True,1/2,0.1260594512195122,random_811,1/200,box,"1/200,151/200",0.18292682926829268,False,False,False
0.31033287101248264,False,False,False,"0,3/4",65/347,0.4475,False,False,False,"-1/100,37/50",True,1.3877787807814457e-17,2,3,0.25838926174496646,False,False,False,221/400,True,1/2,0.12488832853025936,random_811,1/100,box,"1/100,19/25",0.1873198847262248,False,False,False
0.3190376569037657,False,False,False,"0,3/4",135/688,0.4575,False,False,False,"-1/50,73/100",True,1.3877787807814457e-17,2,3,0.2668918918918919,False,False,False,217/400,True,1/2,0.12255087209302325,random_811,1/50,box,"1/50,77/100",0.19622093023255813,False,False,False
0.34574468085106386,False,False,False,"0,3/4",15/67,0.4875,False,False,False,"-1/20,7/10",True,1.3877787807814457e-17,2,3,0.29310344827586204,False,False,False,41/80,True,1/2,0.1155783582089552,random_811,1/20,box,"1/20,4/5",0.22388059701492538,False,False,False
0.39233576642335766,False,False,False,"0,3/4",35/128,0.5375,False,False,False,"-1/10,13/20",True,0.0,2,3,0.3392857142857143,False,False,False,37/80,True,1/2,0.1041015625,random_811,1/10,box,"1/10,17/20",0.2734375,False,False,False
0.15138781886599734,False,False,False,"0,1",0,0.25,False,False,False,"0,1",False,0.0,2,3,0.1,True,False,False,3/4,False,1/2,0.16666666666666666,random_1619,0,box,"0,1",0.0,True,True,True
0.15211098095628597,False,False,False,"0,1",5/7994,0.251,False,False,False,"-1/1000,999/1000",True,2.7755575615628914e-17,2,3,0.10066039623774264,False,False,False,749/1000,False,1/2,0.16643750000000002,random_1619,1/1000,box,"1/1000,1",0.0006254691018263697,True,True,True
0.1550138887817232,False,False,False,"0,1",5/1594,0.255,False,False,False,"-1/200,199/200",True,9.75781955236954e-19,2,3,0.10330992978936811,False,False,False,149/200,False,1/2,0.16552083333333334,random_1619,1/200,box,"1/200,1",0.003136762860727729,True,True,True
0.15866567754643884,False,False,False,"0,1",5/794,0.26,False,False,False,"-1/100,99/100",True,2.168404344971009e-18,2,3,0.10663983903420524,False,False,False,37/50,False,1/2,0.164375,random_1619,1/100,box,"1/100,1",0.006297229219143577,True,True,True
0.16604687377391145,False,False,False,"0,1",5/394,0.27,False,False,False,"-1/50,49/50",True,2.7755575615628914e-17,2,3,0.11336032388663968,False,False,False,73/100,False,1/2,0.16208333333333336,random_1619,1/50,box,"1/50,1",0.012690355329949238,True,False,True
0.18881944173155887,False,False,False,"0,1",5/154,0.3,False,False,False,"-1/20,19/20",True,1.214306433183765e-17,2,3,0.13402061855670103,False,False,False,7/10,False,1/2,0.15520833333333334,random_1619,1/20,box,"1/20,1",0.032467532467532464,True,False,True
0.2289197915623473,False,False,False,"0,1",5/74,0.35,False,False,False,"-1/10,9/10",True,2.7755575615628914e-17,2,3,0.1702127659574468,False,False,False,13/20,False,1/2,0.14375000000000002,random_1619,1/10,box,"1/10,1",0.06756756756756757,True,False,False
1.0,False,False,False,"0,0",1,1.0,False,False,False,"0,0",True,0.0,1,3,1.0,False,False,False,0,True,9/10,,constant_0,0,box,"0,0",1.0,False,False,False
1.0,False,False,False,"0,0",1,1.0,False,False,False,"-1/1000,-1/1000",True,5.5077470362263625e-17,1,3,1.0,False,False,False,-1/1000,True,9/10,,constant_0,1/1000,box,"1/1000,1/1000",1.0,False,False,False
1.0,False,False,False,"0,0",1,1.0,False,False,False,"-1/200,-1/200",True,5.334274688628682e-17,1,3,1.0,False,False,False,-1/200,True,9/10,,constant_0,1/200,box,"1/200,1/200",1.0,False,False,False
1.0,False,False,False,"0,0",1,1.0,False,False,False,"-1/100,-1/100",True,5.117434254131581e-17,1,3,1.0,False,False,False,-1/100,True,9/10,,constant_0,1/100,box,"1/100,1/100",1.0,False,False,False
1.0,False,False,False,"0,0",1,1.0,False,False,False,"-1/50,-1/50",True,8.673617379884035e-18,1,3,1.0,False,False,False,-1/50,True,9/10,,constant_0,1/50,box,"1/50,1/50",1.0,False,False,False
1.0,False,False,False,"0,0",1,1.0,False,False,False,"-1/20,-1/20",True,2.0816681711721685e-17,1,3,1.0,False,False,False,-1/20,True,9/10,,constant_0,1/20,box,"1/20,1/20",1.0,False,False,False
1.0,False,False,False,"0,0",1,1.0,False,False,False,"-1/10,-1/10",True,4.163336342344337e-17,1,3,1.0,False,False,False,-1/10,True,9/10,,constant_0,1/10,box,"1/10,1/10",1.0,False,False,False
0.8207547169811321,False,False,False,"1/10,1/10",9/11,0.9,False,False,False,"1/10,1/10",True,2.7755575615628914e-17,2,3,0.8181818181818182,False,False,False,1/10,True,9/10,0.024999999999999994,constant_1/10,0,box,"1/10,1/10",0.8181818181818182,False,False,False
0.8223907843384112,False,False,False,"1/10,1/10",901/1099,0.901,False,False,False,"99/1000,99/1000",True,6.938893903907228e-18,2,3,0.8198362147406734,False,False,False,99/1000,True,9/10,0.024749999999999994,constant_1/10,1/1000,box,"101/1000,101/1000",0.8198362147406734,False,False,False
0.8289639924194567,False,False,False,"1/10,1/10",181/219,0.905,False,False,False,"19/200,19/200",True,3.469446951953614e-17,2,3,0.8264840182648402,False,False,False,19/200,True,9/10,0.023749999999999966,constant_1/10,1/200,box,"21/200,21/200",0.8264840182648402,False,False,False
0.837246192893401,False,False,False,"1/10,1/10",91/109,0.91,False,False,False,"9/100,9/100",True,2.7755575615628914e-17,2,3,0.8348623853211009,False,False,False,9/100,True,9/10,0.02250000000000002,constant_1/10,1/100,box,"11/100,11/100",0.8348623853211009,False,False,False
0.8540332906530089,False,False,False,"1/10,1/10",23/27,0.92,False,False,False,"2/25,2/25",True,1.0408340855860843e-17,2,3,0.8518518518518519,False,False,False,2/25,True,9/10,0.01999999999999999,constant_1/10,1/50,box,"3/25,3/25",0.8518518518518519,False,False,False
0.90625,False,False,False,"1/10,1/10",19/21,0.95,False,False,False,"1/20,1/20",True,1.0408340855860843e-17,2,3,0.9047619047619048,False,False,False,1/20,True,9/10,0.012500000000000011,constant_1/10,1/20,box,"3/20,3/20",0.9047619047619048,False,False,False
1.0,False,False,False,"1/10,1/10",1,1.0,False,False,False,"0,0",True,0.0,1,3,1.0,False,False,False,0,True,9/10,,constant_1/10,1/10,box,"1/5,1/5",1.0,False,False,False
0.3372093023255814,False,False,False,"1/2,1/2",1/3,0.5,False,False,False,"1/2,1/2",True,1.3877787807814457e-17,2,3,0.3333333333333333,False,False,False,1/2,True,9/10,0.125,constant_1/2,0,box,"1/2,1/2",0.3333333333333333,False,False,False
0.3381038815973192,False,False,False,"1/2,1/2",501/1499,0.501,False,False,False,"499/1000,499/1000",True,1.3877787807814457e-17,2,3,0.3342228152101401,False,False,False,499/1000,True,9/10,0.12475000000000001,constant_1/2,1/1000,box,"501/1000,501/1000",0.3342228152101401,False,False,False
0.34169388707419507,False,False,False,"1/2,1/2",101/299,0.505,False,False,False,"99/200,99/200",True,0.0,2,3,0.3377926421404682,False,False,False,99/200,True,9/10,0.12375,constant_1/2,1/200,box,"101/200,101/200",0.3377926421404682,False,False,False
0.34620786516853935,False,False,False,"1/2,1/2",51/149,0.51,False,False,False,"49/100,49/100",True,0.0,2,3,0.3422818791946309,False,False,False,49/100,True,9/10,0.1225,constant_1/2,1/100,box,"51/100,51/100",0.3422818791946309,False,False,False
0.35532516493873706,False,False,False,"1/2,1/2",13/37,0.52,False,False,False,"12/25,12/25",True,0.0,2,3,0.35135135135135137,False,False,False,12/25,True,9/10,0.12,constant_1/2,1/50,box,"13/25,13/25",0.35135135135135137,False,False,False
0.38341346153846156,False,False,False,"1/2,1/2",11/29,0.55,False,False,False,"9/20,9/20",True,1.3877787807814457e-17,2,3,0.3793103448275862,False,False,False,9/20,True,9/10,0.11249999999999999,constant_1/2,1/20,box,"11/20,11/20",0.3793103448275862,False,False,False
0.43283582089552236,False,False,False,"1/2,1/2",3/7,0.6,False,False,False,"2/5,2/5",True,1.3877787807814457e-17,2,3,0.42857142857142855,False,False,False,2/5,True,9/10,0.1,constant_1/2,1/10,box,"3/5,3/5",0.42857142857142855,False,False,False
0.05350553505535055,True,False,False,"9/10,9/10",1/19,0.1,True,False,False,"9/10,9/10",True,6.938893903907228e-18,2,3,0.05263157894736842,True,False,False,9/10,True,9/10,0.225,constant_9/10,0,box,"9/10,9/10",0.05263157894736842,True,False,False
0.05406852248394004,True,False,False,"9/10,9/10",101/1899,0.101,False,False,False,"899/1000,899/1000",True,6.938893903907228e-18,2,3,0.05318588730911006,True,False,False,899/1000,True,9/10,0.22475,constant_9/10,1/1000,box,"901/1000,901/1000",0.05318588730911006,True,False,False
0.05632630410654828,True,False,False,"9/10,9/10",21/379,0.105,False,False,False,"179/200,179/200",True,5.204170427930421e-18,2,3,0.055408970976253295,True,False,False,179/200,True,9/10,0.22375,constant_9/10,1/200,box,"181/200,181/200",0.055408970976253295,True,False,False
0.05916172106824926,True,False,False,"9/10,9/10",11/189,0.11,False,False,False,"89/100,89/100",True,2.7755575615628914e-17,2,3,0.0582010582010582,True,False,False,89/100,True,9/10,0.22249999999999998,constant_9/10,1/100,box,"91/100,91/100",0.0582010582010582,True,False,False
0.06487695749440715,True,False,False,"9/10,9/10",3/47,0.12,False,False,False,"22/25,22/25",True,3.469446951953614e-18,2,3,0.06382978723404255,True,False,False,22/25,True,9/10,0.22,constant_9/10,1/50,box,"23/25,23/25",0.06382978723404255,True,False,False
0.08238636363636363,True,False,False,"9/10,9/10",3/37,0.15,False,False,False,"17/20,17/20",True,6.938893903907228e-18,2,3,0.08108108108108109,True,False,False,17/20,True,9/10,0.2125,constant_9/10,1/20,box,"19/20,19/20",0.08108108108108109,True,False,False
0.11284046692607004,False,False,False,"9/10,9/10",1/9,0.2,False,False,False,"4/5,4/5",True,1.0408340855860843e-17,2,3,0.1111111111111111,False,False,False,4/5,True,9/10,0.2,constant_9/10,1/10,box,"1,1",0.1111111111111111,False,False,False
0.0,True,True,True,"1,1",0,0.0,True,True,True,"1,1",False,0.0,2,3,0.0,True,True,True,1,False,9/10,0.25,constant_1,0,box,"1,1",0.0,True,True,True
0.0005003751875233789,True,True,True,"1,1",1/1999,0.001,True,True,True,"999/1000,999/1000",True,2.7755575615628914e-17,2,3,0.0005002501250625312,True,True,True,999/1000,False,9/10,0.24975000000000003,constant_1,1/1000,box,"1,1",0.0005002501250625312,True,True,True
0.0025093984519644614,True,True,True,"1,1",1/399,0.005,True,True,True,"199/200,199/200",True,2.7755575615628914e-17,2,3,0.002506265664160401,True,True,True,199/200,False,9/10,0.24874999999999997,constant_1,1/200,box,"1,1",0.002506265664160401,True,True,True
0.005037687728459861,True,True,True,"1,1",1/199,0.01,True,True,True,"99/100,99/100",True,2.168404344971009e-18,2,3,0.005025125628140704,True,True,True,99/100,False,9/10,0.2475,constant_1,1/100,box,"1,1",0.005025125628140704,True,True,True
0.010151503558925067,True,False,True,"1,1",1/99,0.02,True,False,True,"49/50,49/50",True,4.7704895589362195e-18,2,3,0.010101010101010102,True,False,True,49/50,False,9/10,0.245,constant_1,1/50,box,"1,1",0.010101010101010102,True,False,True
0.025961064797156753,True,False,True,"1,1",1/39,0.05,True,False,True,"19/20,19/20",True,1.0408340855860843e-17,2,3,0.02564102564102564,True,False,True,19/20,False,9/10,0.2375,constant_1,1/20,box,"1,1",0.02564102564102564,True,False,True
0.05350553505535055,True,False,False,"1,1",1/19,0.1,True,False,False,"9/10,9/10",True,6.938893903907228e-18,2,3,0.05263157894736842,True,False,False,9/10,False,9/10,0.225,constant_1,1/10,box,"1,1",0.05263157894736842,True,False,False
0.025961064797156753,True,False,True,"0,1",0,0.05,True,False,True,"0,1",False,0.0,2,3,0.017241379310344827,True,False,True,19/20,False,9/10,0.23333333333333334,ascending,0,box,"0,1",0.0,True,True,True
0.02650038441817131,True,False,True,"0,1",1/1930,0.051,True,False,False,"-1/1000,999/1000",True,2.7755575615628914e-17,2,3,0.017767810936691393,True,False,True,949/1000,False,9/10,0.23308749999999998,ascending,1/1000,box,"1/1000,1",0.0005181347150259067,True,True,True
0.028665753736876586,True,False,True,"0,1",29/11170,0.055,True,False,False,"-1/200,199/200",True,9.75781955236954e-19,2,3,0.019878997407087293,True,False,True,189/200,False,9/10,0.23210416666666667,ascending,1/200,box,"1/200,1",0.0025962399283795882,True,True,True
0.03139075556647131,True,False,True,"0,1",29/5570,0.06,True,False,False,"-1/100,99/100",True,2.3852447794681098e-18,2,3,0.022530329289428077,True,False,True,47/50,False,9/10,0.230875,ascending,1/100,box,"1/100,1",0.0052064631956912025,True,True,True
0.03688226744186047,True,False,True,"0,1",29/2770,0.07,True,False,False,"-1/50,49/50",True,4.336808689942018e-18,2,3,0.027874564459930314,True,False,True,93/100,False,9/10,0.22841666666666666,ascending,1/50,box,"1/50,1",0.010469314079422382,True,False,True
0.05350553505535055,True,False,False,"0,1",29/1090,0.1,True,False,False,"-1/20,19/20",True,9.540979117872439e-18,2,3,0.04424778761061947,True,False,True,9/10,False,9/10,0.22104166666666666,ascending,1/20,box,"1/20,1",0.026605504587155965,True,False,True
0.08238636363636363,True,False,False,"0,1",29/530,0.15,False,False,False,"-1/10,9/10",True,2.7755575615628914e-17,2,3,0.07272727272727272,True,False,False,17/20,False,9/10,0.20875000000000002,ascending,1/10,box,"1/10,1",0.05471698113207547,True,False,False
0.90625,False,False,False,"1,0",29/32,0.95,False,False,False,"1,0",False,1.0408340855860843e-17,2,3,0.90625,False,False,False,1/20,False,9/10,0.012500000000000011,descending,0,box,"1,0",0.90625,False,False,False
0.9080403002765706,False,False,False,"1,0",2903/3197,0.951,False,False,False,"999/1000,-1/1000",True,5.551115123125783e-17,2,3,0.9080387863622146,False,False,False,49/1000,False,9/10,0.012250000000000039,descending,1/1000,box,"1,1/1000",0.9080387863622146,False,False,False
0.9152346331791144,False,False,False,"1,0",583/637,0.955,False,False,False,"199/200,-1/200",True,3.8163916471489756e-17,2,3,0.9152276295133438,False,False,False,9/200,False,9/10,0.011250000000000038,descending,1/200,box,"1,1/200",0.9152276295133438,False,False,False
0.9243027888446215,False,False,False,"1,0",293/317,0.96,False,False,False,"99/100,-1/100",True,2.7755575615628914e-17,2,3,0.9242902208201893,False,False,False,1/25,False,9/10,0.010000000000000009,descending,1/100,box,"1,1/100",0.9242902208201893,False,False,False
0.9426943699731903,False,False,False,"1,0",148/157,0.97,False,False,False,"49/50,-1/50",True,6.938893903907228e-18,2,3,0.9426751592356688,False,False,False,3/100,False,9/10,0.007500000000000007,descending,1/50,box,"1,1/50",0.9426751592356688,False,False,False
1.0,False,False,False,"1,0",1,1.0,False,False,False,"19/20,-1/20",True,0.0,1,3,1.0,False,False,False,0,False,9/10,,descending,1/20,box,"1,1/20",1.0,False,False,False
1.0,False,False,False,"1,0",1,1.0,False,False,False,"9/10,-1/10",True,7.632783294297951e-17,1,3,1.0,False,False,False,-1/20,False,9/10,,descending,1/10,box,"1,1/10",1.0,False,False,False
0.025961064797156753,True,False,True,"0,1",0,0.05,True,False,True,"0,1",False,0.0,2,3,0.017241379310344827,True,False,True,19/20,False,9/10,0.23333333333333334,alternating,0,box,"0,1",0.0,True,True,True
0.02650038441817131,True,False,True,"0,1",1/1930,0.051,True,False,False,"-1/1000,999/1000",True,2.7755575615628914e-17,2,3,0.017767810936691393,True,False,True,949/1000,False,9/10,0.23308749999999998,alternating,1/1000,box,"1/1000,1",0.0005181347150259067,True,True,True
0.028665753736876586,True,False,True,"0,1",29/11170,0.055,True,False,False,"-1/200,199/200",True,9.75781955236954e-19,2,3,0.019878997407087293,True,False,True,189/200,False,9/10,0.23210416666666667,alternating,1/200,box,"1/200,1",0.0025962399283795882,True,True,True
0.03139075556647131,True,False,True,"0,1",29/5570,0.06,True,False,False,"-1/100,99/100",True,2.3852447794681098e-18,2,3,0.022530329289428077,True,False,True,47/50,False,9/10,0.230875,alternating,1/100,box,"1/100,1",0.0052064631956912025,True,True,True
0.03688226744186047,True,False,True,"0,1",29/2770,0.07,True,False,False,"-1/50,49/50",True,4.336808689942018e-18,2,3,0.027874564459930314,True,False,True,93/100,False,9/10,0.22841666666666666,alternating,1/50,box,"1/50,1",0.010469314079422382,True,False,True
0.05350553505535055,True,False,False,"0,1",29/1090,0.1,True,False,False,"-1/20,19/20",True,9.540979117872439e-18,2,3,0.04424778761061947,True,False,True,9/10,False,9/10,0.22104166666666666,alternating,1/20,box,"1/20,1",0.026605504587155965,True,False,True
0.08238636363636363,True,False,False,"0,1",29/530,0.15,False,False,False,"-1/10,9/10",True,2.7755575615628914e-17,2,3,0.07272727272727272,True,False,False,17/20,False,9/10,0.20875000000000002,alternating,1/10,box,"1/10,1",0.05471698113207547,True,False,False
0.13679245283018868,False,False,False,"1,3/4",29/212,0.2375,False,False,False,"1,3/4",False,0.0,2,3,0.13679245283018868,False,False,False,61/80,False,9/10,0.190625,random_271,0,box,"1,3/4",0.13679245283018868,False,False,False
0.13744485513294386,False,False,False,"1,3/4",728/5297,0.2385,False,False,False,"999/1000,749/1000",True,2.7755575615628914e-17,2,3,0.13743628468944685,False,False,False,1523/2000,False,9/10,0.19037500000000002,random_271,1/1000,box,"1,751/1000",0.13743628468944685,False,False,False
0.14006174068910576,False,False,False,"1,3/4",148/1057,0.2425,False,False,False,"199/200,149/200",True,2.7755575615628914e-17,2,3,0.1400189214758751,False,False,False,303/400,False,9/10,0.18937500000000002,random_271,1/200,box,"1,151/200",0.1400189214758751,False,False,False
0.14334931096464948,False,False,False,"1,3/4",151/1054,0.2475,False,False,False,"99/100,37/50",True,5.551115123125783e-17,2,3,0.1432637571157495,False,False,False,301/400,False,9/10,0.18812500000000004,random_271,1/100,box,"1,19/25",0.1432637571157495,False,False,False
0.149979915645712,False,False,False,"1,3/4",157/1048,0.2575,False,False,False,"49/50,73/100",True,2.7755575615628914e-17,2,3,0.14980916030534353,False,False,False,297/400,False,9/10,0.18562499999999998,random_271,1/50,box,"1,77/100",0.14980916030534353,False,False,False
0.17032686414708886,False,False,False,"1,3/4",35/206,0.2875,False,False,False,"19/20,7/10",True,2.7755575615628914e-17,2,3,0.16990291262135923,False,False,False,57/80,False,9/10,0.17812499999999998,random_271,1/20,box,"1,4/5",0.16990291262135923,False,False,False
0.2058359621451104,False,False,False,"1,3/4",41/200,0.3375,False,False,False,"9/10,13/20",True,2.7755575615628914e-17,2,3,0.205,False,False,False,53/80,False,9/10,0.16562500000000002,random_271,1/10,box,"1,17/20",0.205,False,False,False
0.17032686414708886,False,False,False,"0,3/4",29/196,0.2875,False,False,False,"0,3/4",True,6.938893903907228e-18,2,3,0.16176470588235295,False,False,False,57/80,True,9/10,0.17519132653061226,random_811,0,box,"0,3/4",0.14795918367346939,False,False,False
0.17101712930787785,False,False,False,"0,3/4",7279/48970,0.2885,False,False,False,"-1/1000,749/1000",True,6.938893903907228e-18,2,3,0.16244849911712772,False,False,False,1423/2000,True,9/10,0.174942850214417,random_811,1/1000,box,"1/1000,751/1000",0.1486420257300388,False,False,False
0.1737861094038107,False,False,False,"0,3/4",1479/9770,0.2925,False,False,False,"-1/200,149/200",True,0.0,2,3,0.16519174041297935,False,False,False,283/400,True,9/10,0.17394901484135109,random_811,1/200,box,"1/200,151/200",0.15138178096212895,False,False,False
0.17726525580439695,False,False,False,"0,3/4",377/2435,0.2975,False,False,False,"-1/100,37/50",True,0.0,2,3,0.16863905325443787,False,False,False,281/400,True,9/10,0.17270687885010266,random_811,1/100,box,"1/100,19/25",0.15482546201232034,False,False,False
0.18428394296342218,False,False,False,"0,3/4",783/4840,0.3075,False,False,False,"-1/50,73/100",True,0.0,2,3,0.17559523809523808,False,False,False,277/400,True,9/10,0.17022314049586776,random_811,1/50,box,"1/50,77/100",0.16177685950413223,False,False,False
0.2058359621451104,False,False,False,"0,3/4",87/475,0.3375,False,False,False,"-1/20,7/10",True,2.7755575615628914e-17,2,3,0.19696969696969696,False,False,False,53/80,True,9/10,0.16277631578947366,random_811,1/20,box,"1/20,4/5",0.1831578947368421,False,False,False
0.2434994582881907,False,False,False,"0,3/4",203/920,0.3875,False,False,False,"-1/10,13/20",True,2.7755575615628914e-17,2,3,0.234375,False,False,False,49/80,True,9/10,0.15038043478260868,random_811,1/10,box,"1/10,17/20",0.22065217391304348,False,False,False
0.025961064797156753,True,False,True,"0,1",0,0.05,True,False,True,"0,1",False,0.0,2,3,0.017241379310344827,True,False,True,19/20,False,9/10,0.23333333333333334,random_1619,0,box,"0,1",0.0,True,True,True
0.02650038441817131,True,False,True,"0,1",1/1930,0.051,True,False,False,"-1/1000,999/1000",True,2.7755575615628914e-17,2,3,0.017767810936691393,True,False,True,949/1000,False,9/10,0.23308749999999998,random_1619,1/1000,box,"1/1000,1",0.0005181347150259067,True,True,True
0.028665753736876586,True,False,True,"0,1",29/11170,0.055,True,False,False,"-1/200,199/200",True,9.75781955236954e-19,2,3,0.019878997407087293,True,False,True,189/200,False,9/10,0.23210416666666667,random_1619,1/200,box,"1/200,1",0.0025962399283795882,True,True,True
0.03139075556647131,True,False,True,"0,1",29/5570,0.06,True,False,False,"-1/100,99/100",True,2.3852447794681098e-18,2,3,0.022530329289428077,True,False,True,47/50,False,9/10,0.230875,random_1619,1/100,box,"1/100,1",0.0052064631956912025,True,True,True
0.03688226744186047,True,False,True,"0,1",29/2770,0.07,True,False,False,"-1/50,49/50",True,4.336808689942018e-18,2,3,0.027874564459930314,True,False,True,93/100,False,9/10,0.22841666666666666,random_1619,1/50,box,"1/50,1",0.010469314079422382,True,False,True
0.05350553505535055,True,False,False,"0,1",29/1090,0.1,True,False,False,"-1/20,19/20",True,9.540979117872439e-18,2,3,0.04424778761061947,True,False,True,9/10,False,9/10,0.22104166666666666,random_1619,1/20,box,"1/20,1",0.026605504587155965,True,False,True
0.08238636363636363,True,False,False,"0,1",29/530,0.15,False,False,False,"-1/10,9/10",True,2.7755575615628914e-17,2,3,0.07272727272727272,True,False,False,17/20,False,9/10,0.20875000000000002,random_1619,1/10,box,"1/10,1",0.05471698113207547,True,False,False
1.0,False,False,False,"0,0,0",1,1.0,False,False,False,"0,0,0",True,0.0,1,4,1.0,False,False,False,0,True,1/10,,constant_0,0,box,"0,0,0",1.0,False,False,False
1.0,False,False,False,"0,0,0",1,1.0,False,False,False,"-1/1000,-1/1000,-1/1000",True,5.5077470362263625e-17,1,4,1.0,False,False,False,-1/1000,True,1/10,,constant_0,1/1000,box,"1/1000,1/1000,1/1000",1.0,False,False,False
1.0,False,False,False,"0,0,0",1,1.0,False,False,False,"-1/200,-1/200,-1/200",True,5.334274688628682e-17,1,4,1.0,False,False,False,-1/200,True,1/10,,constant_0,1/200,box,"1/200,1/200,1/200",1.0,False,False,False
1.0,False,False,False,"0,0,0",1,1.0,False,False,False,"-1/100,-1/100,-1/100",True,4.336808689942018e-18,1,4,1.0,False,False,False,-1/100,True,1/10,,constant_0,1/100,box,"1/100,1/100,1/100",1.0,False,False,False
1.0,False,False,False,"0,0,0",1,1.0,False,False,False,"-1/50,-1/50,-1/50",True,8.673617379884035e-18,1,4,1.0,False,False,False,-1/50,True,1/10,,constant_0,1/50,box,"1/50,1/50,1/50",1.0,False,False,False
1.0,False,False,False,"0,0,0",1,1.0,False,False,False,"-1/20,-1/20,-1/20",True,2.0816681711721685e-17,1,4,1.0,False,False,False,-1/20,True,1/10,,constant_0,1/20,box,"1/20,1/20,1/20",1.0,False,False,False
1.0,False,False,False,"0,0,0",1,1.0,False,False,False,"-1/10,-1/10,-1/10",True,1.3877787807814457e-17,1,4,1.0,False,False,False,-1/10,True,1/10,,constant_0,1/10,box,"1/10,1/10,1/10",1.0,False,False,False
0.8528359333012739,False,False,False,"1/10,1/10,1/10",9/11,0.9,False,False,False,"1/10,1/10,1/10",True,3.469446951953614e-17,2,4,0.8181818181818182,False,False,False,1/10,True,1/10,0.024999999999999967,constant_1/10,0,box,"1/10,1/10,1/10",0.8181818181818182,False,False,False
0.8542508232239211,False,False,False,"1/10,1/10,1/10",901/1099,0.901,False,False,False,"99/1000,99/1000,99/1000",True,6.938893903907228e-18,2,4,0.8198362147406734,False,False,False,99/1000,True,1/10,0.024749999999999994,constant_1/10,1/1000,box,"101/1000,101/1000,101/1000",0.8198362147406734,False,False,False
0.8599218881697386,False,False,False,"1/10,1/10,1/10",181/219,0.905,False,False,False,"19/200,19/200,19/200",True,3.469446951953614e-17,2,4,0.8264840182648402,False,False,False,19/200,True,1/10,0.023749999999999966,constant_1/10,1/200,box,"21/200,21/200,21/200",0.8264840182648402,False,False,False
0.8670366005777199,False,False,False,"1/10,1/10,1/10",91/109,0.91,False,False,False,"9/100,9/100,9/100",True,2.0816681711721685e-17,2,4,0.8348623853211009,False,False,False,9/100,True,1/10,0.02250000000000002,constant_1/10,1/100,box,"11/100,11/100,11/100",0.8348623853211009,False,False,False
0.8813522550352103,False,False,False,"1/10,1/10,1/10",23/27,0.92,False,False,False,"2/25,2/25,2/25",True,1.0408340855860843e-17,2,4,0.8518518518518519,False,False,False,2/25,True,1/10,0.01999999999999999,constant_1/10,1/50,box,"3/25,3/25,3/25",0.8518518518518519,False,False,False
0.9249880152972147,False,False,False,"1/10,1/10,1/10",19/21,0.95,False,False,False,"1/20,1/20,1/20",True,1.0408340855860843e-17,2,4,0.9047619047619048,False,False,False,1/20,True,1/10,0.012500000000000011,constant_1/10,1/20,box,"3/20,3/20,3/20",0.9047619047619048,False,False,False
1.0,False,False,False,"1/10,1/10,1/10",1,1.0,False,False,False,"0,0,0",True,0.0,1,4,1.0,False,False,False,0,True,1/10,,constant_1/10,1/10,box,"1/5,1/5,1/5",1.0,False,False,False
0.37739115633356973,False,False,False,"1/2,1/2,1/2",1/3,0.5,False,False,False,"1/2,1/2,1/2",True,1.3877787807814457e-17,2,4,0.3333333333333333,False,False,False,1/2,True,1/10,0.12499999999999999,constant_1/2,0,box,"1/2,1/2,1/2",0.3333333333333333,False,False,False
0.37836465741039726,False,False,False,"1/2,1/2,1/2",501/1499,0.501,False,False,False,"499/1000,499/1000,499/1000",True,1.3877787807814457e-17,2,4,0.3342228152101401,False,False,False,499/1000,True,1/10,0.12475000000000001,constant_1/2,1/1000,box,"501/1000,501/1000,501/1000",0.3342228152101401,False,False,False
0.38226870723904327,False,False,False,"1/2,1/2,1/2",101/299,0.505,False,False,False,"99/200,99/200,99/200",True,1.3877787807814457e-17,2,4,0.3377926421404682,False,False,False,99/200,True,1/10,0.12374999999999999,constant_1/2,1/200,box,"101/200,101/200,101/200",0.3377926421404682,False,False,False
0.3871714248325081,False,False,False,"1/2,1/2,1/2",51/149,0.51,False,False,False,"49/100,49/100,49/100",True,0.0,2,4,0.3422818791946309,False,False,False,49/100,True,1/10,0.1225,constant_1/2,1/100,box,"51/100,51/100,51/100",0.3422818791946309,False,False,False
0.397052710022356,False,False,False,"1/2,1/2,1/2",13/37,0.52,False,False,False,"12/25,12/25,12/25",True,0.0,2,4,0.35135135135135137,False,False,False,12/25,True,1/10,0.12,constant_1/2,1/50,box,"13/25,13/25,13/25",0.35135135135135137,False,False,False
0.4273095342485171,False,False,False,"1/2,1/2,1/2",11/29,0.55,False,False,False,"9/20,9/20,9/20",True,1.3877787807814457e-17,2,4,0.3793103448275862,False,False,False,9/20,True,1/10,0.1125,constant_1/2,1/20,box,"11/20,11/20,11/20",0.3793103448275862,False,False,False
0.4798201254017053,False,False,False,"1/2,1/2,1/2",3/7,0.6,False,False,False,"2/5,2/5,2/5",True,0.0,2,4,0.42857142857142855,False,False,False,2/5,True,1/10,0.1,constant_1/2,1/10,box,"3/5,3/5,3/5",0.42857142857142855,False,False,False
0.05523431780746365,True,False,False,"9/10,9/10,9/10",1/19,0.1,True,False,False,"9/10,9/10,9/10",True,6.938893903907228e-18,2,4,0.05263157894736842,True,False,False,9/10,True,1/10,0.225,constant_9/10,0,box,"9/10,9/10,9/10",0.05263157894736842,True,False,False
0.05584172300717703,True,False,False,"9/10,9/10,9/10",101/1899,0.101,False,False,False,"899/1000,899/1000,899/1000",True,6.938893903907228e-18,2,4,0.05318588730911006,True,False,False,899/1000,True,1/10,0.22475,constant_9/10,1/1000,box,"901/1000,901/1000,901/1000",0.05318588730911006,True,False,False
0.05828265008756182,True,False,False,"9/10,9/10,9/10",21/379,0.105,False,False,False,"179/200,179/200,179/200",True,5.204170427930421e-18,2,4,0.055408970976253295,True,False,False,179/200,True,1/10,0.22375,constant_9/10,1/200,box,"181/200,181/200,181/200",0.055408970976253295,True,False,False
0.06135932172194372,True,False,False,"9/10,9/10,9/10",11/189,0.11,False,False,False,"89/100,89/100,89/100",True,2.7755575615628914e-17,2,4,0.0582010582010582,True,False,False,89/100,True,1/10,0.22249999999999998,constant_9/10,1/100,box,"91/100,91/100,91/100",0.0582010582010582,True,False,False
0.06759815745038213,True,False,False,"9/10,9/10,9/10",3/47,0.12,False,False,False,"22/25,22/25,22/25",True,2.7755575615628914e-17,2,4,0.06382978723404255,True,False,False,22/25,True,1/10,0.21999999999999997,constant_9/10,1/50,box,"23/25,23/25,23/25",0.06382978723404255,True,False,False
0.08700632240255766,True,False,False,"9/10,9/10,9/10",3/37,0.15,False,False,False,"17/20,17/20,17/20",True,2.7755575615628914e-17,2,4,0.08108108108108109,True,False,False,17/20,True,1/10,0.21250000000000002,constant_9/10,1/20,box,"19/20,19/20,19/20",0.08108108108108109,True,False,False
0.12169905660283019,False,False,False,"9/10,9/10,9/10",1/9,0.2,False,False,False,"4/5,4/5,4/5",True,1.0408340855860843e-17,2,4,0.1111111111111111,False,False,False,4/5,True,1/10,0.2,constant_9/10,1/10,box,"1,1,1",0.1111111111111111,False,False,False
